scenario	dmel_cre_id	n_species	n_changed	percent_stable
ov025_dist12000	DMEL_CRE_00001	39	0	100.0
ov025_dist12000	DMEL_CRE_00002	39	0	100.0
ov025_dist12000	DMEL_CRE_00003	39	1	97.43589743589743
ov025_dist12000	DMEL_CRE_00004	39	0	100.0
ov025_dist12000	DMEL_CRE_00005	39	3	92.3076923076923
ov025_dist12000	DMEL_CRE_00006	39	4	89.74358974358975
ov025_dist12000	DMEL_CRE_00007	39	3	92.3076923076923
ov025_dist12000	DMEL_CRE_00008	39	0	100.0
ov025_dist12000	DMEL_CRE_00009	39	0	100.0
ov025_dist12000	DMEL_CRE_00010	39	0	100.0
ov025_dist12000	DMEL_CRE_00011	39	1	97.43589743589743
ov025_dist12000	DMEL_CRE_00012	39	1	97.43589743589743
ov025_dist12000	DMEL_CRE_00013	39	1	97.43589743589743
ov025_dist12000	DMEL_CRE_00014	39	1	97.43589743589743
ov025_dist12000	DMEL_CRE_00015	39	0	100.0
ov025_dist12000	DMEL_CRE_00016	39	0	100.0
ov025_dist12000	DMEL_CRE_00017	39	0	100.0
ov025_dist12000	DMEL_CRE_00018	39	0	100.0
ov025_dist12000	DMEL_CRE_00019	39	0	100.0
ov025_dist12000	DMEL_CRE_00020	39	0	100.0
ov025_dist12000	DMEL_CRE_00021	39	0	100.0
ov025_dist12000	DMEL_CRE_00022	39	0	100.0
ov025_dist12000	DMEL_CRE_00023	39	0	100.0
ov025_dist12000	DMEL_CRE_00024	39	1	97.43589743589743
ov025_dist12000	DMEL_CRE_00025	39	0	100.0
ov025_dist12000	DMEL_CRE_00026	39	4	89.74358974358975
ov025_dist12000	DMEL_CRE_00027	39	0	100.0
ov025_dist12000	DMEL_CRE_00028	39	0	100.0
ov025_dist12000	DMEL_CRE_00029	39	0	100.0
ov025_dist12000	DMEL_CRE_00030	39	0	100.0
ov025_dist12000	DMEL_CRE_00031	39	1	97.43589743589743
ov025_dist12000	DMEL_CRE_00032	39	0	100.0
ov025_dist12000	DMEL_CRE_00033	39	0	100.0
ov025_dist12000	DMEL_CRE_00034	39	0	100.0
ov025_dist12000	DMEL_CRE_00035	39	3	92.3076923076923
ov025_dist12000	DMEL_CRE_00036	39	0	100.0
ov025_dist12000	DMEL_CRE_00037	39	0	100.0
ov025_dist12000	DMEL_CRE_00038	39	1	97.43589743589743
ov025_dist12000	DMEL_CRE_00039	39	0	100.0
ov025_dist12000	DMEL_CRE_00040	39	0	100.0
ov025_dist12000	DMEL_CRE_00041	39	0	100.0
ov025_dist12000	DMEL_CRE_00042	39	1	97.43589743589743
ov025_dist12000	DMEL_CRE_00043	39	0	100.0
ov025_dist12000	DMEL_CRE_00044	39	3	92.3076923076923
ov025_dist12000	DMEL_CRE_00045	39	0	100.0
ov025_dist12000	DMEL_CRE_00046	39	1	97.43589743589743
ov025_dist12000	DMEL_CRE_00047	39	0	100.0
ov025_dist12000	DMEL_CRE_00048	39	0	100.0
ov025_dist12000	DMEL_CRE_00049	39	0	100.0
ov025_dist12000	DMEL_CRE_00050	39	0	100.0
ov025_dist12000	DMEL_CRE_00051	39	3	92.3076923076923
ov025_dist12000	DMEL_CRE_00052	39	4	89.74358974358975
ov025_dist12000	DMEL_CRE_00053	39	1	97.43589743589743
ov025_dist12000	DMEL_CRE_00054	39	1	97.43589743589743
ov025_dist12000	DMEL_CRE_00055	39	2	94.87179487179486
ov025_dist12000	DMEL_CRE_00056	39	1	97.43589743589743
ov025_dist12000	DMEL_CRE_00057	39	0	100.0
ov025_dist12000	DMEL_CRE_00058	39	0	100.0
ov025_dist12000	DMEL_CRE_00059	39	0	100.0
ov025_dist12000	DMEL_CRE_00060	39	0	100.0
ov025_dist12000	DMEL_CRE_00061	39	2	94.87179487179486
ov025_dist12000	DMEL_CRE_00062	39	1	97.43589743589743
ov025_dist12000	DMEL_CRE_00063	39	0	100.0
ov025_dist12000	DMEL_CRE_00064	39	0	100.0
ov025_dist12000	DMEL_CRE_00065	39	3	92.3076923076923
ov025_dist12000	DMEL_CRE_00066	39	0	100.0
ov025_dist12000	DMEL_CRE_00067	39	0	100.0
ov025_dist12000	DMEL_CRE_00068	39	0	100.0
ov025_dist12000	DMEL_CRE_00069	39	0	100.0
ov025_dist12000	DMEL_CRE_00070	39	0	100.0
ov025_dist12000	DMEL_CRE_00071	39	0	100.0
ov025_dist12000	DMEL_CRE_00072	39	0	100.0
ov025_dist12000	DMEL_CRE_00073	39	0	100.0
ov025_dist12000	DMEL_CRE_00074	39	0	100.0
ov025_dist12000	DMEL_CRE_00075	39	0	100.0
ov025_dist12000	DMEL_CRE_00076	39	0	100.0
ov025_dist12000	DMEL_CRE_00077	39	1	97.43589743589743
ov025_dist12000	DMEL_CRE_00078	39	1	97.43589743589743
ov025_dist12000	DMEL_CRE_00079	39	0	100.0
ov025_dist12000	DMEL_CRE_00080	39	1	97.43589743589743
ov025_dist12000	DMEL_CRE_00081	39	0	100.0
ov025_dist12000	DMEL_CRE_00082	39	1	97.43589743589743
ov025_dist12000	DMEL_CRE_00083	39	0	100.0
ov025_dist12000	DMEL_CRE_00084	39	0	100.0
ov025_dist12000	DMEL_CRE_00085	39	0	100.0
ov025_dist12000	DMEL_CRE_00086	39	0	100.0
ov025_dist12000	DMEL_CRE_00087	39	0	100.0
ov025_dist12000	DMEL_CRE_00088	39	0	100.0
ov025_dist12000	DMEL_CRE_00089	39	0	100.0
ov025_dist12000	DMEL_CRE_00090	39	0	100.0
ov025_dist12000	DMEL_CRE_00091	39	0	100.0
ov025_dist12000	DMEL_CRE_00092	39	0	100.0
ov025_dist12000	DMEL_CRE_00093	39	0	100.0
ov025_dist12000	DMEL_CRE_00094	39	5	87.17948717948718
ov025_dist12000	DMEL_CRE_00095	39	1	97.43589743589743
ov025_dist12000	DMEL_CRE_00096	39	1	97.43589743589743
ov025_dist12000	DMEL_CRE_00097	39	0	100.0
ov025_dist12000	DMEL_CRE_00098	39	0	100.0
ov025_dist12000	DMEL_CRE_00099	39	0	100.0
ov025_dist12000	DMEL_CRE_00100	39	0	100.0
ov025_dist12000	DMEL_CRE_00101	39	0	100.0
ov025_dist12000	DMEL_CRE_00102	39	2	94.87179487179486
ov025_dist12000	DMEL_CRE_00103	39	0	100.0
ov025_dist12000	DMEL_CRE_00104	39	0	100.0
ov025_dist12000	DMEL_CRE_00105	39	0	100.0
ov025_dist12000	DMEL_CRE_00106	39	0	100.0
ov025_dist12000	DMEL_CRE_00107	39	0	100.0
ov025_dist12000	DMEL_CRE_00108	39	0	100.0
ov025_dist12000	DMEL_CRE_00109	39	0	100.0
ov025_dist12000	DMEL_CRE_00110	39	0	100.0
ov025_dist12000	DMEL_CRE_00111	39	0	100.0
ov025_dist12000	DMEL_CRE_00112	39	1	97.43589743589743
ov025_dist12000	DMEL_CRE_00113	39	4	89.74358974358975
ov025_dist12000	DMEL_CRE_00114	39	0	100.0
ov025_dist12000	DMEL_CRE_00115	39	1	97.43589743589743
ov025_dist12000	DMEL_CRE_00116	39	0	100.0
ov025_dist12000	DMEL_CRE_00117	39	0	100.0
ov025_dist12000	DMEL_CRE_00118	39	0	100.0
ov025_dist12000	DMEL_CRE_00119	39	0	100.0
ov025_dist12000	DMEL_CRE_00120	39	0	100.0
ov025_dist12000	DMEL_CRE_00121	39	1	97.43589743589743
ov025_dist12000	DMEL_CRE_00122	39	2	94.87179487179486
ov025_dist12000	DMEL_CRE_00123	39	0	100.0
ov025_dist12000	DMEL_CRE_00124	39	0	100.0
ov025_dist12000	DMEL_CRE_00125	39	2	94.87179487179486
ov025_dist12000	DMEL_CRE_00126	39	0	100.0
ov025_dist12000	DMEL_CRE_00127	39	0	100.0
ov025_dist12000	DMEL_CRE_00128	39	0	100.0
ov025_dist12000	DMEL_CRE_00129	39	0	100.0
ov025_dist12000	DMEL_CRE_00130	39	0	100.0
ov025_dist12000	DMEL_CRE_00131	39	3	92.3076923076923
ov025_dist12000	DMEL_CRE_00132	39	0	100.0
ov025_dist12000	DMEL_CRE_00133	39	1	97.43589743589743
ov025_dist12000	DMEL_CRE_00134	39	0	100.0
ov025_dist12000	DMEL_CRE_00135	39	0	100.0
ov025_dist12000	DMEL_CRE_00136	39	0	100.0
ov025_dist12000	DMEL_CRE_00137	39	0	100.0
ov025_dist12000	DMEL_CRE_00138	39	0	100.0
ov025_dist12000	DMEL_CRE_00139	39	0	100.0
ov025_dist12000	DMEL_CRE_00140	39	1	97.43589743589743
ov025_dist12000	DMEL_CRE_00141	39	0	100.0
ov025_dist12000	DMEL_CRE_00142	39	8	79.48717948717949
ov025_dist12000	DMEL_CRE_00143	39	0	100.0
ov025_dist12000	DMEL_CRE_00144	39	1	97.43589743589743
ov025_dist12000	DMEL_CRE_00145	39	0	100.0
ov025_dist12000	DMEL_CRE_00146	39	0	100.0
ov025_dist12000	DMEL_CRE_00147	39	0	100.0
ov025_dist12000	DMEL_CRE_00148	39	0	100.0
ov025_dist12000	DMEL_CRE_00149	39	0	100.0
ov025_dist12000	DMEL_CRE_00150	39	0	100.0
ov025_dist12000	DMEL_CRE_00151	39	2	94.87179487179486
ov025_dist12000	DMEL_CRE_00152	39	0	100.0
ov025_dist12000	DMEL_CRE_00153	39	1	97.43589743589743
ov025_dist12000	DMEL_CRE_00154	39	3	92.3076923076923
ov025_dist12000	DMEL_CRE_00155	39	0	100.0
ov025_dist12000	DMEL_CRE_00156	39	0	100.0
ov025_dist12000	DMEL_CRE_00157	39	0	100.0
ov025_dist12000	DMEL_CRE_00158	39	0	100.0
ov025_dist12000	DMEL_CRE_00159	39	1	97.43589743589743
ov025_dist12000	DMEL_CRE_00160	39	0	100.0
ov025_dist12000	DMEL_CRE_00161	39	0	100.0
ov025_dist12000	DMEL_CRE_00162	39	1	97.43589743589743
ov025_dist12000	DMEL_CRE_00163	39	0	100.0
ov025_dist12000	DMEL_CRE_00164	39	1	97.43589743589743
ov025_dist12000	DMEL_CRE_00165	39	0	100.0
ov025_dist12000	DMEL_CRE_00166	39	0	100.0
ov025_dist12000	DMEL_CRE_00167	39	2	94.87179487179486
ov025_dist12000	DMEL_CRE_00168	39	0	100.0
ov025_dist12000	DMEL_CRE_00169	39	2	94.87179487179486
ov025_dist12000	DMEL_CRE_00170	39	0	100.0
ov025_dist12000	DMEL_CRE_00171	39	0	100.0
ov025_dist12000	DMEL_CRE_00172	39	0	100.0
ov025_dist12000	DMEL_CRE_00173	39	0	100.0
ov025_dist12000	DMEL_CRE_00174	39	3	92.3076923076923
ov025_dist12000	DMEL_CRE_00175	39	2	94.87179487179486
ov025_dist12000	DMEL_CRE_00176	39	0	100.0
ov025_dist12000	DMEL_CRE_00177	39	0	100.0
ov025_dist12000	DMEL_CRE_00178	39	0	100.0
ov025_dist12000	DMEL_CRE_00179	39	0	100.0
ov025_dist12000	DMEL_CRE_00180	39	0	100.0
ov025_dist12000	DMEL_CRE_00181	39	0	100.0
ov025_dist12000	DMEL_CRE_00182	39	2	94.87179487179486
ov025_dist12000	DMEL_CRE_00183	39	0	100.0
ov025_dist12000	DMEL_CRE_00184	39	1	97.43589743589743
ov025_dist12000	DMEL_CRE_00185	39	0	100.0
ov025_dist12000	DMEL_CRE_00186	39	3	92.3076923076923
ov025_dist12000	DMEL_CRE_00187	39	0	100.0
ov025_dist12000	DMEL_CRE_00188	39	0	100.0
ov025_dist12000	DMEL_CRE_00189	39	0	100.0
ov025_dist12000	DMEL_CRE_00190	39	0	100.0
ov025_dist12000	DMEL_CRE_00191	39	0	100.0
ov025_dist12000	DMEL_CRE_00192	39	0	100.0
ov025_dist12000	DMEL_CRE_00193	39	0	100.0
ov025_dist12000	DMEL_CRE_00194	39	0	100.0
ov025_dist12000	DMEL_CRE_00195	39	0	100.0
ov025_dist12000	DMEL_CRE_00196	39	1	97.43589743589743
ov025_dist12000	DMEL_CRE_00197	39	0	100.0
ov025_dist12000	DMEL_CRE_00198	39	0	100.0
ov025_dist12000	DMEL_CRE_00199	39	2	94.87179487179486
ov025_dist12000	DMEL_CRE_00200	39	2	94.87179487179486
ov025_dist12000	DMEL_CRE_00201	39	0	100.0
ov025_dist12000	DMEL_CRE_00202	39	4	89.74358974358975
ov025_dist12000	DMEL_CRE_00203	39	2	94.87179487179486
ov025_dist12000	DMEL_CRE_00204	39	0	100.0
ov025_dist12000	DMEL_CRE_00205	39	0	100.0
ov025_dist12000	DMEL_CRE_00206	39	3	92.3076923076923
ov025_dist12000	DMEL_CRE_00207	39	0	100.0
ov025_dist12000	DMEL_CRE_00208	39	0	100.0
ov025_dist12000	DMEL_CRE_00209	39	0	100.0
ov025_dist12000	DMEL_CRE_00210	39	2	94.87179487179486
ov025_dist12000	DMEL_CRE_00211	39	0	100.0
ov025_dist12000	DMEL_CRE_00212	39	1	97.43589743589743
ov025_dist12000	DMEL_CRE_00213	39	0	100.0
ov025_dist12000	DMEL_CRE_00214	39	0	100.0
ov025_dist12000	DMEL_CRE_00215	39	0	100.0
ov025_dist12000	DMEL_CRE_00216	39	0	100.0
ov025_dist12000	DMEL_CRE_00217	39	1	97.43589743589743
ov025_dist12000	DMEL_CRE_00218	39	0	100.0
ov025_dist12000	DMEL_CRE_00219	39	0	100.0
ov025_dist12000	DMEL_CRE_00220	39	0	100.0
ov025_dist12000	DMEL_CRE_00221	39	0	100.0
ov025_dist12000	DMEL_CRE_00222	39	0	100.0
ov025_dist12000	DMEL_CRE_00223	39	1	97.43589743589743
ov025_dist12000	DMEL_CRE_00224	39	0	100.0
ov025_dist12000	DMEL_CRE_00225	39	0	100.0
ov025_dist12000	DMEL_CRE_00226	39	3	92.3076923076923
ov025_dist12000	DMEL_CRE_00227	39	0	100.0
ov025_dist12000	DMEL_CRE_00228	39	0	100.0
ov025_dist12000	DMEL_CRE_00229	39	0	100.0
ov025_dist12000	DMEL_CRE_00230	39	3	92.3076923076923
ov025_dist12000	DMEL_CRE_00231	39	1	97.43589743589743
ov025_dist12000	DMEL_CRE_00232	39	2	94.87179487179486
ov025_dist12000	DMEL_CRE_00233	39	3	92.3076923076923
ov025_dist12000	DMEL_CRE_00234	39	0	100.0
ov025_dist12000	DMEL_CRE_00235	39	0	100.0
ov025_dist12000	DMEL_CRE_00236	39	0	100.0
ov025_dist12000	DMEL_CRE_00237	39	0	100.0
ov025_dist12000	DMEL_CRE_00238	39	0	100.0
ov025_dist12000	DMEL_CRE_00239	39	0	100.0
ov025_dist12000	DMEL_CRE_00240	39	0	100.0
ov025_dist12000	DMEL_CRE_00241	39	2	94.87179487179486
ov025_dist12000	DMEL_CRE_00242	39	1	97.43589743589743
ov025_dist12000	DMEL_CRE_00243	39	0	100.0
ov025_dist12000	DMEL_CRE_00244	39	0	100.0
ov025_dist12000	DMEL_CRE_00245	39	0	100.0
ov025_dist12000	DMEL_CRE_00246	39	0	100.0
ov025_dist12000	DMEL_CRE_00247	39	0	100.0
ov025_dist12000	DMEL_CRE_00248	39	1	97.43589743589743
ov025_dist12000	DMEL_CRE_00249	39	0	100.0
ov025_dist12000	DMEL_CRE_00250	39	0	100.0
ov025_dist12000	DMEL_CRE_00251	39	0	100.0
ov025_dist12000	DMEL_CRE_00252	39	0	100.0
ov025_dist12000	DMEL_CRE_00253	39	0	100.0
ov025_dist12000	DMEL_CRE_00254	39	0	100.0
ov025_dist12000	DMEL_CRE_00255	39	1	97.43589743589743
ov025_dist12000	DMEL_CRE_00256	39	0	100.0
ov025_dist12000	DMEL_CRE_00257	39	0	100.0
ov025_dist12000	DMEL_CRE_00258	39	0	100.0
ov025_dist12000	DMEL_CRE_00259	39	0	100.0
ov025_dist12000	DMEL_CRE_00260	39	0	100.0
ov025_dist12000	DMEL_CRE_00261	39	0	100.0
ov025_dist12000	DMEL_CRE_00262	39	0	100.0
ov025_dist12000	DMEL_CRE_00263	39	0	100.0
ov025_dist12000	DMEL_CRE_00264	39	0	100.0
ov025_dist12000	DMEL_CRE_00265	39	0	100.0
ov025_dist12000	DMEL_CRE_00266	39	1	97.43589743589743
ov025_dist12000	DMEL_CRE_00267	39	3	92.3076923076923
ov025_dist12000	DMEL_CRE_00268	39	0	100.0
ov025_dist12000	DMEL_CRE_00269	39	0	100.0
ov025_dist12000	DMEL_CRE_00270	39	0	100.0
ov025_dist12000	DMEL_CRE_00271	39	0	100.0
ov025_dist12000	DMEL_CRE_00272	39	0	100.0
ov025_dist12000	DMEL_CRE_00273	39	0	100.0
ov025_dist12000	DMEL_CRE_00274	39	0	100.0
ov025_dist12000	DMEL_CRE_00275	39	17	56.41025641025641
ov025_dist12000	DMEL_CRE_00276	39	0	100.0
ov025_dist12000	DMEL_CRE_00277	39	1	97.43589743589743
ov025_dist12000	DMEL_CRE_00278	39	6	84.61538461538461
ov025_dist12000	DMEL_CRE_00279	39	0	100.0
ov025_dist12000	DMEL_CRE_00280	39	0	100.0
ov025_dist12000	DMEL_CRE_00281	39	0	100.0
ov025_dist12000	DMEL_CRE_00282	39	0	100.0
ov025_dist12000	DMEL_CRE_00283	39	0	100.0
ov025_dist12000	DMEL_CRE_00284	39	0	100.0
ov025_dist12000	DMEL_CRE_00285	39	0	100.0
ov025_dist12000	DMEL_CRE_00286	39	0	100.0
ov025_dist12000	DMEL_CRE_00287	39	0	100.0
ov025_dist12000	DMEL_CRE_00288	39	0	100.0
ov025_dist12000	DMEL_CRE_00289	39	2	94.87179487179486
ov025_dist12000	DMEL_CRE_00290	39	0	100.0
ov025_dist12000	DMEL_CRE_00291	39	1	97.43589743589743
ov025_dist12000	DMEL_CRE_00292	39	1	97.43589743589743
ov025_dist12000	DMEL_CRE_00293	39	0	100.0
ov025_dist12000	DMEL_CRE_00294	39	4	89.74358974358975
ov025_dist12000	DMEL_CRE_00295	39	2	94.87179487179486
ov025_dist12000	DMEL_CRE_00296	39	1	97.43589743589743
ov025_dist12000	DMEL_CRE_00297	39	2	94.87179487179486
ov025_dist12000	DMEL_CRE_00298	39	0	100.0
ov025_dist12000	DMEL_CRE_00299	39	0	100.0
ov025_dist12000	DMEL_CRE_00300	39	1	97.43589743589743
ov025_dist12000	DMEL_CRE_00301	39	0	100.0
ov025_dist12000	DMEL_CRE_00302	39	0	100.0
ov025_dist12000	DMEL_CRE_00303	39	0	100.0
ov025_dist12000	DMEL_CRE_00304	39	2	94.87179487179486
ov025_dist12000	DMEL_CRE_00305	39	0	100.0
ov025_dist12000	DMEL_CRE_00306	39	0	100.0
ov025_dist12000	DMEL_CRE_00307	39	0	100.0
ov025_dist12000	DMEL_CRE_00308	39	0	100.0
ov025_dist12000	DMEL_CRE_00309	39	1	97.43589743589743
ov025_dist12000	DMEL_CRE_00310	39	0	100.0
ov025_dist12000	DMEL_CRE_00311	39	0	100.0
ov025_dist12000	DMEL_CRE_00312	39	0	100.0
ov025_dist12000	DMEL_CRE_00313	39	3	92.3076923076923
ov025_dist12000	DMEL_CRE_00314	39	0	100.0
ov025_dist12000	DMEL_CRE_00315	39	2	94.87179487179486
ov025_dist12000	DMEL_CRE_00316	39	1	97.43589743589743
ov025_dist12000	DMEL_CRE_00317	39	0	100.0
ov025_dist12000	DMEL_CRE_00318	39	6	84.61538461538461
ov025_dist12000	DMEL_CRE_00319	39	0	100.0
ov025_dist12000	DMEL_CRE_00320	39	0	100.0
ov025_dist12000	DMEL_CRE_00321	39	1	97.43589743589743
ov025_dist12000	DMEL_CRE_00322	39	2	94.87179487179486
ov025_dist12000	DMEL_CRE_00323	39	1	97.43589743589743
ov025_dist12000	DMEL_CRE_00324	39	1	97.43589743589743
ov025_dist12000	DMEL_CRE_00325	39	0	100.0
ov025_dist12000	DMEL_CRE_00326	39	0	100.0
ov025_dist12000	DMEL_CRE_00327	39	0	100.0
ov025_dist12000	DMEL_CRE_00328	39	0	100.0
ov025_dist12000	DMEL_CRE_00329	39	0	100.0
ov025_dist12000	DMEL_CRE_00330	39	0	100.0
ov025_dist12000	DMEL_CRE_00331	39	4	89.74358974358975
ov025_dist12000	DMEL_CRE_00332	39	3	92.3076923076923
ov025_dist12000	DMEL_CRE_00333	39	1	97.43589743589743
ov025_dist12000	DMEL_CRE_00334	39	0	100.0
ov025_dist12000	DMEL_CRE_00335	39	0	100.0
ov025_dist12000	DMEL_CRE_00336	39	0	100.0
ov025_dist12000	DMEL_CRE_00337	39	1	97.43589743589743
ov025_dist24000	DMEL_CRE_00001	39	0	100.0
ov025_dist24000	DMEL_CRE_00002	39	0	100.0
ov025_dist24000	DMEL_CRE_00003	39	1	97.43589743589743
ov025_dist24000	DMEL_CRE_00004	39	0	100.0
ov025_dist24000	DMEL_CRE_00005	39	1	97.43589743589743
ov025_dist24000	DMEL_CRE_00006	39	1	97.43589743589743
ov025_dist24000	DMEL_CRE_00007	39	1	97.43589743589743
ov025_dist24000	DMEL_CRE_00008	39	0	100.0
ov025_dist24000	DMEL_CRE_00009	39	0	100.0
ov025_dist24000	DMEL_CRE_00010	39	0	100.0
ov025_dist24000	DMEL_CRE_00011	39	1	97.43589743589743
ov025_dist24000	DMEL_CRE_00012	39	1	97.43589743589743
ov025_dist24000	DMEL_CRE_00013	39	0	100.0
ov025_dist24000	DMEL_CRE_00014	39	0	100.0
ov025_dist24000	DMEL_CRE_00015	39	0	100.0
ov025_dist24000	DMEL_CRE_00016	39	0	100.0
ov025_dist24000	DMEL_CRE_00017	39	0	100.0
ov025_dist24000	DMEL_CRE_00018	39	0	100.0
ov025_dist24000	DMEL_CRE_00019	39	0	100.0
ov025_dist24000	DMEL_CRE_00020	39	0	100.0
ov025_dist24000	DMEL_CRE_00021	39	0	100.0
ov025_dist24000	DMEL_CRE_00022	39	0	100.0
ov025_dist24000	DMEL_CRE_00023	39	0	100.0
ov025_dist24000	DMEL_CRE_00024	39	1	97.43589743589743
ov025_dist24000	DMEL_CRE_00025	39	0	100.0
ov025_dist24000	DMEL_CRE_00026	39	0	100.0
ov025_dist24000	DMEL_CRE_00027	39	0	100.0
ov025_dist24000	DMEL_CRE_00028	39	0	100.0
ov025_dist24000	DMEL_CRE_00029	39	0	100.0
ov025_dist24000	DMEL_CRE_00030	39	0	100.0
ov025_dist24000	DMEL_CRE_00031	39	1	97.43589743589743
ov025_dist24000	DMEL_CRE_00032	39	0	100.0
ov025_dist24000	DMEL_CRE_00033	39	0	100.0
ov025_dist24000	DMEL_CRE_00034	39	0	100.0
ov025_dist24000	DMEL_CRE_00035	39	3	92.3076923076923
ov025_dist24000	DMEL_CRE_00036	39	0	100.0
ov025_dist24000	DMEL_CRE_00037	39	0	100.0
ov025_dist24000	DMEL_CRE_00038	39	1	97.43589743589743
ov025_dist24000	DMEL_CRE_00039	39	0	100.0
ov025_dist24000	DMEL_CRE_00040	39	0	100.0
ov025_dist24000	DMEL_CRE_00041	39	0	100.0
ov025_dist24000	DMEL_CRE_00042	39	1	97.43589743589743
ov025_dist24000	DMEL_CRE_00043	39	0	100.0
ov025_dist24000	DMEL_CRE_00044	39	2	94.87179487179486
ov025_dist24000	DMEL_CRE_00045	39	0	100.0
ov025_dist24000	DMEL_CRE_00046	39	1	97.43589743589743
ov025_dist24000	DMEL_CRE_00047	39	0	100.0
ov025_dist24000	DMEL_CRE_00048	39	0	100.0
ov025_dist24000	DMEL_CRE_00049	39	0	100.0
ov025_dist24000	DMEL_CRE_00050	39	0	100.0
ov025_dist24000	DMEL_CRE_00051	39	0	100.0
ov025_dist24000	DMEL_CRE_00052	39	4	89.74358974358975
ov025_dist24000	DMEL_CRE_00053	39	0	100.0
ov025_dist24000	DMEL_CRE_00054	39	0	100.0
ov025_dist24000	DMEL_CRE_00055	39	0	100.0
ov025_dist24000	DMEL_CRE_00056	39	0	100.0
ov025_dist24000	DMEL_CRE_00057	39	0	100.0
ov025_dist24000	DMEL_CRE_00058	39	0	100.0
ov025_dist24000	DMEL_CRE_00059	39	0	100.0
ov025_dist24000	DMEL_CRE_00060	39	0	100.0
ov025_dist24000	DMEL_CRE_00061	39	0	100.0
ov025_dist24000	DMEL_CRE_00062	39	1	97.43589743589743
ov025_dist24000	DMEL_CRE_00063	39	0	100.0
ov025_dist24000	DMEL_CRE_00064	39	0	100.0
ov025_dist24000	DMEL_CRE_00065	39	3	92.3076923076923
ov025_dist24000	DMEL_CRE_00066	39	0	100.0
ov025_dist24000	DMEL_CRE_00067	39	0	100.0
ov025_dist24000	DMEL_CRE_00068	39	0	100.0
ov025_dist24000	DMEL_CRE_00069	39	0	100.0
ov025_dist24000	DMEL_CRE_00070	39	0	100.0
ov025_dist24000	DMEL_CRE_00071	39	0	100.0
ov025_dist24000	DMEL_CRE_00072	39	0	100.0
ov025_dist24000	DMEL_CRE_00073	39	0	100.0
ov025_dist24000	DMEL_CRE_00074	39	0	100.0
ov025_dist24000	DMEL_CRE_00075	39	0	100.0
ov025_dist24000	DMEL_CRE_00076	39	0	100.0
ov025_dist24000	DMEL_CRE_00077	39	0	100.0
ov025_dist24000	DMEL_CRE_00078	39	1	97.43589743589743
ov025_dist24000	DMEL_CRE_00079	39	0	100.0
ov025_dist24000	DMEL_CRE_00080	39	0	100.0
ov025_dist24000	DMEL_CRE_00081	39	0	100.0
ov025_dist24000	DMEL_CRE_00082	39	1	97.43589743589743
ov025_dist24000	DMEL_CRE_00083	39	0	100.0
ov025_dist24000	DMEL_CRE_00084	39	0	100.0
ov025_dist24000	DMEL_CRE_00085	39	0	100.0
ov025_dist24000	DMEL_CRE_00086	39	0	100.0
ov025_dist24000	DMEL_CRE_00087	39	0	100.0
ov025_dist24000	DMEL_CRE_00088	39	0	100.0
ov025_dist24000	DMEL_CRE_00089	39	0	100.0
ov025_dist24000	DMEL_CRE_00090	39	0	100.0
ov025_dist24000	DMEL_CRE_00091	39	0	100.0
ov025_dist24000	DMEL_CRE_00092	39	0	100.0
ov025_dist24000	DMEL_CRE_00093	39	0	100.0
ov025_dist24000	DMEL_CRE_00094	39	5	87.17948717948718
ov025_dist24000	DMEL_CRE_00095	39	1	97.43589743589743
ov025_dist24000	DMEL_CRE_00096	39	0	100.0
ov025_dist24000	DMEL_CRE_00097	39	0	100.0
ov025_dist24000	DMEL_CRE_00098	39	0	100.0
ov025_dist24000	DMEL_CRE_00099	39	0	100.0
ov025_dist24000	DMEL_CRE_00100	39	0	100.0
ov025_dist24000	DMEL_CRE_00101	39	0	100.0
ov025_dist24000	DMEL_CRE_00102	39	0	100.0
ov025_dist24000	DMEL_CRE_00103	39	0	100.0
ov025_dist24000	DMEL_CRE_00104	39	0	100.0
ov025_dist24000	DMEL_CRE_00105	39	0	100.0
ov025_dist24000	DMEL_CRE_00106	39	0	100.0
ov025_dist24000	DMEL_CRE_00107	39	0	100.0
ov025_dist24000	DMEL_CRE_00108	39	0	100.0
ov025_dist24000	DMEL_CRE_00109	39	0	100.0
ov025_dist24000	DMEL_CRE_00110	39	0	100.0
ov025_dist24000	DMEL_CRE_00111	39	0	100.0
ov025_dist24000	DMEL_CRE_00112	39	1	97.43589743589743
ov025_dist24000	DMEL_CRE_00113	39	1	97.43589743589743
ov025_dist24000	DMEL_CRE_00114	39	0	100.0
ov025_dist24000	DMEL_CRE_00115	39	0	100.0
ov025_dist24000	DMEL_CRE_00116	39	0	100.0
ov025_dist24000	DMEL_CRE_00117	39	0	100.0
ov025_dist24000	DMEL_CRE_00118	39	0	100.0
ov025_dist24000	DMEL_CRE_00119	39	0	100.0
ov025_dist24000	DMEL_CRE_00120	39	0	100.0
ov025_dist24000	DMEL_CRE_00121	39	0	100.0
ov025_dist24000	DMEL_CRE_00122	39	2	94.87179487179486
ov025_dist24000	DMEL_CRE_00123	39	0	100.0
ov025_dist24000	DMEL_CRE_00124	39	0	100.0
ov025_dist24000	DMEL_CRE_00125	39	2	94.87179487179486
ov025_dist24000	DMEL_CRE_00126	39	0	100.0
ov025_dist24000	DMEL_CRE_00127	39	0	100.0
ov025_dist24000	DMEL_CRE_00128	39	0	100.0
ov025_dist24000	DMEL_CRE_00129	39	0	100.0
ov025_dist24000	DMEL_CRE_00130	39	0	100.0
ov025_dist24000	DMEL_CRE_00131	39	3	92.3076923076923
ov025_dist24000	DMEL_CRE_00132	39	0	100.0
ov025_dist24000	DMEL_CRE_00133	39	1	97.43589743589743
ov025_dist24000	DMEL_CRE_00134	39	0	100.0
ov025_dist24000	DMEL_CRE_00135	39	0	100.0
ov025_dist24000	DMEL_CRE_00136	39	0	100.0
ov025_dist24000	DMEL_CRE_00137	39	0	100.0
ov025_dist24000	DMEL_CRE_00138	39	0	100.0
ov025_dist24000	DMEL_CRE_00139	39	0	100.0
ov025_dist24000	DMEL_CRE_00140	39	0	100.0
ov025_dist24000	DMEL_CRE_00141	39	0	100.0
ov025_dist24000	DMEL_CRE_00142	39	8	79.48717948717949
ov025_dist24000	DMEL_CRE_00143	39	0	100.0
ov025_dist24000	DMEL_CRE_00144	39	1	97.43589743589743
ov025_dist24000	DMEL_CRE_00145	39	0	100.0
ov025_dist24000	DMEL_CRE_00146	39	0	100.0
ov025_dist24000	DMEL_CRE_00147	39	0	100.0
ov025_dist24000	DMEL_CRE_00148	39	0	100.0
ov025_dist24000	DMEL_CRE_00149	39	0	100.0
ov025_dist24000	DMEL_CRE_00150	39	0	100.0
ov025_dist24000	DMEL_CRE_00151	39	2	94.87179487179486
ov025_dist24000	DMEL_CRE_00152	39	0	100.0
ov025_dist24000	DMEL_CRE_00153	39	1	97.43589743589743
ov025_dist24000	DMEL_CRE_00154	39	3	92.3076923076923
ov025_dist24000	DMEL_CRE_00155	39	0	100.0
ov025_dist24000	DMEL_CRE_00156	39	0	100.0
ov025_dist24000	DMEL_CRE_00157	39	0	100.0
ov025_dist24000	DMEL_CRE_00158	39	0	100.0
ov025_dist24000	DMEL_CRE_00159	39	1	97.43589743589743
ov025_dist24000	DMEL_CRE_00160	39	0	100.0
ov025_dist24000	DMEL_CRE_00161	39	0	100.0
ov025_dist24000	DMEL_CRE_00162	39	1	97.43589743589743
ov025_dist24000	DMEL_CRE_00163	39	0	100.0
ov025_dist24000	DMEL_CRE_00164	39	0	100.0
ov025_dist24000	DMEL_CRE_00165	39	0	100.0
ov025_dist24000	DMEL_CRE_00166	39	0	100.0
ov025_dist24000	DMEL_CRE_00167	39	1	97.43589743589743
ov025_dist24000	DMEL_CRE_00168	39	0	100.0
ov025_dist24000	DMEL_CRE_00169	39	2	94.87179487179486
ov025_dist24000	DMEL_CRE_00170	39	0	100.0
ov025_dist24000	DMEL_CRE_00171	39	0	100.0
ov025_dist24000	DMEL_CRE_00172	39	0	100.0
ov025_dist24000	DMEL_CRE_00173	39	0	100.0
ov025_dist24000	DMEL_CRE_00174	39	0	100.0
ov025_dist24000	DMEL_CRE_00175	39	0	100.0
ov025_dist24000	DMEL_CRE_00176	39	0	100.0
ov025_dist24000	DMEL_CRE_00177	39	0	100.0
ov025_dist24000	DMEL_CRE_00178	39	0	100.0
ov025_dist24000	DMEL_CRE_00179	39	0	100.0
ov025_dist24000	DMEL_CRE_00180	39	0	100.0
ov025_dist24000	DMEL_CRE_00181	39	0	100.0
ov025_dist24000	DMEL_CRE_00182	39	0	100.0
ov025_dist24000	DMEL_CRE_00183	39	0	100.0
ov025_dist24000	DMEL_CRE_00184	39	1	97.43589743589743
ov025_dist24000	DMEL_CRE_00185	39	0	100.0
ov025_dist24000	DMEL_CRE_00186	39	3	92.3076923076923
ov025_dist24000	DMEL_CRE_00187	39	0	100.0
ov025_dist24000	DMEL_CRE_00188	39	0	100.0
ov025_dist24000	DMEL_CRE_00189	39	0	100.0
ov025_dist24000	DMEL_CRE_00190	39	0	100.0
ov025_dist24000	DMEL_CRE_00191	39	0	100.0
ov025_dist24000	DMEL_CRE_00192	39	0	100.0
ov025_dist24000	DMEL_CRE_00193	39	0	100.0
ov025_dist24000	DMEL_CRE_00194	39	0	100.0
ov025_dist24000	DMEL_CRE_00195	39	0	100.0
ov025_dist24000	DMEL_CRE_00196	39	1	97.43589743589743
ov025_dist24000	DMEL_CRE_00197	39	0	100.0
ov025_dist24000	DMEL_CRE_00198	39	0	100.0
ov025_dist24000	DMEL_CRE_00199	39	2	94.87179487179486
ov025_dist24000	DMEL_CRE_00200	39	0	100.0
ov025_dist24000	DMEL_CRE_00201	39	0	100.0
ov025_dist24000	DMEL_CRE_00202	39	1	97.43589743589743
ov025_dist24000	DMEL_CRE_00203	39	2	94.87179487179486
ov025_dist24000	DMEL_CRE_00204	39	0	100.0
ov025_dist24000	DMEL_CRE_00205	39	0	100.0
ov025_dist24000	DMEL_CRE_00206	39	0	100.0
ov025_dist24000	DMEL_CRE_00207	39	0	100.0
ov025_dist24000	DMEL_CRE_00208	39	0	100.0
ov025_dist24000	DMEL_CRE_00209	39	0	100.0
ov025_dist24000	DMEL_CRE_00210	39	2	94.87179487179486
ov025_dist24000	DMEL_CRE_00211	39	0	100.0
ov025_dist24000	DMEL_CRE_00212	39	1	97.43589743589743
ov025_dist24000	DMEL_CRE_00213	39	0	100.0
ov025_dist24000	DMEL_CRE_00214	39	0	100.0
ov025_dist24000	DMEL_CRE_00215	39	0	100.0
ov025_dist24000	DMEL_CRE_00216	39	0	100.0
ov025_dist24000	DMEL_CRE_00217	39	1	97.43589743589743
ov025_dist24000	DMEL_CRE_00218	39	0	100.0
ov025_dist24000	DMEL_CRE_00219	39	0	100.0
ov025_dist24000	DMEL_CRE_00220	39	0	100.0
ov025_dist24000	DMEL_CRE_00221	39	0	100.0
ov025_dist24000	DMEL_CRE_00222	39	0	100.0
ov025_dist24000	DMEL_CRE_00223	39	0	100.0
ov025_dist24000	DMEL_CRE_00224	39	0	100.0
ov025_dist24000	DMEL_CRE_00225	39	0	100.0
ov025_dist24000	DMEL_CRE_00226	39	0	100.0
ov025_dist24000	DMEL_CRE_00227	39	0	100.0
ov025_dist24000	DMEL_CRE_00228	39	0	100.0
ov025_dist24000	DMEL_CRE_00229	39	0	100.0
ov025_dist24000	DMEL_CRE_00230	39	3	92.3076923076923
ov025_dist24000	DMEL_CRE_00231	39	1	97.43589743589743
ov025_dist24000	DMEL_CRE_00232	39	2	94.87179487179486
ov025_dist24000	DMEL_CRE_00233	39	3	92.3076923076923
ov025_dist24000	DMEL_CRE_00234	39	0	100.0
ov025_dist24000	DMEL_CRE_00235	39	0	100.0
ov025_dist24000	DMEL_CRE_00236	39	0	100.0
ov025_dist24000	DMEL_CRE_00237	39	0	100.0
ov025_dist24000	DMEL_CRE_00238	39	0	100.0
ov025_dist24000	DMEL_CRE_00239	39	0	100.0
ov025_dist24000	DMEL_CRE_00240	39	0	100.0
ov025_dist24000	DMEL_CRE_00241	39	2	94.87179487179486
ov025_dist24000	DMEL_CRE_00242	39	1	97.43589743589743
ov025_dist24000	DMEL_CRE_00243	39	0	100.0
ov025_dist24000	DMEL_CRE_00244	39	0	100.0
ov025_dist24000	DMEL_CRE_00245	39	0	100.0
ov025_dist24000	DMEL_CRE_00246	39	0	100.0
ov025_dist24000	DMEL_CRE_00247	39	0	100.0
ov025_dist24000	DMEL_CRE_00248	39	0	100.0
ov025_dist24000	DMEL_CRE_00249	39	0	100.0
ov025_dist24000	DMEL_CRE_00250	39	0	100.0
ov025_dist24000	DMEL_CRE_00251	39	0	100.0
ov025_dist24000	DMEL_CRE_00252	39	0	100.0
ov025_dist24000	DMEL_CRE_00253	39	0	100.0
ov025_dist24000	DMEL_CRE_00254	39	0	100.0
ov025_dist24000	DMEL_CRE_00255	39	0	100.0
ov025_dist24000	DMEL_CRE_00256	39	0	100.0
ov025_dist24000	DMEL_CRE_00257	39	0	100.0
ov025_dist24000	DMEL_CRE_00258	39	0	100.0
ov025_dist24000	DMEL_CRE_00259	39	0	100.0
ov025_dist24000	DMEL_CRE_00260	39	0	100.0
ov025_dist24000	DMEL_CRE_00261	39	0	100.0
ov025_dist24000	DMEL_CRE_00262	39	0	100.0
ov025_dist24000	DMEL_CRE_00263	39	0	100.0
ov025_dist24000	DMEL_CRE_00264	39	0	100.0
ov025_dist24000	DMEL_CRE_00265	39	0	100.0
ov025_dist24000	DMEL_CRE_00266	39	1	97.43589743589743
ov025_dist24000	DMEL_CRE_00267	39	0	100.0
ov025_dist24000	DMEL_CRE_00268	39	0	100.0
ov025_dist24000	DMEL_CRE_00269	39	0	100.0
ov025_dist24000	DMEL_CRE_00270	39	0	100.0
ov025_dist24000	DMEL_CRE_00271	39	0	100.0
ov025_dist24000	DMEL_CRE_00272	39	0	100.0
ov025_dist24000	DMEL_CRE_00273	39	0	100.0
ov025_dist24000	DMEL_CRE_00274	39	0	100.0
ov025_dist24000	DMEL_CRE_00275	39	16	58.97435897435898
ov025_dist24000	DMEL_CRE_00276	39	0	100.0
ov025_dist24000	DMEL_CRE_00277	39	1	97.43589743589743
ov025_dist24000	DMEL_CRE_00278	39	6	84.61538461538461
ov025_dist24000	DMEL_CRE_00279	39	0	100.0
ov025_dist24000	DMEL_CRE_00280	39	0	100.0
ov025_dist24000	DMEL_CRE_00281	39	0	100.0
ov025_dist24000	DMEL_CRE_00282	39	0	100.0
ov025_dist24000	DMEL_CRE_00283	39	0	100.0
ov025_dist24000	DMEL_CRE_00284	39	0	100.0
ov025_dist24000	DMEL_CRE_00285	39	0	100.0
ov025_dist24000	DMEL_CRE_00286	39	0	100.0
ov025_dist24000	DMEL_CRE_00287	39	0	100.0
ov025_dist24000	DMEL_CRE_00288	39	0	100.0
ov025_dist24000	DMEL_CRE_00289	39	0	100.0
ov025_dist24000	DMEL_CRE_00290	39	0	100.0
ov025_dist24000	DMEL_CRE_00291	39	1	97.43589743589743
ov025_dist24000	DMEL_CRE_00292	39	1	97.43589743589743
ov025_dist24000	DMEL_CRE_00293	39	0	100.0
ov025_dist24000	DMEL_CRE_00294	39	3	92.3076923076923
ov025_dist24000	DMEL_CRE_00295	39	2	94.87179487179486
ov025_dist24000	DMEL_CRE_00296	39	1	97.43589743589743
ov025_dist24000	DMEL_CRE_00297	39	1	97.43589743589743
ov025_dist24000	DMEL_CRE_00298	39	0	100.0
ov025_dist24000	DMEL_CRE_00299	39	0	100.0
ov025_dist24000	DMEL_CRE_00300	39	1	97.43589743589743
ov025_dist24000	DMEL_CRE_00301	39	0	100.0
ov025_dist24000	DMEL_CRE_00302	39	0	100.0
ov025_dist24000	DMEL_CRE_00303	39	0	100.0
ov025_dist24000	DMEL_CRE_00304	39	0	100.0
ov025_dist24000	DMEL_CRE_00305	39	0	100.0
ov025_dist24000	DMEL_CRE_00306	39	0	100.0
ov025_dist24000	DMEL_CRE_00307	39	0	100.0
ov025_dist24000	DMEL_CRE_00308	39	0	100.0
ov025_dist24000	DMEL_CRE_00309	39	1	97.43589743589743
ov025_dist24000	DMEL_CRE_00310	39	0	100.0
ov025_dist24000	DMEL_CRE_00311	39	0	100.0
ov025_dist24000	DMEL_CRE_00312	39	0	100.0
ov025_dist24000	DMEL_CRE_00313	39	2	94.87179487179486
ov025_dist24000	DMEL_CRE_00314	39	0	100.0
ov025_dist24000	DMEL_CRE_00315	39	2	94.87179487179486
ov025_dist24000	DMEL_CRE_00316	39	1	97.43589743589743
ov025_dist24000	DMEL_CRE_00317	39	0	100.0
ov025_dist24000	DMEL_CRE_00318	39	0	100.0
ov025_dist24000	DMEL_CRE_00319	39	0	100.0
ov025_dist24000	DMEL_CRE_00320	39	0	100.0
ov025_dist24000	DMEL_CRE_00321	39	1	97.43589743589743
ov025_dist24000	DMEL_CRE_00322	39	0	100.0
ov025_dist24000	DMEL_CRE_00323	39	1	97.43589743589743
ov025_dist24000	DMEL_CRE_00324	39	1	97.43589743589743
ov025_dist24000	DMEL_CRE_00325	39	0	100.0
ov025_dist24000	DMEL_CRE_00326	39	0	100.0
ov025_dist24000	DMEL_CRE_00327	39	0	100.0
ov025_dist24000	DMEL_CRE_00328	39	0	100.0
ov025_dist24000	DMEL_CRE_00329	39	0	100.0
ov025_dist24000	DMEL_CRE_00330	39	0	100.0
ov025_dist24000	DMEL_CRE_00331	39	4	89.74358974358975
ov025_dist24000	DMEL_CRE_00332	39	1	97.43589743589743
ov025_dist24000	DMEL_CRE_00333	39	0	100.0
ov025_dist24000	DMEL_CRE_00334	39	0	100.0
ov025_dist24000	DMEL_CRE_00335	39	0	100.0
ov025_dist24000	DMEL_CRE_00336	39	0	100.0
ov025_dist24000	DMEL_CRE_00337	39	1	97.43589743589743
ov025_dist48000	DMEL_CRE_00001	39	0	100.0
ov025_dist48000	DMEL_CRE_00002	39	0	100.0
ov025_dist48000	DMEL_CRE_00003	39	1	97.43589743589743
ov025_dist48000	DMEL_CRE_00004	39	0	100.0
ov025_dist48000	DMEL_CRE_00005	39	2	94.87179487179486
ov025_dist48000	DMEL_CRE_00006	39	2	94.87179487179486
ov025_dist48000	DMEL_CRE_00007	39	3	92.3076923076923
ov025_dist48000	DMEL_CRE_00008	39	1	97.43589743589743
ov025_dist48000	DMEL_CRE_00009	39	0	100.0
ov025_dist48000	DMEL_CRE_00010	39	0	100.0
ov025_dist48000	DMEL_CRE_00011	39	1	97.43589743589743
ov025_dist48000	DMEL_CRE_00012	39	1	97.43589743589743
ov025_dist48000	DMEL_CRE_00013	39	0	100.0
ov025_dist48000	DMEL_CRE_00014	39	0	100.0
ov025_dist48000	DMEL_CRE_00015	39	0	100.0
ov025_dist48000	DMEL_CRE_00016	39	0	100.0
ov025_dist48000	DMEL_CRE_00017	39	0	100.0
ov025_dist48000	DMEL_CRE_00018	39	0	100.0
ov025_dist48000	DMEL_CRE_00019	39	0	100.0
ov025_dist48000	DMEL_CRE_00020	39	0	100.0
ov025_dist48000	DMEL_CRE_00021	39	0	100.0
ov025_dist48000	DMEL_CRE_00022	39	0	100.0
ov025_dist48000	DMEL_CRE_00023	39	0	100.0
ov025_dist48000	DMEL_CRE_00024	39	1	97.43589743589743
ov025_dist48000	DMEL_CRE_00025	39	0	100.0
ov025_dist48000	DMEL_CRE_00026	39	10	74.35897435897436
ov025_dist48000	DMEL_CRE_00027	39	2	94.87179487179486
ov025_dist48000	DMEL_CRE_00028	39	0	100.0
ov025_dist48000	DMEL_CRE_00029	39	0	100.0
ov025_dist48000	DMEL_CRE_00030	39	1	97.43589743589743
ov025_dist48000	DMEL_CRE_00031	39	1	97.43589743589743
ov025_dist48000	DMEL_CRE_00032	39	0	100.0
ov025_dist48000	DMEL_CRE_00033	39	1	97.43589743589743
ov025_dist48000	DMEL_CRE_00034	39	1	97.43589743589743
ov025_dist48000	DMEL_CRE_00035	39	3	92.3076923076923
ov025_dist48000	DMEL_CRE_00036	39	2	94.87179487179486
ov025_dist48000	DMEL_CRE_00037	39	0	100.0
ov025_dist48000	DMEL_CRE_00038	39	1	97.43589743589743
ov025_dist48000	DMEL_CRE_00039	39	0	100.0
ov025_dist48000	DMEL_CRE_00040	39	0	100.0
ov025_dist48000	DMEL_CRE_00041	39	0	100.0
ov025_dist48000	DMEL_CRE_00042	39	1	97.43589743589743
ov025_dist48000	DMEL_CRE_00043	39	0	100.0
ov025_dist48000	DMEL_CRE_00044	39	2	94.87179487179486
ov025_dist48000	DMEL_CRE_00045	39	3	92.3076923076923
ov025_dist48000	DMEL_CRE_00046	39	4	89.74358974358975
ov025_dist48000	DMEL_CRE_00047	39	0	100.0
ov025_dist48000	DMEL_CRE_00048	39	0	100.0
ov025_dist48000	DMEL_CRE_00049	39	0	100.0
ov025_dist48000	DMEL_CRE_00050	39	2	94.87179487179486
ov025_dist48000	DMEL_CRE_00051	39	0	100.0
ov025_dist48000	DMEL_CRE_00052	39	4	89.74358974358975
ov025_dist48000	DMEL_CRE_00053	39	1	97.43589743589743
ov025_dist48000	DMEL_CRE_00054	39	1	97.43589743589743
ov025_dist48000	DMEL_CRE_00055	39	1	97.43589743589743
ov025_dist48000	DMEL_CRE_00056	39	0	100.0
ov025_dist48000	DMEL_CRE_00057	39	0	100.0
ov025_dist48000	DMEL_CRE_00058	39	0	100.0
ov025_dist48000	DMEL_CRE_00059	39	0	100.0
ov025_dist48000	DMEL_CRE_00060	39	0	100.0
ov025_dist48000	DMEL_CRE_00061	39	2	94.87179487179486
ov025_dist48000	DMEL_CRE_00062	39	1	97.43589743589743
ov025_dist48000	DMEL_CRE_00063	39	0	100.0
ov025_dist48000	DMEL_CRE_00064	39	0	100.0
ov025_dist48000	DMEL_CRE_00065	39	3	92.3076923076923
ov025_dist48000	DMEL_CRE_00066	39	0	100.0
ov025_dist48000	DMEL_CRE_00067	39	0	100.0
ov025_dist48000	DMEL_CRE_00068	39	0	100.0
ov025_dist48000	DMEL_CRE_00069	39	0	100.0
ov025_dist48000	DMEL_CRE_00070	39	1	97.43589743589743
ov025_dist48000	DMEL_CRE_00071	39	0	100.0
ov025_dist48000	DMEL_CRE_00072	39	0	100.0
ov025_dist48000	DMEL_CRE_00073	39	0	100.0
ov025_dist48000	DMEL_CRE_00074	39	0	100.0
ov025_dist48000	DMEL_CRE_00075	39	1	97.43589743589743
ov025_dist48000	DMEL_CRE_00076	39	0	100.0
ov025_dist48000	DMEL_CRE_00077	39	1	97.43589743589743
ov025_dist48000	DMEL_CRE_00078	39	1	97.43589743589743
ov025_dist48000	DMEL_CRE_00079	39	0	100.0
ov025_dist48000	DMEL_CRE_00080	39	0	100.0
ov025_dist48000	DMEL_CRE_00081	39	0	100.0
ov025_dist48000	DMEL_CRE_00082	39	1	97.43589743589743
ov025_dist48000	DMEL_CRE_00083	39	0	100.0
ov025_dist48000	DMEL_CRE_00084	39	0	100.0
ov025_dist48000	DMEL_CRE_00085	39	0	100.0
ov025_dist48000	DMEL_CRE_00086	39	1	97.43589743589743
ov025_dist48000	DMEL_CRE_00087	39	0	100.0
ov025_dist48000	DMEL_CRE_00088	39	0	100.0
ov025_dist48000	DMEL_CRE_00089	39	0	100.0
ov025_dist48000	DMEL_CRE_00090	39	0	100.0
ov025_dist48000	DMEL_CRE_00091	39	0	100.0
ov025_dist48000	DMEL_CRE_00092	39	0	100.0
ov025_dist48000	DMEL_CRE_00093	39	0	100.0
ov025_dist48000	DMEL_CRE_00094	39	5	87.17948717948718
ov025_dist48000	DMEL_CRE_00095	39	1	97.43589743589743
ov025_dist48000	DMEL_CRE_00096	39	0	100.0
ov025_dist48000	DMEL_CRE_00097	39	0	100.0
ov025_dist48000	DMEL_CRE_00098	39	0	100.0
ov025_dist48000	DMEL_CRE_00099	39	0	100.0
ov025_dist48000	DMEL_CRE_00100	39	0	100.0
ov025_dist48000	DMEL_CRE_00101	39	0	100.0
ov025_dist48000	DMEL_CRE_00102	39	0	100.0
ov025_dist48000	DMEL_CRE_00103	39	0	100.0
ov025_dist48000	DMEL_CRE_00104	39	0	100.0
ov025_dist48000	DMEL_CRE_00105	39	0	100.0
ov025_dist48000	DMEL_CRE_00106	39	0	100.0
ov025_dist48000	DMEL_CRE_00107	39	0	100.0
ov025_dist48000	DMEL_CRE_00108	39	0	100.0
ov025_dist48000	DMEL_CRE_00109	39	0	100.0
ov025_dist48000	DMEL_CRE_00110	39	0	100.0
ov025_dist48000	DMEL_CRE_00111	39	1	97.43589743589743
ov025_dist48000	DMEL_CRE_00112	39	1	97.43589743589743
ov025_dist48000	DMEL_CRE_00113	39	8	79.48717948717949
ov025_dist48000	DMEL_CRE_00114	39	0	100.0
ov025_dist48000	DMEL_CRE_00115	39	1	97.43589743589743
ov025_dist48000	DMEL_CRE_00116	39	0	100.0
ov025_dist48000	DMEL_CRE_00117	39	0	100.0
ov025_dist48000	DMEL_CRE_00118	39	0	100.0
ov025_dist48000	DMEL_CRE_00119	39	0	100.0
ov025_dist48000	DMEL_CRE_00120	39	0	100.0
ov025_dist48000	DMEL_CRE_00121	39	0	100.0
ov025_dist48000	DMEL_CRE_00122	39	2	94.87179487179486
ov025_dist48000	DMEL_CRE_00123	39	0	100.0
ov025_dist48000	DMEL_CRE_00124	39	0	100.0
ov025_dist48000	DMEL_CRE_00125	39	2	94.87179487179486
ov025_dist48000	DMEL_CRE_00126	39	1	97.43589743589743
ov025_dist48000	DMEL_CRE_00127	39	0	100.0
ov025_dist48000	DMEL_CRE_00128	39	0	100.0
ov025_dist48000	DMEL_CRE_00129	39	0	100.0
ov025_dist48000	DMEL_CRE_00130	39	0	100.0
ov025_dist48000	DMEL_CRE_00131	39	3	92.3076923076923
ov025_dist48000	DMEL_CRE_00132	39	0	100.0
ov025_dist48000	DMEL_CRE_00133	39	1	97.43589743589743
ov025_dist48000	DMEL_CRE_00134	39	0	100.0
ov025_dist48000	DMEL_CRE_00135	39	0	100.0
ov025_dist48000	DMEL_CRE_00136	39	0	100.0
ov025_dist48000	DMEL_CRE_00137	39	1	97.43589743589743
ov025_dist48000	DMEL_CRE_00138	39	0	100.0
ov025_dist48000	DMEL_CRE_00139	39	0	100.0
ov025_dist48000	DMEL_CRE_00140	39	0	100.0
ov025_dist48000	DMEL_CRE_00141	39	0	100.0
ov025_dist48000	DMEL_CRE_00142	39	8	79.48717948717949
ov025_dist48000	DMEL_CRE_00143	39	0	100.0
ov025_dist48000	DMEL_CRE_00144	39	5	87.17948717948718
ov025_dist48000	DMEL_CRE_00145	39	3	92.3076923076923
ov025_dist48000	DMEL_CRE_00146	39	0	100.0
ov025_dist48000	DMEL_CRE_00147	39	0	100.0
ov025_dist48000	DMEL_CRE_00148	39	0	100.0
ov025_dist48000	DMEL_CRE_00149	39	0	100.0
ov025_dist48000	DMEL_CRE_00150	39	0	100.0
ov025_dist48000	DMEL_CRE_00151	39	2	94.87179487179486
ov025_dist48000	DMEL_CRE_00152	39	0	100.0
ov025_dist48000	DMEL_CRE_00153	39	1	97.43589743589743
ov025_dist48000	DMEL_CRE_00154	39	3	92.3076923076923
ov025_dist48000	DMEL_CRE_00155	39	0	100.0
ov025_dist48000	DMEL_CRE_00156	39	0	100.0
ov025_dist48000	DMEL_CRE_00157	39	0	100.0
ov025_dist48000	DMEL_CRE_00158	39	1	97.43589743589743
ov025_dist48000	DMEL_CRE_00159	39	1	97.43589743589743
ov025_dist48000	DMEL_CRE_00160	39	1	97.43589743589743
ov025_dist48000	DMEL_CRE_00161	39	0	100.0
ov025_dist48000	DMEL_CRE_00162	39	2	94.87179487179486
ov025_dist48000	DMEL_CRE_00163	39	0	100.0
ov025_dist48000	DMEL_CRE_00164	39	0	100.0
ov025_dist48000	DMEL_CRE_00165	39	0	100.0
ov025_dist48000	DMEL_CRE_00166	39	0	100.0
ov025_dist48000	DMEL_CRE_00167	39	1	97.43589743589743
ov025_dist48000	DMEL_CRE_00168	39	0	100.0
ov025_dist48000	DMEL_CRE_00169	39	2	94.87179487179486
ov025_dist48000	DMEL_CRE_00170	39	0	100.0
ov025_dist48000	DMEL_CRE_00171	39	0	100.0
ov025_dist48000	DMEL_CRE_00172	39	0	100.0
ov025_dist48000	DMEL_CRE_00173	39	0	100.0
ov025_dist48000	DMEL_CRE_00174	39	1	97.43589743589743
ov025_dist48000	DMEL_CRE_00175	39	2	94.87179487179486
ov025_dist48000	DMEL_CRE_00176	39	0	100.0
ov025_dist48000	DMEL_CRE_00177	39	0	100.0
ov025_dist48000	DMEL_CRE_00178	39	0	100.0
ov025_dist48000	DMEL_CRE_00179	39	0	100.0
ov025_dist48000	DMEL_CRE_00180	39	0	100.0
ov025_dist48000	DMEL_CRE_00181	39	0	100.0
ov025_dist48000	DMEL_CRE_00182	39	0	100.0
ov025_dist48000	DMEL_CRE_00183	39	0	100.0
ov025_dist48000	DMEL_CRE_00184	39	1	97.43589743589743
ov025_dist48000	DMEL_CRE_00185	39	0	100.0
ov025_dist48000	DMEL_CRE_00186	39	3	92.3076923076923
ov025_dist48000	DMEL_CRE_00187	39	2	94.87179487179486
ov025_dist48000	DMEL_CRE_00188	39	0	100.0
ov025_dist48000	DMEL_CRE_00189	39	0	100.0
ov025_dist48000	DMEL_CRE_00190	39	0	100.0
ov025_dist48000	DMEL_CRE_00191	39	0	100.0
ov025_dist48000	DMEL_CRE_00192	39	0	100.0
ov025_dist48000	DMEL_CRE_00193	39	0	100.0
ov025_dist48000	DMEL_CRE_00194	39	0	100.0
ov025_dist48000	DMEL_CRE_00195	39	0	100.0
ov025_dist48000	DMEL_CRE_00196	39	1	97.43589743589743
ov025_dist48000	DMEL_CRE_00197	39	0	100.0
ov025_dist48000	DMEL_CRE_00198	39	0	100.0
ov025_dist48000	DMEL_CRE_00199	39	2	94.87179487179486
ov025_dist48000	DMEL_CRE_00200	39	1	97.43589743589743
ov025_dist48000	DMEL_CRE_00201	39	0	100.0
ov025_dist48000	DMEL_CRE_00202	39	3	92.3076923076923
ov025_dist48000	DMEL_CRE_00203	39	2	94.87179487179486
ov025_dist48000	DMEL_CRE_00204	39	0	100.0
ov025_dist48000	DMEL_CRE_00205	39	0	100.0
ov025_dist48000	DMEL_CRE_00206	39	0	100.0
ov025_dist48000	DMEL_CRE_00207	39	0	100.0
ov025_dist48000	DMEL_CRE_00208	39	0	100.0
ov025_dist48000	DMEL_CRE_00209	39	0	100.0
ov025_dist48000	DMEL_CRE_00210	39	2	94.87179487179486
ov025_dist48000	DMEL_CRE_00211	39	0	100.0
ov025_dist48000	DMEL_CRE_00212	39	1	97.43589743589743
ov025_dist48000	DMEL_CRE_00213	39	0	100.0
ov025_dist48000	DMEL_CRE_00214	39	0	100.0
ov025_dist48000	DMEL_CRE_00215	39	0	100.0
ov025_dist48000	DMEL_CRE_00216	39	0	100.0
ov025_dist48000	DMEL_CRE_00217	39	1	97.43589743589743
ov025_dist48000	DMEL_CRE_00218	39	0	100.0
ov025_dist48000	DMEL_CRE_00219	39	0	100.0
ov025_dist48000	DMEL_CRE_00220	39	0	100.0
ov025_dist48000	DMEL_CRE_00221	39	0	100.0
ov025_dist48000	DMEL_CRE_00222	39	0	100.0
ov025_dist48000	DMEL_CRE_00223	39	1	97.43589743589743
ov025_dist48000	DMEL_CRE_00224	39	0	100.0
ov025_dist48000	DMEL_CRE_00225	39	0	100.0
ov025_dist48000	DMEL_CRE_00226	39	0	100.0
ov025_dist48000	DMEL_CRE_00227	39	0	100.0
ov025_dist48000	DMEL_CRE_00228	39	0	100.0
ov025_dist48000	DMEL_CRE_00229	39	0	100.0
ov025_dist48000	DMEL_CRE_00230	39	3	92.3076923076923
ov025_dist48000	DMEL_CRE_00231	39	1	97.43589743589743
ov025_dist48000	DMEL_CRE_00232	39	2	94.87179487179486
ov025_dist48000	DMEL_CRE_00233	39	3	92.3076923076923
ov025_dist48000	DMEL_CRE_00234	39	0	100.0
ov025_dist48000	DMEL_CRE_00235	39	0	100.0
ov025_dist48000	DMEL_CRE_00236	39	0	100.0
ov025_dist48000	DMEL_CRE_00237	39	0	100.0
ov025_dist48000	DMEL_CRE_00238	39	1	97.43589743589743
ov025_dist48000	DMEL_CRE_00239	39	0	100.0
ov025_dist48000	DMEL_CRE_00240	39	0	100.0
ov025_dist48000	DMEL_CRE_00241	39	2	94.87179487179486
ov025_dist48000	DMEL_CRE_00242	39	1	97.43589743589743
ov025_dist48000	DMEL_CRE_00243	39	0	100.0
ov025_dist48000	DMEL_CRE_00244	39	0	100.0
ov025_dist48000	DMEL_CRE_00245	39	0	100.0
ov025_dist48000	DMEL_CRE_00246	39	0	100.0
ov025_dist48000	DMEL_CRE_00247	39	0	100.0
ov025_dist48000	DMEL_CRE_00248	39	0	100.0
ov025_dist48000	DMEL_CRE_00249	39	0	100.0
ov025_dist48000	DMEL_CRE_00250	39	0	100.0
ov025_dist48000	DMEL_CRE_00251	39	0	100.0
ov025_dist48000	DMEL_CRE_00252	39	0	100.0
ov025_dist48000	DMEL_CRE_00253	39	0	100.0
ov025_dist48000	DMEL_CRE_00254	39	0	100.0
ov025_dist48000	DMEL_CRE_00255	39	0	100.0
ov025_dist48000	DMEL_CRE_00256	39	0	100.0
ov025_dist48000	DMEL_CRE_00257	39	0	100.0
ov025_dist48000	DMEL_CRE_00258	39	0	100.0
ov025_dist48000	DMEL_CRE_00259	39	0	100.0
ov025_dist48000	DMEL_CRE_00260	39	0	100.0
ov025_dist48000	DMEL_CRE_00261	39	0	100.0
ov025_dist48000	DMEL_CRE_00262	39	0	100.0
ov025_dist48000	DMEL_CRE_00263	39	0	100.0
ov025_dist48000	DMEL_CRE_00264	39	0	100.0
ov025_dist48000	DMEL_CRE_00265	39	0	100.0
ov025_dist48000	DMEL_CRE_00266	39	1	97.43589743589743
ov025_dist48000	DMEL_CRE_00267	39	0	100.0
ov025_dist48000	DMEL_CRE_00268	39	0	100.0
ov025_dist48000	DMEL_CRE_00269	39	0	100.0
ov025_dist48000	DMEL_CRE_00270	39	0	100.0
ov025_dist48000	DMEL_CRE_00271	39	0	100.0
ov025_dist48000	DMEL_CRE_00272	39	0	100.0
ov025_dist48000	DMEL_CRE_00273	39	0	100.0
ov025_dist48000	DMEL_CRE_00274	39	0	100.0
ov025_dist48000	DMEL_CRE_00275	39	16	58.97435897435898
ov025_dist48000	DMEL_CRE_00276	39	0	100.0
ov025_dist48000	DMEL_CRE_00277	39	1	97.43589743589743
ov025_dist48000	DMEL_CRE_00278	39	6	84.61538461538461
ov025_dist48000	DMEL_CRE_00279	39	0	100.0
ov025_dist48000	DMEL_CRE_00280	39	0	100.0
ov025_dist48000	DMEL_CRE_00281	39	0	100.0
ov025_dist48000	DMEL_CRE_00282	39	0	100.0
ov025_dist48000	DMEL_CRE_00283	39	0	100.0
ov025_dist48000	DMEL_CRE_00284	39	0	100.0
ov025_dist48000	DMEL_CRE_00285	39	0	100.0
ov025_dist48000	DMEL_CRE_00286	39	0	100.0
ov025_dist48000	DMEL_CRE_00287	39	0	100.0
ov025_dist48000	DMEL_CRE_00288	39	0	100.0
ov025_dist48000	DMEL_CRE_00289	39	0	100.0
ov025_dist48000	DMEL_CRE_00290	39	1	97.43589743589743
ov025_dist48000	DMEL_CRE_00291	39	1	97.43589743589743
ov025_dist48000	DMEL_CRE_00292	39	3	92.3076923076923
ov025_dist48000	DMEL_CRE_00293	39	0	100.0
ov025_dist48000	DMEL_CRE_00294	39	3	92.3076923076923
ov025_dist48000	DMEL_CRE_00295	39	2	94.87179487179486
ov025_dist48000	DMEL_CRE_00296	39	1	97.43589743589743
ov025_dist48000	DMEL_CRE_00297	39	1	97.43589743589743
ov025_dist48000	DMEL_CRE_00298	39	0	100.0
ov025_dist48000	DMEL_CRE_00299	39	0	100.0
ov025_dist48000	DMEL_CRE_00300	39	1	97.43589743589743
ov025_dist48000	DMEL_CRE_00301	39	0	100.0
ov025_dist48000	DMEL_CRE_00302	39	0	100.0
ov025_dist48000	DMEL_CRE_00303	39	1	97.43589743589743
ov025_dist48000	DMEL_CRE_00304	39	2	94.87179487179486
ov025_dist48000	DMEL_CRE_00305	39	0	100.0
ov025_dist48000	DMEL_CRE_00306	39	1	97.43589743589743
ov025_dist48000	DMEL_CRE_00307	39	0	100.0
ov025_dist48000	DMEL_CRE_00308	39	0	100.0
ov025_dist48000	DMEL_CRE_00309	39	1	97.43589743589743
ov025_dist48000	DMEL_CRE_00310	39	0	100.0
ov025_dist48000	DMEL_CRE_00311	39	0	100.0
ov025_dist48000	DMEL_CRE_00312	39	0	100.0
ov025_dist48000	DMEL_CRE_00313	39	2	94.87179487179486
ov025_dist48000	DMEL_CRE_00314	39	0	100.0
ov025_dist48000	DMEL_CRE_00315	39	2	94.87179487179486
ov025_dist48000	DMEL_CRE_00316	39	1	97.43589743589743
ov025_dist48000	DMEL_CRE_00317	39	2	94.87179487179486
ov025_dist48000	DMEL_CRE_00318	39	0	100.0
ov025_dist48000	DMEL_CRE_00319	39	0	100.0
ov025_dist48000	DMEL_CRE_00320	39	0	100.0
ov025_dist48000	DMEL_CRE_00321	39	1	97.43589743589743
ov025_dist48000	DMEL_CRE_00322	39	2	94.87179487179486
ov025_dist48000	DMEL_CRE_00323	39	1	97.43589743589743
ov025_dist48000	DMEL_CRE_00324	39	1	97.43589743589743
ov025_dist48000	DMEL_CRE_00325	39	0	100.0
ov025_dist48000	DMEL_CRE_00326	39	0	100.0
ov025_dist48000	DMEL_CRE_00327	39	0	100.0
ov025_dist48000	DMEL_CRE_00328	39	0	100.0
ov025_dist48000	DMEL_CRE_00329	39	1	97.43589743589743
ov025_dist48000	DMEL_CRE_00330	39	0	100.0
ov025_dist48000	DMEL_CRE_00331	39	4	89.74358974358975
ov025_dist48000	DMEL_CRE_00332	39	2	94.87179487179486
ov025_dist48000	DMEL_CRE_00333	39	0	100.0
ov025_dist48000	DMEL_CRE_00334	39	0	100.0
ov025_dist48000	DMEL_CRE_00335	39	0	100.0
ov025_dist48000	DMEL_CRE_00336	39	0	100.0
ov025_dist48000	DMEL_CRE_00337	39	1	97.43589743589743
ov050_dist12000	DMEL_CRE_00001	39	0	100.0
ov050_dist12000	DMEL_CRE_00002	39	0	100.0
ov050_dist12000	DMEL_CRE_00003	39	0	100.0
ov050_dist12000	DMEL_CRE_00004	39	0	100.0
ov050_dist12000	DMEL_CRE_00005	39	2	94.87179487179486
ov050_dist12000	DMEL_CRE_00006	39	3	92.3076923076923
ov050_dist12000	DMEL_CRE_00007	39	2	94.87179487179486
ov050_dist12000	DMEL_CRE_00008	39	0	100.0
ov050_dist12000	DMEL_CRE_00009	39	0	100.0
ov050_dist12000	DMEL_CRE_00010	39	0	100.0
ov050_dist12000	DMEL_CRE_00011	39	0	100.0
ov050_dist12000	DMEL_CRE_00012	39	0	100.0
ov050_dist12000	DMEL_CRE_00013	39	1	97.43589743589743
ov050_dist12000	DMEL_CRE_00014	39	1	97.43589743589743
ov050_dist12000	DMEL_CRE_00015	39	0	100.0
ov050_dist12000	DMEL_CRE_00016	39	0	100.0
ov050_dist12000	DMEL_CRE_00017	39	0	100.0
ov050_dist12000	DMEL_CRE_00018	39	0	100.0
ov050_dist12000	DMEL_CRE_00019	39	0	100.0
ov050_dist12000	DMEL_CRE_00020	39	0	100.0
ov050_dist12000	DMEL_CRE_00021	39	0	100.0
ov050_dist12000	DMEL_CRE_00022	39	0	100.0
ov050_dist12000	DMEL_CRE_00023	39	0	100.0
ov050_dist12000	DMEL_CRE_00024	39	0	100.0
ov050_dist12000	DMEL_CRE_00025	39	0	100.0
ov050_dist12000	DMEL_CRE_00026	39	4	89.74358974358975
ov050_dist12000	DMEL_CRE_00027	39	0	100.0
ov050_dist12000	DMEL_CRE_00028	39	0	100.0
ov050_dist12000	DMEL_CRE_00029	39	0	100.0
ov050_dist12000	DMEL_CRE_00030	39	0	100.0
ov050_dist12000	DMEL_CRE_00031	39	0	100.0
ov050_dist12000	DMEL_CRE_00032	39	0	100.0
ov050_dist12000	DMEL_CRE_00033	39	0	100.0
ov050_dist12000	DMEL_CRE_00034	39	0	100.0
ov050_dist12000	DMEL_CRE_00035	39	0	100.0
ov050_dist12000	DMEL_CRE_00036	39	0	100.0
ov050_dist12000	DMEL_CRE_00037	39	0	100.0
ov050_dist12000	DMEL_CRE_00038	39	0	100.0
ov050_dist12000	DMEL_CRE_00039	39	0	100.0
ov050_dist12000	DMEL_CRE_00040	39	0	100.0
ov050_dist12000	DMEL_CRE_00041	39	0	100.0
ov050_dist12000	DMEL_CRE_00042	39	0	100.0
ov050_dist12000	DMEL_CRE_00043	39	0	100.0
ov050_dist12000	DMEL_CRE_00044	39	1	97.43589743589743
ov050_dist12000	DMEL_CRE_00045	39	0	100.0
ov050_dist12000	DMEL_CRE_00046	39	0	100.0
ov050_dist12000	DMEL_CRE_00047	39	0	100.0
ov050_dist12000	DMEL_CRE_00048	39	0	100.0
ov050_dist12000	DMEL_CRE_00049	39	0	100.0
ov050_dist12000	DMEL_CRE_00050	39	0	100.0
ov050_dist12000	DMEL_CRE_00051	39	3	92.3076923076923
ov050_dist12000	DMEL_CRE_00052	39	0	100.0
ov050_dist12000	DMEL_CRE_00053	39	1	97.43589743589743
ov050_dist12000	DMEL_CRE_00054	39	1	97.43589743589743
ov050_dist12000	DMEL_CRE_00055	39	2	94.87179487179486
ov050_dist12000	DMEL_CRE_00056	39	1	97.43589743589743
ov050_dist12000	DMEL_CRE_00057	39	0	100.0
ov050_dist12000	DMEL_CRE_00058	39	0	100.0
ov050_dist12000	DMEL_CRE_00059	39	0	100.0
ov050_dist12000	DMEL_CRE_00060	39	0	100.0
ov050_dist12000	DMEL_CRE_00061	39	2	94.87179487179486
ov050_dist12000	DMEL_CRE_00062	39	0	100.0
ov050_dist12000	DMEL_CRE_00063	39	0	100.0
ov050_dist12000	DMEL_CRE_00064	39	0	100.0
ov050_dist12000	DMEL_CRE_00065	39	0	100.0
ov050_dist12000	DMEL_CRE_00066	39	0	100.0
ov050_dist12000	DMEL_CRE_00067	39	0	100.0
ov050_dist12000	DMEL_CRE_00068	39	0	100.0
ov050_dist12000	DMEL_CRE_00069	39	0	100.0
ov050_dist12000	DMEL_CRE_00070	39	0	100.0
ov050_dist12000	DMEL_CRE_00071	39	0	100.0
ov050_dist12000	DMEL_CRE_00072	39	0	100.0
ov050_dist12000	DMEL_CRE_00073	39	0	100.0
ov050_dist12000	DMEL_CRE_00074	39	0	100.0
ov050_dist12000	DMEL_CRE_00075	39	0	100.0
ov050_dist12000	DMEL_CRE_00076	39	0	100.0
ov050_dist12000	DMEL_CRE_00077	39	1	97.43589743589743
ov050_dist12000	DMEL_CRE_00078	39	0	100.0
ov050_dist12000	DMEL_CRE_00079	39	0	100.0
ov050_dist12000	DMEL_CRE_00080	39	1	97.43589743589743
ov050_dist12000	DMEL_CRE_00081	39	0	100.0
ov050_dist12000	DMEL_CRE_00082	39	0	100.0
ov050_dist12000	DMEL_CRE_00083	39	0	100.0
ov050_dist12000	DMEL_CRE_00084	39	0	100.0
ov050_dist12000	DMEL_CRE_00085	39	0	100.0
ov050_dist12000	DMEL_CRE_00086	39	0	100.0
ov050_dist12000	DMEL_CRE_00087	39	0	100.0
ov050_dist12000	DMEL_CRE_00088	39	0	100.0
ov050_dist12000	DMEL_CRE_00089	39	0	100.0
ov050_dist12000	DMEL_CRE_00090	39	0	100.0
ov050_dist12000	DMEL_CRE_00091	39	0	100.0
ov050_dist12000	DMEL_CRE_00092	39	0	100.0
ov050_dist12000	DMEL_CRE_00093	39	0	100.0
ov050_dist12000	DMEL_CRE_00094	39	0	100.0
ov050_dist12000	DMEL_CRE_00095	39	0	100.0
ov050_dist12000	DMEL_CRE_00096	39	1	97.43589743589743
ov050_dist12000	DMEL_CRE_00097	39	0	100.0
ov050_dist12000	DMEL_CRE_00098	39	0	100.0
ov050_dist12000	DMEL_CRE_00099	39	0	100.0
ov050_dist12000	DMEL_CRE_00100	39	0	100.0
ov050_dist12000	DMEL_CRE_00101	39	0	100.0
ov050_dist12000	DMEL_CRE_00102	39	2	94.87179487179486
ov050_dist12000	DMEL_CRE_00103	39	0	100.0
ov050_dist12000	DMEL_CRE_00104	39	0	100.0
ov050_dist12000	DMEL_CRE_00105	39	0	100.0
ov050_dist12000	DMEL_CRE_00106	39	0	100.0
ov050_dist12000	DMEL_CRE_00107	39	0	100.0
ov050_dist12000	DMEL_CRE_00108	39	0	100.0
ov050_dist12000	DMEL_CRE_00109	39	0	100.0
ov050_dist12000	DMEL_CRE_00110	39	0	100.0
ov050_dist12000	DMEL_CRE_00111	39	0	100.0
ov050_dist12000	DMEL_CRE_00112	39	0	100.0
ov050_dist12000	DMEL_CRE_00113	39	4	89.74358974358975
ov050_dist12000	DMEL_CRE_00114	39	0	100.0
ov050_dist12000	DMEL_CRE_00115	39	1	97.43589743589743
ov050_dist12000	DMEL_CRE_00116	39	0	100.0
ov050_dist12000	DMEL_CRE_00117	39	0	100.0
ov050_dist12000	DMEL_CRE_00118	39	0	100.0
ov050_dist12000	DMEL_CRE_00119	39	0	100.0
ov050_dist12000	DMEL_CRE_00120	39	0	100.0
ov050_dist12000	DMEL_CRE_00121	39	1	97.43589743589743
ov050_dist12000	DMEL_CRE_00122	39	0	100.0
ov050_dist12000	DMEL_CRE_00123	39	0	100.0
ov050_dist12000	DMEL_CRE_00124	39	0	100.0
ov050_dist12000	DMEL_CRE_00125	39	0	100.0
ov050_dist12000	DMEL_CRE_00126	39	0	100.0
ov050_dist12000	DMEL_CRE_00127	39	0	100.0
ov050_dist12000	DMEL_CRE_00128	39	0	100.0
ov050_dist12000	DMEL_CRE_00129	39	0	100.0
ov050_dist12000	DMEL_CRE_00130	39	0	100.0
ov050_dist12000	DMEL_CRE_00131	39	0	100.0
ov050_dist12000	DMEL_CRE_00132	39	0	100.0
ov050_dist12000	DMEL_CRE_00133	39	0	100.0
ov050_dist12000	DMEL_CRE_00134	39	0	100.0
ov050_dist12000	DMEL_CRE_00135	39	0	100.0
ov050_dist12000	DMEL_CRE_00136	39	0	100.0
ov050_dist12000	DMEL_CRE_00137	39	0	100.0
ov050_dist12000	DMEL_CRE_00138	39	0	100.0
ov050_dist12000	DMEL_CRE_00139	39	0	100.0
ov050_dist12000	DMEL_CRE_00140	39	1	97.43589743589743
ov050_dist12000	DMEL_CRE_00141	39	0	100.0
ov050_dist12000	DMEL_CRE_00142	39	0	100.0
ov050_dist12000	DMEL_CRE_00143	39	0	100.0
ov050_dist12000	DMEL_CRE_00144	39	0	100.0
ov050_dist12000	DMEL_CRE_00145	39	0	100.0
ov050_dist12000	DMEL_CRE_00146	39	0	100.0
ov050_dist12000	DMEL_CRE_00147	39	0	100.0
ov050_dist12000	DMEL_CRE_00148	39	0	100.0
ov050_dist12000	DMEL_CRE_00149	39	0	100.0
ov050_dist12000	DMEL_CRE_00150	39	0	100.0
ov050_dist12000	DMEL_CRE_00151	39	0	100.0
ov050_dist12000	DMEL_CRE_00152	39	0	100.0
ov050_dist12000	DMEL_CRE_00153	39	0	100.0
ov050_dist12000	DMEL_CRE_00154	39	0	100.0
ov050_dist12000	DMEL_CRE_00155	39	0	100.0
ov050_dist12000	DMEL_CRE_00156	39	0	100.0
ov050_dist12000	DMEL_CRE_00157	39	0	100.0
ov050_dist12000	DMEL_CRE_00158	39	0	100.0
ov050_dist12000	DMEL_CRE_00159	39	0	100.0
ov050_dist12000	DMEL_CRE_00160	39	0	100.0
ov050_dist12000	DMEL_CRE_00161	39	0	100.0
ov050_dist12000	DMEL_CRE_00162	39	0	100.0
ov050_dist12000	DMEL_CRE_00163	39	0	100.0
ov050_dist12000	DMEL_CRE_00164	39	1	97.43589743589743
ov050_dist12000	DMEL_CRE_00165	39	0	100.0
ov050_dist12000	DMEL_CRE_00166	39	0	100.0
ov050_dist12000	DMEL_CRE_00167	39	2	94.87179487179486
ov050_dist12000	DMEL_CRE_00168	39	0	100.0
ov050_dist12000	DMEL_CRE_00169	39	0	100.0
ov050_dist12000	DMEL_CRE_00170	39	0	100.0
ov050_dist12000	DMEL_CRE_00171	39	0	100.0
ov050_dist12000	DMEL_CRE_00172	39	0	100.0
ov050_dist12000	DMEL_CRE_00173	39	0	100.0
ov050_dist12000	DMEL_CRE_00174	39	3	92.3076923076923
ov050_dist12000	DMEL_CRE_00175	39	2	94.87179487179486
ov050_dist12000	DMEL_CRE_00176	39	0	100.0
ov050_dist12000	DMEL_CRE_00177	39	0	100.0
ov050_dist12000	DMEL_CRE_00178	39	0	100.0
ov050_dist12000	DMEL_CRE_00179	39	0	100.0
ov050_dist12000	DMEL_CRE_00180	39	0	100.0
ov050_dist12000	DMEL_CRE_00181	39	0	100.0
ov050_dist12000	DMEL_CRE_00182	39	2	94.87179487179486
ov050_dist12000	DMEL_CRE_00183	39	0	100.0
ov050_dist12000	DMEL_CRE_00184	39	0	100.0
ov050_dist12000	DMEL_CRE_00185	39	0	100.0
ov050_dist12000	DMEL_CRE_00186	39	0	100.0
ov050_dist12000	DMEL_CRE_00187	39	0	100.0
ov050_dist12000	DMEL_CRE_00188	39	0	100.0
ov050_dist12000	DMEL_CRE_00189	39	0	100.0
ov050_dist12000	DMEL_CRE_00190	39	0	100.0
ov050_dist12000	DMEL_CRE_00191	39	0	100.0
ov050_dist12000	DMEL_CRE_00192	39	0	100.0
ov050_dist12000	DMEL_CRE_00193	39	0	100.0
ov050_dist12000	DMEL_CRE_00194	39	0	100.0
ov050_dist12000	DMEL_CRE_00195	39	0	100.0
ov050_dist12000	DMEL_CRE_00196	39	0	100.0
ov050_dist12000	DMEL_CRE_00197	39	0	100.0
ov050_dist12000	DMEL_CRE_00198	39	0	100.0
ov050_dist12000	DMEL_CRE_00199	39	0	100.0
ov050_dist12000	DMEL_CRE_00200	39	2	94.87179487179486
ov050_dist12000	DMEL_CRE_00201	39	0	100.0
ov050_dist12000	DMEL_CRE_00202	39	3	92.3076923076923
ov050_dist12000	DMEL_CRE_00203	39	0	100.0
ov050_dist12000	DMEL_CRE_00204	39	0	100.0
ov050_dist12000	DMEL_CRE_00205	39	0	100.0
ov050_dist12000	DMEL_CRE_00206	39	3	92.3076923076923
ov050_dist12000	DMEL_CRE_00207	39	0	100.0
ov050_dist12000	DMEL_CRE_00208	39	0	100.0
ov050_dist12000	DMEL_CRE_00209	39	0	100.0
ov050_dist12000	DMEL_CRE_00210	39	0	100.0
ov050_dist12000	DMEL_CRE_00211	39	0	100.0
ov050_dist12000	DMEL_CRE_00212	39	0	100.0
ov050_dist12000	DMEL_CRE_00213	39	0	100.0
ov050_dist12000	DMEL_CRE_00214	39	0	100.0
ov050_dist12000	DMEL_CRE_00215	39	0	100.0
ov050_dist12000	DMEL_CRE_00216	39	0	100.0
ov050_dist12000	DMEL_CRE_00217	39	0	100.0
ov050_dist12000	DMEL_CRE_00218	39	0	100.0
ov050_dist12000	DMEL_CRE_00219	39	0	100.0
ov050_dist12000	DMEL_CRE_00220	39	0	100.0
ov050_dist12000	DMEL_CRE_00221	39	0	100.0
ov050_dist12000	DMEL_CRE_00222	39	0	100.0
ov050_dist12000	DMEL_CRE_00223	39	1	97.43589743589743
ov050_dist12000	DMEL_CRE_00224	39	0	100.0
ov050_dist12000	DMEL_CRE_00225	39	0	100.0
ov050_dist12000	DMEL_CRE_00226	39	3	92.3076923076923
ov050_dist12000	DMEL_CRE_00227	39	0	100.0
ov050_dist12000	DMEL_CRE_00228	39	0	100.0
ov050_dist12000	DMEL_CRE_00229	39	0	100.0
ov050_dist12000	DMEL_CRE_00230	39	0	100.0
ov050_dist12000	DMEL_CRE_00231	39	0	100.0
ov050_dist12000	DMEL_CRE_00232	39	0	100.0
ov050_dist12000	DMEL_CRE_00233	39	0	100.0
ov050_dist12000	DMEL_CRE_00234	39	0	100.0
ov050_dist12000	DMEL_CRE_00235	39	0	100.0
ov050_dist12000	DMEL_CRE_00236	39	0	100.0
ov050_dist12000	DMEL_CRE_00237	39	0	100.0
ov050_dist12000	DMEL_CRE_00238	39	0	100.0
ov050_dist12000	DMEL_CRE_00239	39	0	100.0
ov050_dist12000	DMEL_CRE_00240	39	0	100.0
ov050_dist12000	DMEL_CRE_00241	39	0	100.0
ov050_dist12000	DMEL_CRE_00242	39	0	100.0
ov050_dist12000	DMEL_CRE_00243	39	0	100.0
ov050_dist12000	DMEL_CRE_00244	39	0	100.0
ov050_dist12000	DMEL_CRE_00245	39	0	100.0
ov050_dist12000	DMEL_CRE_00246	39	0	100.0
ov050_dist12000	DMEL_CRE_00247	39	0	100.0
ov050_dist12000	DMEL_CRE_00248	39	1	97.43589743589743
ov050_dist12000	DMEL_CRE_00249	39	0	100.0
ov050_dist12000	DMEL_CRE_00250	39	0	100.0
ov050_dist12000	DMEL_CRE_00251	39	0	100.0
ov050_dist12000	DMEL_CRE_00252	39	0	100.0
ov050_dist12000	DMEL_CRE_00253	39	0	100.0
ov050_dist12000	DMEL_CRE_00254	39	0	100.0
ov050_dist12000	DMEL_CRE_00255	39	1	97.43589743589743
ov050_dist12000	DMEL_CRE_00256	39	0	100.0
ov050_dist12000	DMEL_CRE_00257	39	0	100.0
ov050_dist12000	DMEL_CRE_00258	39	0	100.0
ov050_dist12000	DMEL_CRE_00259	39	0	100.0
ov050_dist12000	DMEL_CRE_00260	39	0	100.0
ov050_dist12000	DMEL_CRE_00261	39	0	100.0
ov050_dist12000	DMEL_CRE_00262	39	0	100.0
ov050_dist12000	DMEL_CRE_00263	39	0	100.0
ov050_dist12000	DMEL_CRE_00264	39	0	100.0
ov050_dist12000	DMEL_CRE_00265	39	0	100.0
ov050_dist12000	DMEL_CRE_00266	39	0	100.0
ov050_dist12000	DMEL_CRE_00267	39	3	92.3076923076923
ov050_dist12000	DMEL_CRE_00268	39	0	100.0
ov050_dist12000	DMEL_CRE_00269	39	0	100.0
ov050_dist12000	DMEL_CRE_00270	39	0	100.0
ov050_dist12000	DMEL_CRE_00271	39	0	100.0
ov050_dist12000	DMEL_CRE_00272	39	0	100.0
ov050_dist12000	DMEL_CRE_00273	39	0	100.0
ov050_dist12000	DMEL_CRE_00274	39	0	100.0
ov050_dist12000	DMEL_CRE_00275	39	1	97.43589743589743
ov050_dist12000	DMEL_CRE_00276	39	0	100.0
ov050_dist12000	DMEL_CRE_00277	39	0	100.0
ov050_dist12000	DMEL_CRE_00278	39	0	100.0
ov050_dist12000	DMEL_CRE_00279	39	0	100.0
ov050_dist12000	DMEL_CRE_00280	39	0	100.0
ov050_dist12000	DMEL_CRE_00281	39	0	100.0
ov050_dist12000	DMEL_CRE_00282	39	0	100.0
ov050_dist12000	DMEL_CRE_00283	39	0	100.0
ov050_dist12000	DMEL_CRE_00284	39	0	100.0
ov050_dist12000	DMEL_CRE_00285	39	0	100.0
ov050_dist12000	DMEL_CRE_00286	39	0	100.0
ov050_dist12000	DMEL_CRE_00287	39	0	100.0
ov050_dist12000	DMEL_CRE_00288	39	0	100.0
ov050_dist12000	DMEL_CRE_00289	39	2	94.87179487179486
ov050_dist12000	DMEL_CRE_00290	39	0	100.0
ov050_dist12000	DMEL_CRE_00291	39	0	100.0
ov050_dist12000	DMEL_CRE_00292	39	0	100.0
ov050_dist12000	DMEL_CRE_00293	39	0	100.0
ov050_dist12000	DMEL_CRE_00294	39	1	97.43589743589743
ov050_dist12000	DMEL_CRE_00295	39	0	100.0
ov050_dist12000	DMEL_CRE_00296	39	0	100.0
ov050_dist12000	DMEL_CRE_00297	39	1	97.43589743589743
ov050_dist12000	DMEL_CRE_00298	39	0	100.0
ov050_dist12000	DMEL_CRE_00299	39	0	100.0
ov050_dist12000	DMEL_CRE_00300	39	0	100.0
ov050_dist12000	DMEL_CRE_00301	39	0	100.0
ov050_dist12000	DMEL_CRE_00302	39	0	100.0
ov050_dist12000	DMEL_CRE_00303	39	0	100.0
ov050_dist12000	DMEL_CRE_00304	39	2	94.87179487179486
ov050_dist12000	DMEL_CRE_00305	39	0	100.0
ov050_dist12000	DMEL_CRE_00306	39	0	100.0
ov050_dist12000	DMEL_CRE_00307	39	0	100.0
ov050_dist12000	DMEL_CRE_00308	39	0	100.0
ov050_dist12000	DMEL_CRE_00309	39	0	100.0
ov050_dist12000	DMEL_CRE_00310	39	0	100.0
ov050_dist12000	DMEL_CRE_00311	39	0	100.0
ov050_dist12000	DMEL_CRE_00312	39	0	100.0
ov050_dist12000	DMEL_CRE_00313	39	1	97.43589743589743
ov050_dist12000	DMEL_CRE_00314	39	0	100.0
ov050_dist12000	DMEL_CRE_00315	39	0	100.0
ov050_dist12000	DMEL_CRE_00316	39	0	100.0
ov050_dist12000	DMEL_CRE_00317	39	0	100.0
ov050_dist12000	DMEL_CRE_00318	39	6	84.61538461538461
ov050_dist12000	DMEL_CRE_00319	39	0	100.0
ov050_dist12000	DMEL_CRE_00320	39	0	100.0
ov050_dist12000	DMEL_CRE_00321	39	0	100.0
ov050_dist12000	DMEL_CRE_00322	39	2	94.87179487179486
ov050_dist12000	DMEL_CRE_00323	39	0	100.0
ov050_dist12000	DMEL_CRE_00324	39	0	100.0
ov050_dist12000	DMEL_CRE_00325	39	0	100.0
ov050_dist12000	DMEL_CRE_00326	39	0	100.0
ov050_dist12000	DMEL_CRE_00327	39	0	100.0
ov050_dist12000	DMEL_CRE_00328	39	0	100.0
ov050_dist12000	DMEL_CRE_00329	39	0	100.0
ov050_dist12000	DMEL_CRE_00330	39	0	100.0
ov050_dist12000	DMEL_CRE_00331	39	0	100.0
ov050_dist12000	DMEL_CRE_00332	39	2	94.87179487179486
ov050_dist12000	DMEL_CRE_00333	39	1	97.43589743589743
ov050_dist12000	DMEL_CRE_00334	39	0	100.0
ov050_dist12000	DMEL_CRE_00335	39	0	100.0
ov050_dist12000	DMEL_CRE_00336	39	0	100.0
ov050_dist12000	DMEL_CRE_00337	39	0	100.0
ov050_dist24000	DMEL_CRE_00001	39	0	100.0
ov050_dist24000	DMEL_CRE_00002	39	0	100.0
ov050_dist24000	DMEL_CRE_00003	39	0	100.0
ov050_dist24000	DMEL_CRE_00004	39	0	100.0
ov050_dist24000	DMEL_CRE_00005	39	0	100.0
ov050_dist24000	DMEL_CRE_00006	39	0	100.0
ov050_dist24000	DMEL_CRE_00007	39	0	100.0
ov050_dist24000	DMEL_CRE_00008	39	0	100.0
ov050_dist24000	DMEL_CRE_00009	39	0	100.0
ov050_dist24000	DMEL_CRE_00010	39	0	100.0
ov050_dist24000	DMEL_CRE_00011	39	0	100.0
ov050_dist24000	DMEL_CRE_00012	39	0	100.0
ov050_dist24000	DMEL_CRE_00013	39	0	100.0
ov050_dist24000	DMEL_CRE_00014	39	0	100.0
ov050_dist24000	DMEL_CRE_00015	39	0	100.0
ov050_dist24000	DMEL_CRE_00016	39	0	100.0
ov050_dist24000	DMEL_CRE_00017	39	0	100.0
ov050_dist24000	DMEL_CRE_00018	39	0	100.0
ov050_dist24000	DMEL_CRE_00019	39	0	100.0
ov050_dist24000	DMEL_CRE_00020	39	0	100.0
ov050_dist24000	DMEL_CRE_00021	39	0	100.0
ov050_dist24000	DMEL_CRE_00022	39	0	100.0
ov050_dist24000	DMEL_CRE_00023	39	0	100.0
ov050_dist24000	DMEL_CRE_00024	39	0	100.0
ov050_dist24000	DMEL_CRE_00025	39	0	100.0
ov050_dist24000	DMEL_CRE_00026	39	0	100.0
ov050_dist24000	DMEL_CRE_00027	39	0	100.0
ov050_dist24000	DMEL_CRE_00028	39	0	100.0
ov050_dist24000	DMEL_CRE_00029	39	0	100.0
ov050_dist24000	DMEL_CRE_00030	39	0	100.0
ov050_dist24000	DMEL_CRE_00031	39	0	100.0
ov050_dist24000	DMEL_CRE_00032	39	0	100.0
ov050_dist24000	DMEL_CRE_00033	39	0	100.0
ov050_dist24000	DMEL_CRE_00034	39	0	100.0
ov050_dist24000	DMEL_CRE_00035	39	0	100.0
ov050_dist24000	DMEL_CRE_00036	39	0	100.0
ov050_dist24000	DMEL_CRE_00037	39	0	100.0
ov050_dist24000	DMEL_CRE_00038	39	0	100.0
ov050_dist24000	DMEL_CRE_00039	39	0	100.0
ov050_dist24000	DMEL_CRE_00040	39	0	100.0
ov050_dist24000	DMEL_CRE_00041	39	0	100.0
ov050_dist24000	DMEL_CRE_00042	39	0	100.0
ov050_dist24000	DMEL_CRE_00043	39	0	100.0
ov050_dist24000	DMEL_CRE_00044	39	0	100.0
ov050_dist24000	DMEL_CRE_00045	39	0	100.0
ov050_dist24000	DMEL_CRE_00046	39	0	100.0
ov050_dist24000	DMEL_CRE_00047	39	0	100.0
ov050_dist24000	DMEL_CRE_00048	39	0	100.0
ov050_dist24000	DMEL_CRE_00049	39	0	100.0
ov050_dist24000	DMEL_CRE_00050	39	0	100.0
ov050_dist24000	DMEL_CRE_00051	39	0	100.0
ov050_dist24000	DMEL_CRE_00052	39	0	100.0
ov050_dist24000	DMEL_CRE_00053	39	0	100.0
ov050_dist24000	DMEL_CRE_00054	39	0	100.0
ov050_dist24000	DMEL_CRE_00055	39	0	100.0
ov050_dist24000	DMEL_CRE_00056	39	0	100.0
ov050_dist24000	DMEL_CRE_00057	39	0	100.0
ov050_dist24000	DMEL_CRE_00058	39	0	100.0
ov050_dist24000	DMEL_CRE_00059	39	0	100.0
ov050_dist24000	DMEL_CRE_00060	39	0	100.0
ov050_dist24000	DMEL_CRE_00061	39	0	100.0
ov050_dist24000	DMEL_CRE_00062	39	0	100.0
ov050_dist24000	DMEL_CRE_00063	39	0	100.0
ov050_dist24000	DMEL_CRE_00064	39	0	100.0
ov050_dist24000	DMEL_CRE_00065	39	0	100.0
ov050_dist24000	DMEL_CRE_00066	39	0	100.0
ov050_dist24000	DMEL_CRE_00067	39	0	100.0
ov050_dist24000	DMEL_CRE_00068	39	0	100.0
ov050_dist24000	DMEL_CRE_00069	39	0	100.0
ov050_dist24000	DMEL_CRE_00070	39	0	100.0
ov050_dist24000	DMEL_CRE_00071	39	0	100.0
ov050_dist24000	DMEL_CRE_00072	39	0	100.0
ov050_dist24000	DMEL_CRE_00073	39	0	100.0
ov050_dist24000	DMEL_CRE_00074	39	0	100.0
ov050_dist24000	DMEL_CRE_00075	39	0	100.0
ov050_dist24000	DMEL_CRE_00076	39	0	100.0
ov050_dist24000	DMEL_CRE_00077	39	0	100.0
ov050_dist24000	DMEL_CRE_00078	39	0	100.0
ov050_dist24000	DMEL_CRE_00079	39	0	100.0
ov050_dist24000	DMEL_CRE_00080	39	0	100.0
ov050_dist24000	DMEL_CRE_00081	39	0	100.0
ov050_dist24000	DMEL_CRE_00082	39	0	100.0
ov050_dist24000	DMEL_CRE_00083	39	0	100.0
ov050_dist24000	DMEL_CRE_00084	39	0	100.0
ov050_dist24000	DMEL_CRE_00085	39	0	100.0
ov050_dist24000	DMEL_CRE_00086	39	0	100.0
ov050_dist24000	DMEL_CRE_00087	39	0	100.0
ov050_dist24000	DMEL_CRE_00088	39	0	100.0
ov050_dist24000	DMEL_CRE_00089	39	0	100.0
ov050_dist24000	DMEL_CRE_00090	39	0	100.0
ov050_dist24000	DMEL_CRE_00091	39	0	100.0
ov050_dist24000	DMEL_CRE_00092	39	0	100.0
ov050_dist24000	DMEL_CRE_00093	39	0	100.0
ov050_dist24000	DMEL_CRE_00094	39	0	100.0
ov050_dist24000	DMEL_CRE_00095	39	0	100.0
ov050_dist24000	DMEL_CRE_00096	39	0	100.0
ov050_dist24000	DMEL_CRE_00097	39	0	100.0
ov050_dist24000	DMEL_CRE_00098	39	0	100.0
ov050_dist24000	DMEL_CRE_00099	39	0	100.0
ov050_dist24000	DMEL_CRE_00100	39	0	100.0
ov050_dist24000	DMEL_CRE_00101	39	0	100.0
ov050_dist24000	DMEL_CRE_00102	39	0	100.0
ov050_dist24000	DMEL_CRE_00103	39	0	100.0
ov050_dist24000	DMEL_CRE_00104	39	0	100.0
ov050_dist24000	DMEL_CRE_00105	39	0	100.0
ov050_dist24000	DMEL_CRE_00106	39	0	100.0
ov050_dist24000	DMEL_CRE_00107	39	0	100.0
ov050_dist24000	DMEL_CRE_00108	39	0	100.0
ov050_dist24000	DMEL_CRE_00109	39	0	100.0
ov050_dist24000	DMEL_CRE_00110	39	0	100.0
ov050_dist24000	DMEL_CRE_00111	39	0	100.0
ov050_dist24000	DMEL_CRE_00112	39	0	100.0
ov050_dist24000	DMEL_CRE_00113	39	0	100.0
ov050_dist24000	DMEL_CRE_00114	39	0	100.0
ov050_dist24000	DMEL_CRE_00115	39	0	100.0
ov050_dist24000	DMEL_CRE_00116	39	0	100.0
ov050_dist24000	DMEL_CRE_00117	39	0	100.0
ov050_dist24000	DMEL_CRE_00118	39	0	100.0
ov050_dist24000	DMEL_CRE_00119	39	0	100.0
ov050_dist24000	DMEL_CRE_00120	39	0	100.0
ov050_dist24000	DMEL_CRE_00121	39	0	100.0
ov050_dist24000	DMEL_CRE_00122	39	0	100.0
ov050_dist24000	DMEL_CRE_00123	39	0	100.0
ov050_dist24000	DMEL_CRE_00124	39	0	100.0
ov050_dist24000	DMEL_CRE_00125	39	0	100.0
ov050_dist24000	DMEL_CRE_00126	39	0	100.0
ov050_dist24000	DMEL_CRE_00127	39	0	100.0
ov050_dist24000	DMEL_CRE_00128	39	0	100.0
ov050_dist24000	DMEL_CRE_00129	39	0	100.0
ov050_dist24000	DMEL_CRE_00130	39	0	100.0
ov050_dist24000	DMEL_CRE_00131	39	0	100.0
ov050_dist24000	DMEL_CRE_00132	39	0	100.0
ov050_dist24000	DMEL_CRE_00133	39	0	100.0
ov050_dist24000	DMEL_CRE_00134	39	0	100.0
ov050_dist24000	DMEL_CRE_00135	39	0	100.0
ov050_dist24000	DMEL_CRE_00136	39	0	100.0
ov050_dist24000	DMEL_CRE_00137	39	0	100.0
ov050_dist24000	DMEL_CRE_00138	39	0	100.0
ov050_dist24000	DMEL_CRE_00139	39	0	100.0
ov050_dist24000	DMEL_CRE_00140	39	0	100.0
ov050_dist24000	DMEL_CRE_00141	39	0	100.0
ov050_dist24000	DMEL_CRE_00142	39	0	100.0
ov050_dist24000	DMEL_CRE_00143	39	0	100.0
ov050_dist24000	DMEL_CRE_00144	39	0	100.0
ov050_dist24000	DMEL_CRE_00145	39	0	100.0
ov050_dist24000	DMEL_CRE_00146	39	0	100.0
ov050_dist24000	DMEL_CRE_00147	39	0	100.0
ov050_dist24000	DMEL_CRE_00148	39	0	100.0
ov050_dist24000	DMEL_CRE_00149	39	0	100.0
ov050_dist24000	DMEL_CRE_00150	39	0	100.0
ov050_dist24000	DMEL_CRE_00151	39	0	100.0
ov050_dist24000	DMEL_CRE_00152	39	0	100.0
ov050_dist24000	DMEL_CRE_00153	39	0	100.0
ov050_dist24000	DMEL_CRE_00154	39	0	100.0
ov050_dist24000	DMEL_CRE_00155	39	0	100.0
ov050_dist24000	DMEL_CRE_00156	39	0	100.0
ov050_dist24000	DMEL_CRE_00157	39	0	100.0
ov050_dist24000	DMEL_CRE_00158	39	0	100.0
ov050_dist24000	DMEL_CRE_00159	39	0	100.0
ov050_dist24000	DMEL_CRE_00160	39	0	100.0
ov050_dist24000	DMEL_CRE_00161	39	0	100.0
ov050_dist24000	DMEL_CRE_00162	39	0	100.0
ov050_dist24000	DMEL_CRE_00163	39	0	100.0
ov050_dist24000	DMEL_CRE_00164	39	0	100.0
ov050_dist24000	DMEL_CRE_00165	39	0	100.0
ov050_dist24000	DMEL_CRE_00166	39	0	100.0
ov050_dist24000	DMEL_CRE_00167	39	0	100.0
ov050_dist24000	DMEL_CRE_00168	39	0	100.0
ov050_dist24000	DMEL_CRE_00169	39	0	100.0
ov050_dist24000	DMEL_CRE_00170	39	0	100.0
ov050_dist24000	DMEL_CRE_00171	39	0	100.0
ov050_dist24000	DMEL_CRE_00172	39	0	100.0
ov050_dist24000	DMEL_CRE_00173	39	0	100.0
ov050_dist24000	DMEL_CRE_00174	39	0	100.0
ov050_dist24000	DMEL_CRE_00175	39	0	100.0
ov050_dist24000	DMEL_CRE_00176	39	0	100.0
ov050_dist24000	DMEL_CRE_00177	39	0	100.0
ov050_dist24000	DMEL_CRE_00178	39	0	100.0
ov050_dist24000	DMEL_CRE_00179	39	0	100.0
ov050_dist24000	DMEL_CRE_00180	39	0	100.0
ov050_dist24000	DMEL_CRE_00181	39	0	100.0
ov050_dist24000	DMEL_CRE_00182	39	0	100.0
ov050_dist24000	DMEL_CRE_00183	39	0	100.0
ov050_dist24000	DMEL_CRE_00184	39	0	100.0
ov050_dist24000	DMEL_CRE_00185	39	0	100.0
ov050_dist24000	DMEL_CRE_00186	39	0	100.0
ov050_dist24000	DMEL_CRE_00187	39	0	100.0
ov050_dist24000	DMEL_CRE_00188	39	0	100.0
ov050_dist24000	DMEL_CRE_00189	39	0	100.0
ov050_dist24000	DMEL_CRE_00190	39	0	100.0
ov050_dist24000	DMEL_CRE_00191	39	0	100.0
ov050_dist24000	DMEL_CRE_00192	39	0	100.0
ov050_dist24000	DMEL_CRE_00193	39	0	100.0
ov050_dist24000	DMEL_CRE_00194	39	0	100.0
ov050_dist24000	DMEL_CRE_00195	39	0	100.0
ov050_dist24000	DMEL_CRE_00196	39	0	100.0
ov050_dist24000	DMEL_CRE_00197	39	0	100.0
ov050_dist24000	DMEL_CRE_00198	39	0	100.0
ov050_dist24000	DMEL_CRE_00199	39	0	100.0
ov050_dist24000	DMEL_CRE_00200	39	0	100.0
ov050_dist24000	DMEL_CRE_00201	39	0	100.0
ov050_dist24000	DMEL_CRE_00202	39	0	100.0
ov050_dist24000	DMEL_CRE_00203	39	0	100.0
ov050_dist24000	DMEL_CRE_00204	39	0	100.0
ov050_dist24000	DMEL_CRE_00205	39	0	100.0
ov050_dist24000	DMEL_CRE_00206	39	0	100.0
ov050_dist24000	DMEL_CRE_00207	39	0	100.0
ov050_dist24000	DMEL_CRE_00208	39	0	100.0
ov050_dist24000	DMEL_CRE_00209	39	0	100.0
ov050_dist24000	DMEL_CRE_00210	39	0	100.0
ov050_dist24000	DMEL_CRE_00211	39	0	100.0
ov050_dist24000	DMEL_CRE_00212	39	0	100.0
ov050_dist24000	DMEL_CRE_00213	39	0	100.0
ov050_dist24000	DMEL_CRE_00214	39	0	100.0
ov050_dist24000	DMEL_CRE_00215	39	0	100.0
ov050_dist24000	DMEL_CRE_00216	39	0	100.0
ov050_dist24000	DMEL_CRE_00217	39	0	100.0
ov050_dist24000	DMEL_CRE_00218	39	0	100.0
ov050_dist24000	DMEL_CRE_00219	39	0	100.0
ov050_dist24000	DMEL_CRE_00220	39	0	100.0
ov050_dist24000	DMEL_CRE_00221	39	0	100.0
ov050_dist24000	DMEL_CRE_00222	39	0	100.0
ov050_dist24000	DMEL_CRE_00223	39	0	100.0
ov050_dist24000	DMEL_CRE_00224	39	0	100.0
ov050_dist24000	DMEL_CRE_00225	39	0	100.0
ov050_dist24000	DMEL_CRE_00226	39	0	100.0
ov050_dist24000	DMEL_CRE_00227	39	0	100.0
ov050_dist24000	DMEL_CRE_00228	39	0	100.0
ov050_dist24000	DMEL_CRE_00229	39	0	100.0
ov050_dist24000	DMEL_CRE_00230	39	0	100.0
ov050_dist24000	DMEL_CRE_00231	39	0	100.0
ov050_dist24000	DMEL_CRE_00232	39	0	100.0
ov050_dist24000	DMEL_CRE_00233	39	0	100.0
ov050_dist24000	DMEL_CRE_00234	39	0	100.0
ov050_dist24000	DMEL_CRE_00235	39	0	100.0
ov050_dist24000	DMEL_CRE_00236	39	0	100.0
ov050_dist24000	DMEL_CRE_00237	39	0	100.0
ov050_dist24000	DMEL_CRE_00238	39	0	100.0
ov050_dist24000	DMEL_CRE_00239	39	0	100.0
ov050_dist24000	DMEL_CRE_00240	39	0	100.0
ov050_dist24000	DMEL_CRE_00241	39	0	100.0
ov050_dist24000	DMEL_CRE_00242	39	0	100.0
ov050_dist24000	DMEL_CRE_00243	39	0	100.0
ov050_dist24000	DMEL_CRE_00244	39	0	100.0
ov050_dist24000	DMEL_CRE_00245	39	0	100.0
ov050_dist24000	DMEL_CRE_00246	39	0	100.0
ov050_dist24000	DMEL_CRE_00247	39	0	100.0
ov050_dist24000	DMEL_CRE_00248	39	0	100.0
ov050_dist24000	DMEL_CRE_00249	39	0	100.0
ov050_dist24000	DMEL_CRE_00250	39	0	100.0
ov050_dist24000	DMEL_CRE_00251	39	0	100.0
ov050_dist24000	DMEL_CRE_00252	39	0	100.0
ov050_dist24000	DMEL_CRE_00253	39	0	100.0
ov050_dist24000	DMEL_CRE_00254	39	0	100.0
ov050_dist24000	DMEL_CRE_00255	39	0	100.0
ov050_dist24000	DMEL_CRE_00256	39	0	100.0
ov050_dist24000	DMEL_CRE_00257	39	0	100.0
ov050_dist24000	DMEL_CRE_00258	39	0	100.0
ov050_dist24000	DMEL_CRE_00259	39	0	100.0
ov050_dist24000	DMEL_CRE_00260	39	0	100.0
ov050_dist24000	DMEL_CRE_00261	39	0	100.0
ov050_dist24000	DMEL_CRE_00262	39	0	100.0
ov050_dist24000	DMEL_CRE_00263	39	0	100.0
ov050_dist24000	DMEL_CRE_00264	39	0	100.0
ov050_dist24000	DMEL_CRE_00265	39	0	100.0
ov050_dist24000	DMEL_CRE_00266	39	0	100.0
ov050_dist24000	DMEL_CRE_00267	39	0	100.0
ov050_dist24000	DMEL_CRE_00268	39	0	100.0
ov050_dist24000	DMEL_CRE_00269	39	0	100.0
ov050_dist24000	DMEL_CRE_00270	39	0	100.0
ov050_dist24000	DMEL_CRE_00271	39	0	100.0
ov050_dist24000	DMEL_CRE_00272	39	0	100.0
ov050_dist24000	DMEL_CRE_00273	39	0	100.0
ov050_dist24000	DMEL_CRE_00274	39	0	100.0
ov050_dist24000	DMEL_CRE_00275	39	0	100.0
ov050_dist24000	DMEL_CRE_00276	39	0	100.0
ov050_dist24000	DMEL_CRE_00277	39	0	100.0
ov050_dist24000	DMEL_CRE_00278	39	0	100.0
ov050_dist24000	DMEL_CRE_00279	39	0	100.0
ov050_dist24000	DMEL_CRE_00280	39	0	100.0
ov050_dist24000	DMEL_CRE_00281	39	0	100.0
ov050_dist24000	DMEL_CRE_00282	39	0	100.0
ov050_dist24000	DMEL_CRE_00283	39	0	100.0
ov050_dist24000	DMEL_CRE_00284	39	0	100.0
ov050_dist24000	DMEL_CRE_00285	39	0	100.0
ov050_dist24000	DMEL_CRE_00286	39	0	100.0
ov050_dist24000	DMEL_CRE_00287	39	0	100.0
ov050_dist24000	DMEL_CRE_00288	39	0	100.0
ov050_dist24000	DMEL_CRE_00289	39	0	100.0
ov050_dist24000	DMEL_CRE_00290	39	0	100.0
ov050_dist24000	DMEL_CRE_00291	39	0	100.0
ov050_dist24000	DMEL_CRE_00292	39	0	100.0
ov050_dist24000	DMEL_CRE_00293	39	0	100.0
ov050_dist24000	DMEL_CRE_00294	39	0	100.0
ov050_dist24000	DMEL_CRE_00295	39	0	100.0
ov050_dist24000	DMEL_CRE_00296	39	0	100.0
ov050_dist24000	DMEL_CRE_00297	39	0	100.0
ov050_dist24000	DMEL_CRE_00298	39	0	100.0
ov050_dist24000	DMEL_CRE_00299	39	0	100.0
ov050_dist24000	DMEL_CRE_00300	39	0	100.0
ov050_dist24000	DMEL_CRE_00301	39	0	100.0
ov050_dist24000	DMEL_CRE_00302	39	0	100.0
ov050_dist24000	DMEL_CRE_00303	39	0	100.0
ov050_dist24000	DMEL_CRE_00304	39	0	100.0
ov050_dist24000	DMEL_CRE_00305	39	0	100.0
ov050_dist24000	DMEL_CRE_00306	39	0	100.0
ov050_dist24000	DMEL_CRE_00307	39	0	100.0
ov050_dist24000	DMEL_CRE_00308	39	0	100.0
ov050_dist24000	DMEL_CRE_00309	39	0	100.0
ov050_dist24000	DMEL_CRE_00310	39	0	100.0
ov050_dist24000	DMEL_CRE_00311	39	0	100.0
ov050_dist24000	DMEL_CRE_00312	39	0	100.0
ov050_dist24000	DMEL_CRE_00313	39	0	100.0
ov050_dist24000	DMEL_CRE_00314	39	0	100.0
ov050_dist24000	DMEL_CRE_00315	39	0	100.0
ov050_dist24000	DMEL_CRE_00316	39	0	100.0
ov050_dist24000	DMEL_CRE_00317	39	0	100.0
ov050_dist24000	DMEL_CRE_00318	39	0	100.0
ov050_dist24000	DMEL_CRE_00319	39	0	100.0
ov050_dist24000	DMEL_CRE_00320	39	0	100.0
ov050_dist24000	DMEL_CRE_00321	39	0	100.0
ov050_dist24000	DMEL_CRE_00322	39	0	100.0
ov050_dist24000	DMEL_CRE_00323	39	0	100.0
ov050_dist24000	DMEL_CRE_00324	39	0	100.0
ov050_dist24000	DMEL_CRE_00325	39	0	100.0
ov050_dist24000	DMEL_CRE_00326	39	0	100.0
ov050_dist24000	DMEL_CRE_00327	39	0	100.0
ov050_dist24000	DMEL_CRE_00328	39	0	100.0
ov050_dist24000	DMEL_CRE_00329	39	0	100.0
ov050_dist24000	DMEL_CRE_00330	39	0	100.0
ov050_dist24000	DMEL_CRE_00331	39	0	100.0
ov050_dist24000	DMEL_CRE_00332	39	0	100.0
ov050_dist24000	DMEL_CRE_00333	39	0	100.0
ov050_dist24000	DMEL_CRE_00334	39	0	100.0
ov050_dist24000	DMEL_CRE_00335	39	0	100.0
ov050_dist24000	DMEL_CRE_00336	39	0	100.0
ov050_dist24000	DMEL_CRE_00337	39	0	100.0
ov050_dist48000	DMEL_CRE_00001	39	0	100.0
ov050_dist48000	DMEL_CRE_00002	39	0	100.0
ov050_dist48000	DMEL_CRE_00003	39	0	100.0
ov050_dist48000	DMEL_CRE_00004	39	0	100.0
ov050_dist48000	DMEL_CRE_00005	39	1	97.43589743589743
ov050_dist48000	DMEL_CRE_00006	39	1	97.43589743589743
ov050_dist48000	DMEL_CRE_00007	39	2	94.87179487179486
ov050_dist48000	DMEL_CRE_00008	39	1	97.43589743589743
ov050_dist48000	DMEL_CRE_00009	39	0	100.0
ov050_dist48000	DMEL_CRE_00010	39	0	100.0
ov050_dist48000	DMEL_CRE_00011	39	0	100.0
ov050_dist48000	DMEL_CRE_00012	39	0	100.0
ov050_dist48000	DMEL_CRE_00013	39	0	100.0
ov050_dist48000	DMEL_CRE_00014	39	0	100.0
ov050_dist48000	DMEL_CRE_00015	39	0	100.0
ov050_dist48000	DMEL_CRE_00016	39	0	100.0
ov050_dist48000	DMEL_CRE_00017	39	0	100.0
ov050_dist48000	DMEL_CRE_00018	39	0	100.0
ov050_dist48000	DMEL_CRE_00019	39	0	100.0
ov050_dist48000	DMEL_CRE_00020	39	0	100.0
ov050_dist48000	DMEL_CRE_00021	39	0	100.0
ov050_dist48000	DMEL_CRE_00022	39	0	100.0
ov050_dist48000	DMEL_CRE_00023	39	0	100.0
ov050_dist48000	DMEL_CRE_00024	39	0	100.0
ov050_dist48000	DMEL_CRE_00025	39	0	100.0
ov050_dist48000	DMEL_CRE_00026	39	10	74.35897435897436
ov050_dist48000	DMEL_CRE_00027	39	2	94.87179487179486
ov050_dist48000	DMEL_CRE_00028	39	0	100.0
ov050_dist48000	DMEL_CRE_00029	39	0	100.0
ov050_dist48000	DMEL_CRE_00030	39	1	97.43589743589743
ov050_dist48000	DMEL_CRE_00031	39	0	100.0
ov050_dist48000	DMEL_CRE_00032	39	0	100.0
ov050_dist48000	DMEL_CRE_00033	39	1	97.43589743589743
ov050_dist48000	DMEL_CRE_00034	39	1	97.43589743589743
ov050_dist48000	DMEL_CRE_00035	39	0	100.0
ov050_dist48000	DMEL_CRE_00036	39	2	94.87179487179486
ov050_dist48000	DMEL_CRE_00037	39	0	100.0
ov050_dist48000	DMEL_CRE_00038	39	0	100.0
ov050_dist48000	DMEL_CRE_00039	39	0	100.0
ov050_dist48000	DMEL_CRE_00040	39	0	100.0
ov050_dist48000	DMEL_CRE_00041	39	0	100.0
ov050_dist48000	DMEL_CRE_00042	39	0	100.0
ov050_dist48000	DMEL_CRE_00043	39	0	100.0
ov050_dist48000	DMEL_CRE_00044	39	0	100.0
ov050_dist48000	DMEL_CRE_00045	39	3	92.3076923076923
ov050_dist48000	DMEL_CRE_00046	39	3	92.3076923076923
ov050_dist48000	DMEL_CRE_00047	39	0	100.0
ov050_dist48000	DMEL_CRE_00048	39	0	100.0
ov050_dist48000	DMEL_CRE_00049	39	0	100.0
ov050_dist48000	DMEL_CRE_00050	39	2	94.87179487179486
ov050_dist48000	DMEL_CRE_00051	39	0	100.0
ov050_dist48000	DMEL_CRE_00052	39	1	97.43589743589743
ov050_dist48000	DMEL_CRE_00053	39	1	97.43589743589743
ov050_dist48000	DMEL_CRE_00054	39	1	97.43589743589743
ov050_dist48000	DMEL_CRE_00055	39	1	97.43589743589743
ov050_dist48000	DMEL_CRE_00056	39	0	100.0
ov050_dist48000	DMEL_CRE_00057	39	0	100.0
ov050_dist48000	DMEL_CRE_00058	39	0	100.0
ov050_dist48000	DMEL_CRE_00059	39	0	100.0
ov050_dist48000	DMEL_CRE_00060	39	0	100.0
ov050_dist48000	DMEL_CRE_00061	39	2	94.87179487179486
ov050_dist48000	DMEL_CRE_00062	39	0	100.0
ov050_dist48000	DMEL_CRE_00063	39	0	100.0
ov050_dist48000	DMEL_CRE_00064	39	0	100.0
ov050_dist48000	DMEL_CRE_00065	39	0	100.0
ov050_dist48000	DMEL_CRE_00066	39	0	100.0
ov050_dist48000	DMEL_CRE_00067	39	0	100.0
ov050_dist48000	DMEL_CRE_00068	39	0	100.0
ov050_dist48000	DMEL_CRE_00069	39	0	100.0
ov050_dist48000	DMEL_CRE_00070	39	1	97.43589743589743
ov050_dist48000	DMEL_CRE_00071	39	0	100.0
ov050_dist48000	DMEL_CRE_00072	39	0	100.0
ov050_dist48000	DMEL_CRE_00073	39	0	100.0
ov050_dist48000	DMEL_CRE_00074	39	0	100.0
ov050_dist48000	DMEL_CRE_00075	39	1	97.43589743589743
ov050_dist48000	DMEL_CRE_00076	39	0	100.0
ov050_dist48000	DMEL_CRE_00077	39	1	97.43589743589743
ov050_dist48000	DMEL_CRE_00078	39	0	100.0
ov050_dist48000	DMEL_CRE_00079	39	0	100.0
ov050_dist48000	DMEL_CRE_00080	39	0	100.0
ov050_dist48000	DMEL_CRE_00081	39	0	100.0
ov050_dist48000	DMEL_CRE_00082	39	0	100.0
ov050_dist48000	DMEL_CRE_00083	39	0	100.0
ov050_dist48000	DMEL_CRE_00084	39	0	100.0
ov050_dist48000	DMEL_CRE_00085	39	0	100.0
ov050_dist48000	DMEL_CRE_00086	39	1	97.43589743589743
ov050_dist48000	DMEL_CRE_00087	39	0	100.0
ov050_dist48000	DMEL_CRE_00088	39	0	100.0
ov050_dist48000	DMEL_CRE_00089	39	0	100.0
ov050_dist48000	DMEL_CRE_00090	39	0	100.0
ov050_dist48000	DMEL_CRE_00091	39	0	100.0
ov050_dist48000	DMEL_CRE_00092	39	0	100.0
ov050_dist48000	DMEL_CRE_00093	39	0	100.0
ov050_dist48000	DMEL_CRE_00094	39	0	100.0
ov050_dist48000	DMEL_CRE_00095	39	0	100.0
ov050_dist48000	DMEL_CRE_00096	39	0	100.0
ov050_dist48000	DMEL_CRE_00097	39	0	100.0
ov050_dist48000	DMEL_CRE_00098	39	0	100.0
ov050_dist48000	DMEL_CRE_00099	39	0	100.0
ov050_dist48000	DMEL_CRE_00100	39	0	100.0
ov050_dist48000	DMEL_CRE_00101	39	0	100.0
ov050_dist48000	DMEL_CRE_00102	39	0	100.0
ov050_dist48000	DMEL_CRE_00103	39	0	100.0
ov050_dist48000	DMEL_CRE_00104	39	0	100.0
ov050_dist48000	DMEL_CRE_00105	39	0	100.0
ov050_dist48000	DMEL_CRE_00106	39	0	100.0
ov050_dist48000	DMEL_CRE_00107	39	0	100.0
ov050_dist48000	DMEL_CRE_00108	39	0	100.0
ov050_dist48000	DMEL_CRE_00109	39	0	100.0
ov050_dist48000	DMEL_CRE_00110	39	0	100.0
ov050_dist48000	DMEL_CRE_00111	39	1	97.43589743589743
ov050_dist48000	DMEL_CRE_00112	39	0	100.0
ov050_dist48000	DMEL_CRE_00113	39	7	82.05128205128204
ov050_dist48000	DMEL_CRE_00114	39	0	100.0
ov050_dist48000	DMEL_CRE_00115	39	1	97.43589743589743
ov050_dist48000	DMEL_CRE_00116	39	0	100.0
ov050_dist48000	DMEL_CRE_00117	39	0	100.0
ov050_dist48000	DMEL_CRE_00118	39	0	100.0
ov050_dist48000	DMEL_CRE_00119	39	0	100.0
ov050_dist48000	DMEL_CRE_00120	39	0	100.0
ov050_dist48000	DMEL_CRE_00121	39	0	100.0
ov050_dist48000	DMEL_CRE_00122	39	0	100.0
ov050_dist48000	DMEL_CRE_00123	39	0	100.0
ov050_dist48000	DMEL_CRE_00124	39	0	100.0
ov050_dist48000	DMEL_CRE_00125	39	0	100.0
ov050_dist48000	DMEL_CRE_00126	39	1	97.43589743589743
ov050_dist48000	DMEL_CRE_00127	39	0	100.0
ov050_dist48000	DMEL_CRE_00128	39	0	100.0
ov050_dist48000	DMEL_CRE_00129	39	0	100.0
ov050_dist48000	DMEL_CRE_00130	39	0	100.0
ov050_dist48000	DMEL_CRE_00131	39	0	100.0
ov050_dist48000	DMEL_CRE_00132	39	0	100.0
ov050_dist48000	DMEL_CRE_00133	39	0	100.0
ov050_dist48000	DMEL_CRE_00134	39	0	100.0
ov050_dist48000	DMEL_CRE_00135	39	0	100.0
ov050_dist48000	DMEL_CRE_00136	39	0	100.0
ov050_dist48000	DMEL_CRE_00137	39	1	97.43589743589743
ov050_dist48000	DMEL_CRE_00138	39	0	100.0
ov050_dist48000	DMEL_CRE_00139	39	0	100.0
ov050_dist48000	DMEL_CRE_00140	39	0	100.0
ov050_dist48000	DMEL_CRE_00141	39	0	100.0
ov050_dist48000	DMEL_CRE_00142	39	0	100.0
ov050_dist48000	DMEL_CRE_00143	39	0	100.0
ov050_dist48000	DMEL_CRE_00144	39	4	89.74358974358975
ov050_dist48000	DMEL_CRE_00145	39	3	92.3076923076923
ov050_dist48000	DMEL_CRE_00146	39	0	100.0
ov050_dist48000	DMEL_CRE_00147	39	0	100.0
ov050_dist48000	DMEL_CRE_00148	39	0	100.0
ov050_dist48000	DMEL_CRE_00149	39	0	100.0
ov050_dist48000	DMEL_CRE_00150	39	0	100.0
ov050_dist48000	DMEL_CRE_00151	39	0	100.0
ov050_dist48000	DMEL_CRE_00152	39	0	100.0
ov050_dist48000	DMEL_CRE_00153	39	0	100.0
ov050_dist48000	DMEL_CRE_00154	39	0	100.0
ov050_dist48000	DMEL_CRE_00155	39	0	100.0
ov050_dist48000	DMEL_CRE_00156	39	0	100.0
ov050_dist48000	DMEL_CRE_00157	39	0	100.0
ov050_dist48000	DMEL_CRE_00158	39	1	97.43589743589743
ov050_dist48000	DMEL_CRE_00159	39	0	100.0
ov050_dist48000	DMEL_CRE_00160	39	1	97.43589743589743
ov050_dist48000	DMEL_CRE_00161	39	0	100.0
ov050_dist48000	DMEL_CRE_00162	39	2	94.87179487179486
ov050_dist48000	DMEL_CRE_00163	39	0	100.0
ov050_dist48000	DMEL_CRE_00164	39	0	100.0
ov050_dist48000	DMEL_CRE_00165	39	0	100.0
ov050_dist48000	DMEL_CRE_00166	39	0	100.0
ov050_dist48000	DMEL_CRE_00167	39	0	100.0
ov050_dist48000	DMEL_CRE_00168	39	0	100.0
ov050_dist48000	DMEL_CRE_00169	39	0	100.0
ov050_dist48000	DMEL_CRE_00170	39	0	100.0
ov050_dist48000	DMEL_CRE_00171	39	0	100.0
ov050_dist48000	DMEL_CRE_00172	39	0	100.0
ov050_dist48000	DMEL_CRE_00173	39	0	100.0
ov050_dist48000	DMEL_CRE_00174	39	1	97.43589743589743
ov050_dist48000	DMEL_CRE_00175	39	2	94.87179487179486
ov050_dist48000	DMEL_CRE_00176	39	0	100.0
ov050_dist48000	DMEL_CRE_00177	39	0	100.0
ov050_dist48000	DMEL_CRE_00178	39	0	100.0
ov050_dist48000	DMEL_CRE_00179	39	0	100.0
ov050_dist48000	DMEL_CRE_00180	39	0	100.0
ov050_dist48000	DMEL_CRE_00181	39	0	100.0
ov050_dist48000	DMEL_CRE_00182	39	0	100.0
ov050_dist48000	DMEL_CRE_00183	39	0	100.0
ov050_dist48000	DMEL_CRE_00184	39	0	100.0
ov050_dist48000	DMEL_CRE_00185	39	0	100.0
ov050_dist48000	DMEL_CRE_00186	39	0	100.0
ov050_dist48000	DMEL_CRE_00187	39	2	94.87179487179486
ov050_dist48000	DMEL_CRE_00188	39	0	100.0
ov050_dist48000	DMEL_CRE_00189	39	0	100.0
ov050_dist48000	DMEL_CRE_00190	39	0	100.0
ov050_dist48000	DMEL_CRE_00191	39	0	100.0
ov050_dist48000	DMEL_CRE_00192	39	0	100.0
ov050_dist48000	DMEL_CRE_00193	39	0	100.0
ov050_dist48000	DMEL_CRE_00194	39	0	100.0
ov050_dist48000	DMEL_CRE_00195	39	0	100.0
ov050_dist48000	DMEL_CRE_00196	39	0	100.0
ov050_dist48000	DMEL_CRE_00197	39	0	100.0
ov050_dist48000	DMEL_CRE_00198	39	0	100.0
ov050_dist48000	DMEL_CRE_00199	39	0	100.0
ov050_dist48000	DMEL_CRE_00200	39	1	97.43589743589743
ov050_dist48000	DMEL_CRE_00201	39	0	100.0
ov050_dist48000	DMEL_CRE_00202	39	2	94.87179487179486
ov050_dist48000	DMEL_CRE_00203	39	0	100.0
ov050_dist48000	DMEL_CRE_00204	39	0	100.0
ov050_dist48000	DMEL_CRE_00205	39	0	100.0
ov050_dist48000	DMEL_CRE_00206	39	0	100.0
ov050_dist48000	DMEL_CRE_00207	39	0	100.0
ov050_dist48000	DMEL_CRE_00208	39	0	100.0
ov050_dist48000	DMEL_CRE_00209	39	0	100.0
ov050_dist48000	DMEL_CRE_00210	39	0	100.0
ov050_dist48000	DMEL_CRE_00211	39	0	100.0
ov050_dist48000	DMEL_CRE_00212	39	0	100.0
ov050_dist48000	DMEL_CRE_00213	39	0	100.0
ov050_dist48000	DMEL_CRE_00214	39	0	100.0
ov050_dist48000	DMEL_CRE_00215	39	0	100.0
ov050_dist48000	DMEL_CRE_00216	39	0	100.0
ov050_dist48000	DMEL_CRE_00217	39	0	100.0
ov050_dist48000	DMEL_CRE_00218	39	0	100.0
ov050_dist48000	DMEL_CRE_00219	39	0	100.0
ov050_dist48000	DMEL_CRE_00220	39	0	100.0
ov050_dist48000	DMEL_CRE_00221	39	0	100.0
ov050_dist48000	DMEL_CRE_00222	39	0	100.0
ov050_dist48000	DMEL_CRE_00223	39	1	97.43589743589743
ov050_dist48000	DMEL_CRE_00224	39	0	100.0
ov050_dist48000	DMEL_CRE_00225	39	0	100.0
ov050_dist48000	DMEL_CRE_00226	39	0	100.0
ov050_dist48000	DMEL_CRE_00227	39	0	100.0
ov050_dist48000	DMEL_CRE_00228	39	0	100.0
ov050_dist48000	DMEL_CRE_00229	39	0	100.0
ov050_dist48000	DMEL_CRE_00230	39	0	100.0
ov050_dist48000	DMEL_CRE_00231	39	0	100.0
ov050_dist48000	DMEL_CRE_00232	39	0	100.0
ov050_dist48000	DMEL_CRE_00233	39	0	100.0
ov050_dist48000	DMEL_CRE_00234	39	0	100.0
ov050_dist48000	DMEL_CRE_00235	39	0	100.0
ov050_dist48000	DMEL_CRE_00236	39	0	100.0
ov050_dist48000	DMEL_CRE_00237	39	0	100.0
ov050_dist48000	DMEL_CRE_00238	39	1	97.43589743589743
ov050_dist48000	DMEL_CRE_00239	39	0	100.0
ov050_dist48000	DMEL_CRE_00240	39	0	100.0
ov050_dist48000	DMEL_CRE_00241	39	0	100.0
ov050_dist48000	DMEL_CRE_00242	39	0	100.0
ov050_dist48000	DMEL_CRE_00243	39	0	100.0
ov050_dist48000	DMEL_CRE_00244	39	0	100.0
ov050_dist48000	DMEL_CRE_00245	39	0	100.0
ov050_dist48000	DMEL_CRE_00246	39	0	100.0
ov050_dist48000	DMEL_CRE_00247	39	0	100.0
ov050_dist48000	DMEL_CRE_00248	39	0	100.0
ov050_dist48000	DMEL_CRE_00249	39	0	100.0
ov050_dist48000	DMEL_CRE_00250	39	0	100.0
ov050_dist48000	DMEL_CRE_00251	39	0	100.0
ov050_dist48000	DMEL_CRE_00252	39	0	100.0
ov050_dist48000	DMEL_CRE_00253	39	0	100.0
ov050_dist48000	DMEL_CRE_00254	39	0	100.0
ov050_dist48000	DMEL_CRE_00255	39	0	100.0
ov050_dist48000	DMEL_CRE_00256	39	0	100.0
ov050_dist48000	DMEL_CRE_00257	39	0	100.0
ov050_dist48000	DMEL_CRE_00258	39	0	100.0
ov050_dist48000	DMEL_CRE_00259	39	0	100.0
ov050_dist48000	DMEL_CRE_00260	39	0	100.0
ov050_dist48000	DMEL_CRE_00261	39	0	100.0
ov050_dist48000	DMEL_CRE_00262	39	0	100.0
ov050_dist48000	DMEL_CRE_00263	39	0	100.0
ov050_dist48000	DMEL_CRE_00264	39	0	100.0
ov050_dist48000	DMEL_CRE_00265	39	0	100.0
ov050_dist48000	DMEL_CRE_00266	39	0	100.0
ov050_dist48000	DMEL_CRE_00267	39	0	100.0
ov050_dist48000	DMEL_CRE_00268	39	0	100.0
ov050_dist48000	DMEL_CRE_00269	39	0	100.0
ov050_dist48000	DMEL_CRE_00270	39	0	100.0
ov050_dist48000	DMEL_CRE_00271	39	0	100.0
ov050_dist48000	DMEL_CRE_00272	39	0	100.0
ov050_dist48000	DMEL_CRE_00273	39	0	100.0
ov050_dist48000	DMEL_CRE_00274	39	0	100.0
ov050_dist48000	DMEL_CRE_00275	39	0	100.0
ov050_dist48000	DMEL_CRE_00276	39	0	100.0
ov050_dist48000	DMEL_CRE_00277	39	0	100.0
ov050_dist48000	DMEL_CRE_00278	39	0	100.0
ov050_dist48000	DMEL_CRE_00279	39	0	100.0
ov050_dist48000	DMEL_CRE_00280	39	0	100.0
ov050_dist48000	DMEL_CRE_00281	39	0	100.0
ov050_dist48000	DMEL_CRE_00282	39	0	100.0
ov050_dist48000	DMEL_CRE_00283	39	0	100.0
ov050_dist48000	DMEL_CRE_00284	39	0	100.0
ov050_dist48000	DMEL_CRE_00285	39	0	100.0
ov050_dist48000	DMEL_CRE_00286	39	0	100.0
ov050_dist48000	DMEL_CRE_00287	39	0	100.0
ov050_dist48000	DMEL_CRE_00288	39	0	100.0
ov050_dist48000	DMEL_CRE_00289	39	0	100.0
ov050_dist48000	DMEL_CRE_00290	39	1	97.43589743589743
ov050_dist48000	DMEL_CRE_00291	39	0	100.0
ov050_dist48000	DMEL_CRE_00292	39	2	94.87179487179486
ov050_dist48000	DMEL_CRE_00293	39	0	100.0
ov050_dist48000	DMEL_CRE_00294	39	0	100.0
ov050_dist48000	DMEL_CRE_00295	39	0	100.0
ov050_dist48000	DMEL_CRE_00296	39	0	100.0
ov050_dist48000	DMEL_CRE_00297	39	0	100.0
ov050_dist48000	DMEL_CRE_00298	39	0	100.0
ov050_dist48000	DMEL_CRE_00299	39	0	100.0
ov050_dist48000	DMEL_CRE_00300	39	0	100.0
ov050_dist48000	DMEL_CRE_00301	39	0	100.0
ov050_dist48000	DMEL_CRE_00302	39	0	100.0
ov050_dist48000	DMEL_CRE_00303	39	1	97.43589743589743
ov050_dist48000	DMEL_CRE_00304	39	2	94.87179487179486
ov050_dist48000	DMEL_CRE_00305	39	0	100.0
ov050_dist48000	DMEL_CRE_00306	39	1	97.43589743589743
ov050_dist48000	DMEL_CRE_00307	39	0	100.0
ov050_dist48000	DMEL_CRE_00308	39	0	100.0
ov050_dist48000	DMEL_CRE_00309	39	0	100.0
ov050_dist48000	DMEL_CRE_00310	39	0	100.0
ov050_dist48000	DMEL_CRE_00311	39	0	100.0
ov050_dist48000	DMEL_CRE_00312	39	0	100.0
ov050_dist48000	DMEL_CRE_00313	39	0	100.0
ov050_dist48000	DMEL_CRE_00314	39	0	100.0
ov050_dist48000	DMEL_CRE_00315	39	0	100.0
ov050_dist48000	DMEL_CRE_00316	39	0	100.0
ov050_dist48000	DMEL_CRE_00317	39	2	94.87179487179486
ov050_dist48000	DMEL_CRE_00318	39	0	100.0
ov050_dist48000	DMEL_CRE_00319	39	0	100.0
ov050_dist48000	DMEL_CRE_00320	39	0	100.0
ov050_dist48000	DMEL_CRE_00321	39	0	100.0
ov050_dist48000	DMEL_CRE_00322	39	2	94.87179487179486
ov050_dist48000	DMEL_CRE_00323	39	0	100.0
ov050_dist48000	DMEL_CRE_00324	39	0	100.0
ov050_dist48000	DMEL_CRE_00325	39	0	100.0
ov050_dist48000	DMEL_CRE_00326	39	0	100.0
ov050_dist48000	DMEL_CRE_00327	39	0	100.0
ov050_dist48000	DMEL_CRE_00328	39	0	100.0
ov050_dist48000	DMEL_CRE_00329	39	1	97.43589743589743
ov050_dist48000	DMEL_CRE_00330	39	0	100.0
ov050_dist48000	DMEL_CRE_00331	39	0	100.0
ov050_dist48000	DMEL_CRE_00332	39	1	97.43589743589743
ov050_dist48000	DMEL_CRE_00333	39	0	100.0
ov050_dist48000	DMEL_CRE_00334	39	0	100.0
ov050_dist48000	DMEL_CRE_00335	39	0	100.0
ov050_dist48000	DMEL_CRE_00336	39	0	100.0
ov050_dist48000	DMEL_CRE_00337	39	0	100.0
ov075_dist12000	DMEL_CRE_00001	39	2	94.87179487179486
ov075_dist12000	DMEL_CRE_00002	39	0	100.0
ov075_dist12000	DMEL_CRE_00003	39	0	100.0
ov075_dist12000	DMEL_CRE_00004	39	2	94.87179487179486
ov075_dist12000	DMEL_CRE_00005	39	2	94.87179487179486
ov075_dist12000	DMEL_CRE_00006	39	8	79.48717948717949
ov075_dist12000	DMEL_CRE_00007	39	3	92.3076923076923
ov075_dist12000	DMEL_CRE_00008	39	1	97.43589743589743
ov075_dist12000	DMEL_CRE_00009	39	5	87.17948717948718
ov075_dist12000	DMEL_CRE_00010	39	1	97.43589743589743
ov075_dist12000	DMEL_CRE_00011	39	6	84.61538461538461
ov075_dist12000	DMEL_CRE_00012	39	0	100.0
ov075_dist12000	DMEL_CRE_00013	39	2	94.87179487179486
ov075_dist12000	DMEL_CRE_00014	39	2	94.87179487179486
ov075_dist12000	DMEL_CRE_00015	39	1	97.43589743589743
ov075_dist12000	DMEL_CRE_00016	39	0	100.0
ov075_dist12000	DMEL_CRE_00017	39	1	97.43589743589743
ov075_dist12000	DMEL_CRE_00018	39	6	84.61538461538461
ov075_dist12000	DMEL_CRE_00019	39	1	97.43589743589743
ov075_dist12000	DMEL_CRE_00020	39	2	94.87179487179486
ov075_dist12000	DMEL_CRE_00021	39	0	100.0
ov075_dist12000	DMEL_CRE_00022	39	3	92.3076923076923
ov075_dist12000	DMEL_CRE_00023	39	2	94.87179487179486
ov075_dist12000	DMEL_CRE_00024	39	0	100.0
ov075_dist12000	DMEL_CRE_00025	39	0	100.0
ov075_dist12000	DMEL_CRE_00026	39	4	89.74358974358975
ov075_dist12000	DMEL_CRE_00027	39	0	100.0
ov075_dist12000	DMEL_CRE_00028	39	2	94.87179487179486
ov075_dist12000	DMEL_CRE_00029	39	4	89.74358974358975
ov075_dist12000	DMEL_CRE_00030	39	1	97.43589743589743
ov075_dist12000	DMEL_CRE_00031	39	2	94.87179487179486
ov075_dist12000	DMEL_CRE_00032	39	0	100.0
ov075_dist12000	DMEL_CRE_00033	39	2	94.87179487179486
ov075_dist12000	DMEL_CRE_00034	39	2	94.87179487179486
ov075_dist12000	DMEL_CRE_00035	39	3	92.3076923076923
ov075_dist12000	DMEL_CRE_00036	39	0	100.0
ov075_dist12000	DMEL_CRE_00037	39	0	100.0
ov075_dist12000	DMEL_CRE_00038	39	2	94.87179487179486
ov075_dist12000	DMEL_CRE_00039	39	0	100.0
ov075_dist12000	DMEL_CRE_00040	39	2	94.87179487179486
ov075_dist12000	DMEL_CRE_00041	39	1	97.43589743589743
ov075_dist12000	DMEL_CRE_00042	39	6	84.61538461538461
ov075_dist12000	DMEL_CRE_00043	39	0	100.0
ov075_dist12000	DMEL_CRE_00044	39	4	89.74358974358975
ov075_dist12000	DMEL_CRE_00045	39	0	100.0
ov075_dist12000	DMEL_CRE_00046	39	2	94.87179487179486
ov075_dist12000	DMEL_CRE_00047	39	2	94.87179487179486
ov075_dist12000	DMEL_CRE_00048	39	1	97.43589743589743
ov075_dist12000	DMEL_CRE_00049	39	8	79.48717948717949
ov075_dist12000	DMEL_CRE_00050	39	3	92.3076923076923
ov075_dist12000	DMEL_CRE_00051	39	3	92.3076923076923
ov075_dist12000	DMEL_CRE_00052	39	15	61.53846153846154
ov075_dist12000	DMEL_CRE_00053	39	8	79.48717948717949
ov075_dist12000	DMEL_CRE_00054	39	3	92.3076923076923
ov075_dist12000	DMEL_CRE_00055	39	2	94.87179487179486
ov075_dist12000	DMEL_CRE_00056	39	3	92.3076923076923
ov075_dist12000	DMEL_CRE_00057	39	0	100.0
ov075_dist12000	DMEL_CRE_00058	39	1	97.43589743589743
ov075_dist12000	DMEL_CRE_00059	39	0	100.0
ov075_dist12000	DMEL_CRE_00060	39	0	100.0
ov075_dist12000	DMEL_CRE_00061	39	3	92.3076923076923
ov075_dist12000	DMEL_CRE_00062	39	0	100.0
ov075_dist12000	DMEL_CRE_00063	39	1	97.43589743589743
ov075_dist12000	DMEL_CRE_00064	39	0	100.0
ov075_dist12000	DMEL_CRE_00065	39	3	92.3076923076923
ov075_dist12000	DMEL_CRE_00066	39	0	100.0
ov075_dist12000	DMEL_CRE_00067	39	0	100.0
ov075_dist12000	DMEL_CRE_00068	39	0	100.0
ov075_dist12000	DMEL_CRE_00069	39	0	100.0
ov075_dist12000	DMEL_CRE_00070	39	0	100.0
ov075_dist12000	DMEL_CRE_00071	39	0	100.0
ov075_dist12000	DMEL_CRE_00072	39	5	87.17948717948718
ov075_dist12000	DMEL_CRE_00073	39	0	100.0
ov075_dist12000	DMEL_CRE_00074	39	0	100.0
ov075_dist12000	DMEL_CRE_00075	39	1	97.43589743589743
ov075_dist12000	DMEL_CRE_00076	39	0	100.0
ov075_dist12000	DMEL_CRE_00077	39	2	94.87179487179486
ov075_dist12000	DMEL_CRE_00078	39	1	97.43589743589743
ov075_dist12000	DMEL_CRE_00079	39	0	100.0
ov075_dist12000	DMEL_CRE_00080	39	6	84.61538461538461
ov075_dist12000	DMEL_CRE_00081	39	0	100.0
ov075_dist12000	DMEL_CRE_00082	39	7	82.05128205128204
ov075_dist12000	DMEL_CRE_00083	39	0	100.0
ov075_dist12000	DMEL_CRE_00084	39	2	94.87179487179486
ov075_dist12000	DMEL_CRE_00085	39	4	89.74358974358975
ov075_dist12000	DMEL_CRE_00086	39	0	100.0
ov075_dist12000	DMEL_CRE_00087	39	3	92.3076923076923
ov075_dist12000	DMEL_CRE_00088	39	0	100.0
ov075_dist12000	DMEL_CRE_00089	39	0	100.0
ov075_dist12000	DMEL_CRE_00090	39	2	94.87179487179486
ov075_dist12000	DMEL_CRE_00091	39	1	97.43589743589743
ov075_dist12000	DMEL_CRE_00092	39	0	100.0
ov075_dist12000	DMEL_CRE_00093	39	4	89.74358974358975
ov075_dist12000	DMEL_CRE_00094	39	7	82.05128205128204
ov075_dist12000	DMEL_CRE_00095	39	0	100.0
ov075_dist12000	DMEL_CRE_00096	39	1	97.43589743589743
ov075_dist12000	DMEL_CRE_00097	39	0	100.0
ov075_dist12000	DMEL_CRE_00098	39	0	100.0
ov075_dist12000	DMEL_CRE_00099	39	0	100.0
ov075_dist12000	DMEL_CRE_00100	39	0	100.0
ov075_dist12000	DMEL_CRE_00101	39	0	100.0
ov075_dist12000	DMEL_CRE_00102	39	3	92.3076923076923
ov075_dist12000	DMEL_CRE_00103	39	0	100.0
ov075_dist12000	DMEL_CRE_00104	39	0	100.0
ov075_dist12000	DMEL_CRE_00105	39	0	100.0
ov075_dist12000	DMEL_CRE_00106	39	0	100.0
ov075_dist12000	DMEL_CRE_00107	39	1	97.43589743589743
ov075_dist12000	DMEL_CRE_00108	39	0	100.0
ov075_dist12000	DMEL_CRE_00109	39	1	97.43589743589743
ov075_dist12000	DMEL_CRE_00110	39	0	100.0
ov075_dist12000	DMEL_CRE_00111	39	0	100.0
ov075_dist12000	DMEL_CRE_00112	39	0	100.0
ov075_dist12000	DMEL_CRE_00113	39	4	89.74358974358975
ov075_dist12000	DMEL_CRE_00114	39	3	92.3076923076923
ov075_dist12000	DMEL_CRE_00115	39	2	94.87179487179486
ov075_dist12000	DMEL_CRE_00116	39	0	100.0
ov075_dist12000	DMEL_CRE_00117	39	0	100.0
ov075_dist12000	DMEL_CRE_00118	39	0	100.0
ov075_dist12000	DMEL_CRE_00119	39	2	94.87179487179486
ov075_dist12000	DMEL_CRE_00120	39	3	92.3076923076923
ov075_dist12000	DMEL_CRE_00121	39	7	82.05128205128204
ov075_dist12000	DMEL_CRE_00122	39	13	66.66666666666666
ov075_dist12000	DMEL_CRE_00123	39	0	100.0
ov075_dist12000	DMEL_CRE_00124	39	2	94.87179487179486
ov075_dist12000	DMEL_CRE_00125	39	1	97.43589743589743
ov075_dist12000	DMEL_CRE_00126	39	1	97.43589743589743
ov075_dist12000	DMEL_CRE_00127	39	0	100.0
ov075_dist12000	DMEL_CRE_00128	39	3	92.3076923076923
ov075_dist12000	DMEL_CRE_00129	39	0	100.0
ov075_dist12000	DMEL_CRE_00130	39	1	97.43589743589743
ov075_dist12000	DMEL_CRE_00131	39	2	94.87179487179486
ov075_dist12000	DMEL_CRE_00132	39	3	92.3076923076923
ov075_dist12000	DMEL_CRE_00133	39	0	100.0
ov075_dist12000	DMEL_CRE_00134	39	0	100.0
ov075_dist12000	DMEL_CRE_00135	39	0	100.0
ov075_dist12000	DMEL_CRE_00136	39	0	100.0
ov075_dist12000	DMEL_CRE_00137	39	0	100.0
ov075_dist12000	DMEL_CRE_00138	39	3	92.3076923076923
ov075_dist12000	DMEL_CRE_00139	39	1	97.43589743589743
ov075_dist12000	DMEL_CRE_00140	39	2	94.87179487179486
ov075_dist12000	DMEL_CRE_00141	39	1	97.43589743589743
ov075_dist12000	DMEL_CRE_00142	39	0	100.0
ov075_dist12000	DMEL_CRE_00143	39	0	100.0
ov075_dist12000	DMEL_CRE_00144	39	0	100.0
ov075_dist12000	DMEL_CRE_00145	39	6	84.61538461538461
ov075_dist12000	DMEL_CRE_00146	39	1	97.43589743589743
ov075_dist12000	DMEL_CRE_00147	39	6	84.61538461538461
ov075_dist12000	DMEL_CRE_00148	39	3	92.3076923076923
ov075_dist12000	DMEL_CRE_00149	39	0	100.0
ov075_dist12000	DMEL_CRE_00150	39	0	100.0
ov075_dist12000	DMEL_CRE_00151	39	11	71.7948717948718
ov075_dist12000	DMEL_CRE_00152	39	5	87.17948717948718
ov075_dist12000	DMEL_CRE_00153	39	2	94.87179487179486
ov075_dist12000	DMEL_CRE_00154	39	7	82.05128205128204
ov075_dist12000	DMEL_CRE_00155	39	0	100.0
ov075_dist12000	DMEL_CRE_00156	39	0	100.0
ov075_dist12000	DMEL_CRE_00157	39	4	89.74358974358975
ov075_dist12000	DMEL_CRE_00158	39	2	94.87179487179486
ov075_dist12000	DMEL_CRE_00159	39	0	100.0
ov075_dist12000	DMEL_CRE_00160	39	0	100.0
ov075_dist12000	DMEL_CRE_00161	39	0	100.0
ov075_dist12000	DMEL_CRE_00162	39	2	94.87179487179486
ov075_dist12000	DMEL_CRE_00163	39	0	100.0
ov075_dist12000	DMEL_CRE_00164	39	1	97.43589743589743
ov075_dist12000	DMEL_CRE_00165	39	0	100.0
ov075_dist12000	DMEL_CRE_00166	39	0	100.0
ov075_dist12000	DMEL_CRE_00167	39	5	87.17948717948718
ov075_dist12000	DMEL_CRE_00168	39	0	100.0
ov075_dist12000	DMEL_CRE_00169	39	5	87.17948717948718
ov075_dist12000	DMEL_CRE_00170	39	0	100.0
ov075_dist12000	DMEL_CRE_00171	39	2	94.87179487179486
ov075_dist12000	DMEL_CRE_00172	39	0	100.0
ov075_dist12000	DMEL_CRE_00173	39	1	97.43589743589743
ov075_dist12000	DMEL_CRE_00174	39	3	92.3076923076923
ov075_dist12000	DMEL_CRE_00175	39	3	92.3076923076923
ov075_dist12000	DMEL_CRE_00176	39	0	100.0
ov075_dist12000	DMEL_CRE_00177	39	0	100.0
ov075_dist12000	DMEL_CRE_00178	39	1	97.43589743589743
ov075_dist12000	DMEL_CRE_00179	39	0	100.0
ov075_dist12000	DMEL_CRE_00180	39	0	100.0
ov075_dist12000	DMEL_CRE_00181	39	0	100.0
ov075_dist12000	DMEL_CRE_00182	39	2	94.87179487179486
ov075_dist12000	DMEL_CRE_00183	39	0	100.0
ov075_dist12000	DMEL_CRE_00184	39	6	84.61538461538461
ov075_dist12000	DMEL_CRE_00185	39	0	100.0
ov075_dist12000	DMEL_CRE_00186	39	1	97.43589743589743
ov075_dist12000	DMEL_CRE_00187	39	3	92.3076923076923
ov075_dist12000	DMEL_CRE_00188	39	1	97.43589743589743
ov075_dist12000	DMEL_CRE_00189	39	8	79.48717948717949
ov075_dist12000	DMEL_CRE_00190	39	0	100.0
ov075_dist12000	DMEL_CRE_00191	39	0	100.0
ov075_dist12000	DMEL_CRE_00192	39	0	100.0
ov075_dist12000	DMEL_CRE_00193	39	1	97.43589743589743
ov075_dist12000	DMEL_CRE_00194	39	0	100.0
ov075_dist12000	DMEL_CRE_00195	39	1	97.43589743589743
ov075_dist12000	DMEL_CRE_00196	39	2	94.87179487179486
ov075_dist12000	DMEL_CRE_00197	39	3	92.3076923076923
ov075_dist12000	DMEL_CRE_00198	39	0	100.0
ov075_dist12000	DMEL_CRE_00199	39	2	94.87179487179486
ov075_dist12000	DMEL_CRE_00200	39	3	92.3076923076923
ov075_dist12000	DMEL_CRE_00201	39	0	100.0
ov075_dist12000	DMEL_CRE_00202	39	6	84.61538461538461
ov075_dist12000	DMEL_CRE_00203	39	1	97.43589743589743
ov075_dist12000	DMEL_CRE_00204	39	2	94.87179487179486
ov075_dist12000	DMEL_CRE_00205	39	6	84.61538461538461
ov075_dist12000	DMEL_CRE_00206	39	8	79.48717948717949
ov075_dist12000	DMEL_CRE_00207	39	1	97.43589743589743
ov075_dist12000	DMEL_CRE_00208	39	0	100.0
ov075_dist12000	DMEL_CRE_00209	39	0	100.0
ov075_dist12000	DMEL_CRE_00210	39	2	94.87179487179486
ov075_dist12000	DMEL_CRE_00211	39	0	100.0
ov075_dist12000	DMEL_CRE_00212	39	1	97.43589743589743
ov075_dist12000	DMEL_CRE_00213	39	2	94.87179487179486
ov075_dist12000	DMEL_CRE_00214	39	0	100.0
ov075_dist12000	DMEL_CRE_00215	39	1	97.43589743589743
ov075_dist12000	DMEL_CRE_00216	39	0	100.0
ov075_dist12000	DMEL_CRE_00217	39	1	97.43589743589743
ov075_dist12000	DMEL_CRE_00218	39	0	100.0
ov075_dist12000	DMEL_CRE_00219	39	1	97.43589743589743
ov075_dist12000	DMEL_CRE_00220	39	1	97.43589743589743
ov075_dist12000	DMEL_CRE_00221	39	0	100.0
ov075_dist12000	DMEL_CRE_00222	39	0	100.0
ov075_dist12000	DMEL_CRE_00223	39	6	84.61538461538461
ov075_dist12000	DMEL_CRE_00224	39	0	100.0
ov075_dist12000	DMEL_CRE_00225	39	0	100.0
ov075_dist12000	DMEL_CRE_00226	39	4	89.74358974358975
ov075_dist12000	DMEL_CRE_00227	39	0	100.0
ov075_dist12000	DMEL_CRE_00228	39	6	84.61538461538461
ov075_dist12000	DMEL_CRE_00229	39	0	100.0
ov075_dist12000	DMEL_CRE_00230	39	2	94.87179487179486
ov075_dist12000	DMEL_CRE_00231	39	1	97.43589743589743
ov075_dist12000	DMEL_CRE_00232	39	0	100.0
ov075_dist12000	DMEL_CRE_00233	39	11	71.7948717948718
ov075_dist12000	DMEL_CRE_00234	39	1	97.43589743589743
ov075_dist12000	DMEL_CRE_00235	39	2	94.87179487179486
ov075_dist12000	DMEL_CRE_00236	39	6	84.61538461538461
ov075_dist12000	DMEL_CRE_00237	39	2	94.87179487179486
ov075_dist12000	DMEL_CRE_00238	39	0	100.0
ov075_dist12000	DMEL_CRE_00239	39	0	100.0
ov075_dist12000	DMEL_CRE_00240	39	0	100.0
ov075_dist12000	DMEL_CRE_00241	39	2	94.87179487179486
ov075_dist12000	DMEL_CRE_00242	39	0	100.0
ov075_dist12000	DMEL_CRE_00243	39	0	100.0
ov075_dist12000	DMEL_CRE_00244	39	0	100.0
ov075_dist12000	DMEL_CRE_00245	39	0	100.0
ov075_dist12000	DMEL_CRE_00246	39	0	100.0
ov075_dist12000	DMEL_CRE_00247	39	0	100.0
ov075_dist12000	DMEL_CRE_00248	39	1	97.43589743589743
ov075_dist12000	DMEL_CRE_00249	39	0	100.0
ov075_dist12000	DMEL_CRE_00250	39	2	94.87179487179486
ov075_dist12000	DMEL_CRE_00251	39	0	100.0
ov075_dist12000	DMEL_CRE_00252	39	1	97.43589743589743
ov075_dist12000	DMEL_CRE_00253	39	0	100.0
ov075_dist12000	DMEL_CRE_00254	39	0	100.0
ov075_dist12000	DMEL_CRE_00255	39	9	76.92307692307693
ov075_dist12000	DMEL_CRE_00256	39	0	100.0
ov075_dist12000	DMEL_CRE_00257	39	1	97.43589743589743
ov075_dist12000	DMEL_CRE_00258	39	0	100.0
ov075_dist12000	DMEL_CRE_00259	39	0	100.0
ov075_dist12000	DMEL_CRE_00260	39	0	100.0
ov075_dist12000	DMEL_CRE_00261	39	0	100.0
ov075_dist12000	DMEL_CRE_00262	39	0	100.0
ov075_dist12000	DMEL_CRE_00263	39	0	100.0
ov075_dist12000	DMEL_CRE_00264	39	1	97.43589743589743
ov075_dist12000	DMEL_CRE_00265	39	2	94.87179487179486
ov075_dist12000	DMEL_CRE_00266	39	6	84.61538461538461
ov075_dist12000	DMEL_CRE_00267	39	3	92.3076923076923
ov075_dist12000	DMEL_CRE_00268	39	0	100.0
ov075_dist12000	DMEL_CRE_00269	39	6	84.61538461538461
ov075_dist12000	DMEL_CRE_00270	39	0	100.0
ov075_dist12000	DMEL_CRE_00271	39	1	97.43589743589743
ov075_dist12000	DMEL_CRE_00272	39	1	97.43589743589743
ov075_dist12000	DMEL_CRE_00273	39	13	66.66666666666666
ov075_dist12000	DMEL_CRE_00274	39	0	100.0
ov075_dist12000	DMEL_CRE_00275	39	7	82.05128205128204
ov075_dist12000	DMEL_CRE_00276	39	3	92.3076923076923
ov075_dist12000	DMEL_CRE_00277	39	6	84.61538461538461
ov075_dist12000	DMEL_CRE_00278	39	7	82.05128205128204
ov075_dist12000	DMEL_CRE_00279	39	1	97.43589743589743
ov075_dist12000	DMEL_CRE_00280	39	0	100.0
ov075_dist12000	DMEL_CRE_00281	39	0	100.0
ov075_dist12000	DMEL_CRE_00282	39	0	100.0
ov075_dist12000	DMEL_CRE_00283	39	0	100.0
ov075_dist12000	DMEL_CRE_00284	39	0	100.0
ov075_dist12000	DMEL_CRE_00285	39	0	100.0
ov075_dist12000	DMEL_CRE_00286	39	0	100.0
ov075_dist12000	DMEL_CRE_00287	39	0	100.0
ov075_dist12000	DMEL_CRE_00288	39	3	92.3076923076923
ov075_dist12000	DMEL_CRE_00289	39	2	94.87179487179486
ov075_dist12000	DMEL_CRE_00290	39	0	100.0
ov075_dist12000	DMEL_CRE_00291	39	23	41.02564102564102
ov075_dist12000	DMEL_CRE_00292	39	4	89.74358974358975
ov075_dist12000	DMEL_CRE_00293	39	1	97.43589743589743
ov075_dist12000	DMEL_CRE_00294	39	1	97.43589743589743
ov075_dist12000	DMEL_CRE_00295	39	13	66.66666666666666
ov075_dist12000	DMEL_CRE_00296	39	0	100.0
ov075_dist12000	DMEL_CRE_00297	39	11	71.7948717948718
ov075_dist12000	DMEL_CRE_00298	39	1	97.43589743589743
ov075_dist12000	DMEL_CRE_00299	39	0	100.0
ov075_dist12000	DMEL_CRE_00300	39	1	97.43589743589743
ov075_dist12000	DMEL_CRE_00301	39	1	97.43589743589743
ov075_dist12000	DMEL_CRE_00302	39	7	82.05128205128204
ov075_dist12000	DMEL_CRE_00303	39	1	97.43589743589743
ov075_dist12000	DMEL_CRE_00304	39	2	94.87179487179486
ov075_dist12000	DMEL_CRE_00305	39	2	94.87179487179486
ov075_dist12000	DMEL_CRE_00306	39	4	89.74358974358975
ov075_dist12000	DMEL_CRE_00307	39	0	100.0
ov075_dist12000	DMEL_CRE_00308	39	1	97.43589743589743
ov075_dist12000	DMEL_CRE_00309	39	2	94.87179487179486
ov075_dist12000	DMEL_CRE_00310	39	7	82.05128205128204
ov075_dist12000	DMEL_CRE_00311	39	4	89.74358974358975
ov075_dist12000	DMEL_CRE_00312	39	0	100.0
ov075_dist12000	DMEL_CRE_00313	39	1	97.43589743589743
ov075_dist12000	DMEL_CRE_00314	39	0	100.0
ov075_dist12000	DMEL_CRE_00315	39	2	94.87179487179486
ov075_dist12000	DMEL_CRE_00316	39	1	97.43589743589743
ov075_dist12000	DMEL_CRE_00317	39	0	100.0
ov075_dist12000	DMEL_CRE_00318	39	6	84.61538461538461
ov075_dist12000	DMEL_CRE_00319	39	6	84.61538461538461
ov075_dist12000	DMEL_CRE_00320	39	0	100.0
ov075_dist12000	DMEL_CRE_00321	39	1	97.43589743589743
ov075_dist12000	DMEL_CRE_00322	39	2	94.87179487179486
ov075_dist12000	DMEL_CRE_00323	39	0	100.0
ov075_dist12000	DMEL_CRE_00324	39	3	92.3076923076923
ov075_dist12000	DMEL_CRE_00325	39	0	100.0
ov075_dist12000	DMEL_CRE_00326	39	0	100.0
ov075_dist12000	DMEL_CRE_00327	39	0	100.0
ov075_dist12000	DMEL_CRE_00328	39	2	94.87179487179486
ov075_dist12000	DMEL_CRE_00329	39	5	87.17948717948718
ov075_dist12000	DMEL_CRE_00330	39	1	97.43589743589743
ov075_dist12000	DMEL_CRE_00331	39	7	82.05128205128204
ov075_dist12000	DMEL_CRE_00332	39	5	87.17948717948718
ov075_dist12000	DMEL_CRE_00333	39	2	94.87179487179486
ov075_dist12000	DMEL_CRE_00334	39	0	100.0
ov075_dist12000	DMEL_CRE_00335	39	0	100.0
ov075_dist12000	DMEL_CRE_00336	39	0	100.0
ov075_dist12000	DMEL_CRE_00337	39	2	94.87179487179486
ov075_dist24000	DMEL_CRE_00001	39	2	94.87179487179486
ov075_dist24000	DMEL_CRE_00002	39	0	100.0
ov075_dist24000	DMEL_CRE_00003	39	0	100.0
ov075_dist24000	DMEL_CRE_00004	39	2	94.87179487179486
ov075_dist24000	DMEL_CRE_00005	39	0	100.0
ov075_dist24000	DMEL_CRE_00006	39	5	87.17948717948718
ov075_dist24000	DMEL_CRE_00007	39	1	97.43589743589743
ov075_dist24000	DMEL_CRE_00008	39	1	97.43589743589743
ov075_dist24000	DMEL_CRE_00009	39	5	87.17948717948718
ov075_dist24000	DMEL_CRE_00010	39	1	97.43589743589743
ov075_dist24000	DMEL_CRE_00011	39	6	84.61538461538461
ov075_dist24000	DMEL_CRE_00012	39	0	100.0
ov075_dist24000	DMEL_CRE_00013	39	1	97.43589743589743
ov075_dist24000	DMEL_CRE_00014	39	1	97.43589743589743
ov075_dist24000	DMEL_CRE_00015	39	1	97.43589743589743
ov075_dist24000	DMEL_CRE_00016	39	0	100.0
ov075_dist24000	DMEL_CRE_00017	39	1	97.43589743589743
ov075_dist24000	DMEL_CRE_00018	39	6	84.61538461538461
ov075_dist24000	DMEL_CRE_00019	39	1	97.43589743589743
ov075_dist24000	DMEL_CRE_00020	39	2	94.87179487179486
ov075_dist24000	DMEL_CRE_00021	39	0	100.0
ov075_dist24000	DMEL_CRE_00022	39	3	92.3076923076923
ov075_dist24000	DMEL_CRE_00023	39	2	94.87179487179486
ov075_dist24000	DMEL_CRE_00024	39	0	100.0
ov075_dist24000	DMEL_CRE_00025	39	0	100.0
ov075_dist24000	DMEL_CRE_00026	39	0	100.0
ov075_dist24000	DMEL_CRE_00027	39	0	100.0
ov075_dist24000	DMEL_CRE_00028	39	2	94.87179487179486
ov075_dist24000	DMEL_CRE_00029	39	4	89.74358974358975
ov075_dist24000	DMEL_CRE_00030	39	1	97.43589743589743
ov075_dist24000	DMEL_CRE_00031	39	2	94.87179487179486
ov075_dist24000	DMEL_CRE_00032	39	0	100.0
ov075_dist24000	DMEL_CRE_00033	39	2	94.87179487179486
ov075_dist24000	DMEL_CRE_00034	39	2	94.87179487179486
ov075_dist24000	DMEL_CRE_00035	39	3	92.3076923076923
ov075_dist24000	DMEL_CRE_00036	39	0	100.0
ov075_dist24000	DMEL_CRE_00037	39	0	100.0
ov075_dist24000	DMEL_CRE_00038	39	2	94.87179487179486
ov075_dist24000	DMEL_CRE_00039	39	0	100.0
ov075_dist24000	DMEL_CRE_00040	39	2	94.87179487179486
ov075_dist24000	DMEL_CRE_00041	39	1	97.43589743589743
ov075_dist24000	DMEL_CRE_00042	39	6	84.61538461538461
ov075_dist24000	DMEL_CRE_00043	39	0	100.0
ov075_dist24000	DMEL_CRE_00044	39	3	92.3076923076923
ov075_dist24000	DMEL_CRE_00045	39	0	100.0
ov075_dist24000	DMEL_CRE_00046	39	2	94.87179487179486
ov075_dist24000	DMEL_CRE_00047	39	2	94.87179487179486
ov075_dist24000	DMEL_CRE_00048	39	1	97.43589743589743
ov075_dist24000	DMEL_CRE_00049	39	8	79.48717948717949
ov075_dist24000	DMEL_CRE_00050	39	3	92.3076923076923
ov075_dist24000	DMEL_CRE_00051	39	0	100.0
ov075_dist24000	DMEL_CRE_00052	39	15	61.53846153846154
ov075_dist24000	DMEL_CRE_00053	39	7	82.05128205128204
ov075_dist24000	DMEL_CRE_00054	39	2	94.87179487179486
ov075_dist24000	DMEL_CRE_00055	39	0	100.0
ov075_dist24000	DMEL_CRE_00056	39	2	94.87179487179486
ov075_dist24000	DMEL_CRE_00057	39	0	100.0
ov075_dist24000	DMEL_CRE_00058	39	1	97.43589743589743
ov075_dist24000	DMEL_CRE_00059	39	0	100.0
ov075_dist24000	DMEL_CRE_00060	39	0	100.0
ov075_dist24000	DMEL_CRE_00061	39	1	97.43589743589743
ov075_dist24000	DMEL_CRE_00062	39	0	100.0
ov075_dist24000	DMEL_CRE_00063	39	1	97.43589743589743
ov075_dist24000	DMEL_CRE_00064	39	0	100.0
ov075_dist24000	DMEL_CRE_00065	39	3	92.3076923076923
ov075_dist24000	DMEL_CRE_00066	39	0	100.0
ov075_dist24000	DMEL_CRE_00067	39	0	100.0
ov075_dist24000	DMEL_CRE_00068	39	0	100.0
ov075_dist24000	DMEL_CRE_00069	39	0	100.0
ov075_dist24000	DMEL_CRE_00070	39	0	100.0
ov075_dist24000	DMEL_CRE_00071	39	0	100.0
ov075_dist24000	DMEL_CRE_00072	39	5	87.17948717948718
ov075_dist24000	DMEL_CRE_00073	39	0	100.0
ov075_dist24000	DMEL_CRE_00074	39	0	100.0
ov075_dist24000	DMEL_CRE_00075	39	1	97.43589743589743
ov075_dist24000	DMEL_CRE_00076	39	0	100.0
ov075_dist24000	DMEL_CRE_00077	39	1	97.43589743589743
ov075_dist24000	DMEL_CRE_00078	39	1	97.43589743589743
ov075_dist24000	DMEL_CRE_00079	39	0	100.0
ov075_dist24000	DMEL_CRE_00080	39	5	87.17948717948718
ov075_dist24000	DMEL_CRE_00081	39	0	100.0
ov075_dist24000	DMEL_CRE_00082	39	7	82.05128205128204
ov075_dist24000	DMEL_CRE_00083	39	0	100.0
ov075_dist24000	DMEL_CRE_00084	39	2	94.87179487179486
ov075_dist24000	DMEL_CRE_00085	39	4	89.74358974358975
ov075_dist24000	DMEL_CRE_00086	39	0	100.0
ov075_dist24000	DMEL_CRE_00087	39	3	92.3076923076923
ov075_dist24000	DMEL_CRE_00088	39	0	100.0
ov075_dist24000	DMEL_CRE_00089	39	0	100.0
ov075_dist24000	DMEL_CRE_00090	39	2	94.87179487179486
ov075_dist24000	DMEL_CRE_00091	39	1	97.43589743589743
ov075_dist24000	DMEL_CRE_00092	39	0	100.0
ov075_dist24000	DMEL_CRE_00093	39	4	89.74358974358975
ov075_dist24000	DMEL_CRE_00094	39	7	82.05128205128204
ov075_dist24000	DMEL_CRE_00095	39	0	100.0
ov075_dist24000	DMEL_CRE_00096	39	0	100.0
ov075_dist24000	DMEL_CRE_00097	39	0	100.0
ov075_dist24000	DMEL_CRE_00098	39	0	100.0
ov075_dist24000	DMEL_CRE_00099	39	0	100.0
ov075_dist24000	DMEL_CRE_00100	39	0	100.0
ov075_dist24000	DMEL_CRE_00101	39	0	100.0
ov075_dist24000	DMEL_CRE_00102	39	1	97.43589743589743
ov075_dist24000	DMEL_CRE_00103	39	0	100.0
ov075_dist24000	DMEL_CRE_00104	39	0	100.0
ov075_dist24000	DMEL_CRE_00105	39	0	100.0
ov075_dist24000	DMEL_CRE_00106	39	0	100.0
ov075_dist24000	DMEL_CRE_00107	39	1	97.43589743589743
ov075_dist24000	DMEL_CRE_00108	39	0	100.0
ov075_dist24000	DMEL_CRE_00109	39	1	97.43589743589743
ov075_dist24000	DMEL_CRE_00110	39	0	100.0
ov075_dist24000	DMEL_CRE_00111	39	0	100.0
ov075_dist24000	DMEL_CRE_00112	39	0	100.0
ov075_dist24000	DMEL_CRE_00113	39	0	100.0
ov075_dist24000	DMEL_CRE_00114	39	3	92.3076923076923
ov075_dist24000	DMEL_CRE_00115	39	1	97.43589743589743
ov075_dist24000	DMEL_CRE_00116	39	0	100.0
ov075_dist24000	DMEL_CRE_00117	39	0	100.0
ov075_dist24000	DMEL_CRE_00118	39	0	100.0
ov075_dist24000	DMEL_CRE_00119	39	2	94.87179487179486
ov075_dist24000	DMEL_CRE_00120	39	3	92.3076923076923
ov075_dist24000	DMEL_CRE_00121	39	6	84.61538461538461
ov075_dist24000	DMEL_CRE_00122	39	13	66.66666666666666
ov075_dist24000	DMEL_CRE_00123	39	0	100.0
ov075_dist24000	DMEL_CRE_00124	39	2	94.87179487179486
ov075_dist24000	DMEL_CRE_00125	39	1	97.43589743589743
ov075_dist24000	DMEL_CRE_00126	39	1	97.43589743589743
ov075_dist24000	DMEL_CRE_00127	39	0	100.0
ov075_dist24000	DMEL_CRE_00128	39	3	92.3076923076923
ov075_dist24000	DMEL_CRE_00129	39	0	100.0
ov075_dist24000	DMEL_CRE_00130	39	1	97.43589743589743
ov075_dist24000	DMEL_CRE_00131	39	2	94.87179487179486
ov075_dist24000	DMEL_CRE_00132	39	3	92.3076923076923
ov075_dist24000	DMEL_CRE_00133	39	0	100.0
ov075_dist24000	DMEL_CRE_00134	39	0	100.0
ov075_dist24000	DMEL_CRE_00135	39	0	100.0
ov075_dist24000	DMEL_CRE_00136	39	0	100.0
ov075_dist24000	DMEL_CRE_00137	39	0	100.0
ov075_dist24000	DMEL_CRE_00138	39	3	92.3076923076923
ov075_dist24000	DMEL_CRE_00139	39	1	97.43589743589743
ov075_dist24000	DMEL_CRE_00140	39	1	97.43589743589743
ov075_dist24000	DMEL_CRE_00141	39	1	97.43589743589743
ov075_dist24000	DMEL_CRE_00142	39	0	100.0
ov075_dist24000	DMEL_CRE_00143	39	0	100.0
ov075_dist24000	DMEL_CRE_00144	39	0	100.0
ov075_dist24000	DMEL_CRE_00145	39	6	84.61538461538461
ov075_dist24000	DMEL_CRE_00146	39	1	97.43589743589743
ov075_dist24000	DMEL_CRE_00147	39	6	84.61538461538461
ov075_dist24000	DMEL_CRE_00148	39	3	92.3076923076923
ov075_dist24000	DMEL_CRE_00149	39	0	100.0
ov075_dist24000	DMEL_CRE_00150	39	0	100.0
ov075_dist24000	DMEL_CRE_00151	39	11	71.7948717948718
ov075_dist24000	DMEL_CRE_00152	39	5	87.17948717948718
ov075_dist24000	DMEL_CRE_00153	39	2	94.87179487179486
ov075_dist24000	DMEL_CRE_00154	39	7	82.05128205128204
ov075_dist24000	DMEL_CRE_00155	39	0	100.0
ov075_dist24000	DMEL_CRE_00156	39	0	100.0
ov075_dist24000	DMEL_CRE_00157	39	4	89.74358974358975
ov075_dist24000	DMEL_CRE_00158	39	2	94.87179487179486
ov075_dist24000	DMEL_CRE_00159	39	0	100.0
ov075_dist24000	DMEL_CRE_00160	39	0	100.0
ov075_dist24000	DMEL_CRE_00161	39	0	100.0
ov075_dist24000	DMEL_CRE_00162	39	2	94.87179487179486
ov075_dist24000	DMEL_CRE_00163	39	0	100.0
ov075_dist24000	DMEL_CRE_00164	39	0	100.0
ov075_dist24000	DMEL_CRE_00165	39	0	100.0
ov075_dist24000	DMEL_CRE_00166	39	0	100.0
ov075_dist24000	DMEL_CRE_00167	39	3	92.3076923076923
ov075_dist24000	DMEL_CRE_00168	39	0	100.0
ov075_dist24000	DMEL_CRE_00169	39	5	87.17948717948718
ov075_dist24000	DMEL_CRE_00170	39	0	100.0
ov075_dist24000	DMEL_CRE_00171	39	2	94.87179487179486
ov075_dist24000	DMEL_CRE_00172	39	0	100.0
ov075_dist24000	DMEL_CRE_00173	39	1	97.43589743589743
ov075_dist24000	DMEL_CRE_00174	39	0	100.0
ov075_dist24000	DMEL_CRE_00175	39	1	97.43589743589743
ov075_dist24000	DMEL_CRE_00176	39	0	100.0
ov075_dist24000	DMEL_CRE_00177	39	0	100.0
ov075_dist24000	DMEL_CRE_00178	39	1	97.43589743589743
ov075_dist24000	DMEL_CRE_00179	39	0	100.0
ov075_dist24000	DMEL_CRE_00180	39	0	100.0
ov075_dist24000	DMEL_CRE_00181	39	0	100.0
ov075_dist24000	DMEL_CRE_00182	39	0	100.0
ov075_dist24000	DMEL_CRE_00183	39	0	100.0
ov075_dist24000	DMEL_CRE_00184	39	6	84.61538461538461
ov075_dist24000	DMEL_CRE_00185	39	0	100.0
ov075_dist24000	DMEL_CRE_00186	39	1	97.43589743589743
ov075_dist24000	DMEL_CRE_00187	39	3	92.3076923076923
ov075_dist24000	DMEL_CRE_00188	39	1	97.43589743589743
ov075_dist24000	DMEL_CRE_00189	39	8	79.48717948717949
ov075_dist24000	DMEL_CRE_00190	39	0	100.0
ov075_dist24000	DMEL_CRE_00191	39	0	100.0
ov075_dist24000	DMEL_CRE_00192	39	0	100.0
ov075_dist24000	DMEL_CRE_00193	39	1	97.43589743589743
ov075_dist24000	DMEL_CRE_00194	39	0	100.0
ov075_dist24000	DMEL_CRE_00195	39	1	97.43589743589743
ov075_dist24000	DMEL_CRE_00196	39	2	94.87179487179486
ov075_dist24000	DMEL_CRE_00197	39	3	92.3076923076923
ov075_dist24000	DMEL_CRE_00198	39	0	100.0
ov075_dist24000	DMEL_CRE_00199	39	2	94.87179487179486
ov075_dist24000	DMEL_CRE_00200	39	1	97.43589743589743
ov075_dist24000	DMEL_CRE_00201	39	0	100.0
ov075_dist24000	DMEL_CRE_00202	39	3	92.3076923076923
ov075_dist24000	DMEL_CRE_00203	39	1	97.43589743589743
ov075_dist24000	DMEL_CRE_00204	39	2	94.87179487179486
ov075_dist24000	DMEL_CRE_00205	39	6	84.61538461538461
ov075_dist24000	DMEL_CRE_00206	39	5	87.17948717948718
ov075_dist24000	DMEL_CRE_00207	39	1	97.43589743589743
ov075_dist24000	DMEL_CRE_00208	39	0	100.0
ov075_dist24000	DMEL_CRE_00209	39	0	100.0
ov075_dist24000	DMEL_CRE_00210	39	2	94.87179487179486
ov075_dist24000	DMEL_CRE_00211	39	0	100.0
ov075_dist24000	DMEL_CRE_00212	39	1	97.43589743589743
ov075_dist24000	DMEL_CRE_00213	39	2	94.87179487179486
ov075_dist24000	DMEL_CRE_00214	39	0	100.0
ov075_dist24000	DMEL_CRE_00215	39	1	97.43589743589743
ov075_dist24000	DMEL_CRE_00216	39	0	100.0
ov075_dist24000	DMEL_CRE_00217	39	1	97.43589743589743
ov075_dist24000	DMEL_CRE_00218	39	0	100.0
ov075_dist24000	DMEL_CRE_00219	39	1	97.43589743589743
ov075_dist24000	DMEL_CRE_00220	39	1	97.43589743589743
ov075_dist24000	DMEL_CRE_00221	39	0	100.0
ov075_dist24000	DMEL_CRE_00222	39	0	100.0
ov075_dist24000	DMEL_CRE_00223	39	5	87.17948717948718
ov075_dist24000	DMEL_CRE_00224	39	0	100.0
ov075_dist24000	DMEL_CRE_00225	39	0	100.0
ov075_dist24000	DMEL_CRE_00226	39	1	97.43589743589743
ov075_dist24000	DMEL_CRE_00227	39	0	100.0
ov075_dist24000	DMEL_CRE_00228	39	6	84.61538461538461
ov075_dist24000	DMEL_CRE_00229	39	0	100.0
ov075_dist24000	DMEL_CRE_00230	39	2	94.87179487179486
ov075_dist24000	DMEL_CRE_00231	39	1	97.43589743589743
ov075_dist24000	DMEL_CRE_00232	39	0	100.0
ov075_dist24000	DMEL_CRE_00233	39	11	71.7948717948718
ov075_dist24000	DMEL_CRE_00234	39	1	97.43589743589743
ov075_dist24000	DMEL_CRE_00235	39	2	94.87179487179486
ov075_dist24000	DMEL_CRE_00236	39	6	84.61538461538461
ov075_dist24000	DMEL_CRE_00237	39	2	94.87179487179486
ov075_dist24000	DMEL_CRE_00238	39	0	100.0
ov075_dist24000	DMEL_CRE_00239	39	0	100.0
ov075_dist24000	DMEL_CRE_00240	39	0	100.0
ov075_dist24000	DMEL_CRE_00241	39	2	94.87179487179486
ov075_dist24000	DMEL_CRE_00242	39	0	100.0
ov075_dist24000	DMEL_CRE_00243	39	0	100.0
ov075_dist24000	DMEL_CRE_00244	39	0	100.0
ov075_dist24000	DMEL_CRE_00245	39	0	100.0
ov075_dist24000	DMEL_CRE_00246	39	0	100.0
ov075_dist24000	DMEL_CRE_00247	39	0	100.0
ov075_dist24000	DMEL_CRE_00248	39	0	100.0
ov075_dist24000	DMEL_CRE_00249	39	0	100.0
ov075_dist24000	DMEL_CRE_00250	39	2	94.87179487179486
ov075_dist24000	DMEL_CRE_00251	39	0	100.0
ov075_dist24000	DMEL_CRE_00252	39	1	97.43589743589743
ov075_dist24000	DMEL_CRE_00253	39	0	100.0
ov075_dist24000	DMEL_CRE_00254	39	0	100.0
ov075_dist24000	DMEL_CRE_00255	39	8	79.48717948717949
ov075_dist24000	DMEL_CRE_00256	39	0	100.0
ov075_dist24000	DMEL_CRE_00257	39	1	97.43589743589743
ov075_dist24000	DMEL_CRE_00258	39	0	100.0
ov075_dist24000	DMEL_CRE_00259	39	0	100.0
ov075_dist24000	DMEL_CRE_00260	39	0	100.0
ov075_dist24000	DMEL_CRE_00261	39	0	100.0
ov075_dist24000	DMEL_CRE_00262	39	0	100.0
ov075_dist24000	DMEL_CRE_00263	39	0	100.0
ov075_dist24000	DMEL_CRE_00264	39	1	97.43589743589743
ov075_dist24000	DMEL_CRE_00265	39	2	94.87179487179486
ov075_dist24000	DMEL_CRE_00266	39	6	84.61538461538461
ov075_dist24000	DMEL_CRE_00267	39	0	100.0
ov075_dist24000	DMEL_CRE_00268	39	0	100.0
ov075_dist24000	DMEL_CRE_00269	39	6	84.61538461538461
ov075_dist24000	DMEL_CRE_00270	39	0	100.0
ov075_dist24000	DMEL_CRE_00271	39	1	97.43589743589743
ov075_dist24000	DMEL_CRE_00272	39	1	97.43589743589743
ov075_dist24000	DMEL_CRE_00273	39	13	66.66666666666666
ov075_dist24000	DMEL_CRE_00274	39	0	100.0
ov075_dist24000	DMEL_CRE_00275	39	6	84.61538461538461
ov075_dist24000	DMEL_CRE_00276	39	3	92.3076923076923
ov075_dist24000	DMEL_CRE_00277	39	6	84.61538461538461
ov075_dist24000	DMEL_CRE_00278	39	7	82.05128205128204
ov075_dist24000	DMEL_CRE_00279	39	1	97.43589743589743
ov075_dist24000	DMEL_CRE_00280	39	0	100.0
ov075_dist24000	DMEL_CRE_00281	39	0	100.0
ov075_dist24000	DMEL_CRE_00282	39	0	100.0
ov075_dist24000	DMEL_CRE_00283	39	0	100.0
ov075_dist24000	DMEL_CRE_00284	39	0	100.0
ov075_dist24000	DMEL_CRE_00285	39	0	100.0
ov075_dist24000	DMEL_CRE_00286	39	0	100.0
ov075_dist24000	DMEL_CRE_00287	39	0	100.0
ov075_dist24000	DMEL_CRE_00288	39	3	92.3076923076923
ov075_dist24000	DMEL_CRE_00289	39	0	100.0
ov075_dist24000	DMEL_CRE_00290	39	0	100.0
ov075_dist24000	DMEL_CRE_00291	39	23	41.02564102564102
ov075_dist24000	DMEL_CRE_00292	39	4	89.74358974358975
ov075_dist24000	DMEL_CRE_00293	39	1	97.43589743589743
ov075_dist24000	DMEL_CRE_00294	39	0	100.0
ov075_dist24000	DMEL_CRE_00295	39	13	66.66666666666666
ov075_dist24000	DMEL_CRE_00296	39	0	100.0
ov075_dist24000	DMEL_CRE_00297	39	10	74.35897435897436
ov075_dist24000	DMEL_CRE_00298	39	1	97.43589743589743
ov075_dist24000	DMEL_CRE_00299	39	0	100.0
ov075_dist24000	DMEL_CRE_00300	39	1	97.43589743589743
ov075_dist24000	DMEL_CRE_00301	39	1	97.43589743589743
ov075_dist24000	DMEL_CRE_00302	39	7	82.05128205128204
ov075_dist24000	DMEL_CRE_00303	39	1	97.43589743589743
ov075_dist24000	DMEL_CRE_00304	39	0	100.0
ov075_dist24000	DMEL_CRE_00305	39	2	94.87179487179486
ov075_dist24000	DMEL_CRE_00306	39	4	89.74358974358975
ov075_dist24000	DMEL_CRE_00307	39	0	100.0
ov075_dist24000	DMEL_CRE_00308	39	1	97.43589743589743
ov075_dist24000	DMEL_CRE_00309	39	2	94.87179487179486
ov075_dist24000	DMEL_CRE_00310	39	7	82.05128205128204
ov075_dist24000	DMEL_CRE_00311	39	4	89.74358974358975
ov075_dist24000	DMEL_CRE_00312	39	0	100.0
ov075_dist24000	DMEL_CRE_00313	39	0	100.0
ov075_dist24000	DMEL_CRE_00314	39	0	100.0
ov075_dist24000	DMEL_CRE_00315	39	2	94.87179487179486
ov075_dist24000	DMEL_CRE_00316	39	1	97.43589743589743
ov075_dist24000	DMEL_CRE_00317	39	0	100.0
ov075_dist24000	DMEL_CRE_00318	39	0	100.0
ov075_dist24000	DMEL_CRE_00319	39	6	84.61538461538461
ov075_dist24000	DMEL_CRE_00320	39	0	100.0
ov075_dist24000	DMEL_CRE_00321	39	1	97.43589743589743
ov075_dist24000	DMEL_CRE_00322	39	0	100.0
ov075_dist24000	DMEL_CRE_00323	39	0	100.0
ov075_dist24000	DMEL_CRE_00324	39	3	92.3076923076923
ov075_dist24000	DMEL_CRE_00325	39	0	100.0
ov075_dist24000	DMEL_CRE_00326	39	0	100.0
ov075_dist24000	DMEL_CRE_00327	39	0	100.0
ov075_dist24000	DMEL_CRE_00328	39	2	94.87179487179486
ov075_dist24000	DMEL_CRE_00329	39	5	87.17948717948718
ov075_dist24000	DMEL_CRE_00330	39	1	97.43589743589743
ov075_dist24000	DMEL_CRE_00331	39	7	82.05128205128204
ov075_dist24000	DMEL_CRE_00332	39	3	92.3076923076923
ov075_dist24000	DMEL_CRE_00333	39	1	97.43589743589743
ov075_dist24000	DMEL_CRE_00334	39	0	100.0
ov075_dist24000	DMEL_CRE_00335	39	0	100.0
ov075_dist24000	DMEL_CRE_00336	39	0	100.0
ov075_dist24000	DMEL_CRE_00337	39	2	94.87179487179486
ov075_dist48000	DMEL_CRE_00001	39	2	94.87179487179486
ov075_dist48000	DMEL_CRE_00002	39	0	100.0
ov075_dist48000	DMEL_CRE_00003	39	0	100.0
ov075_dist48000	DMEL_CRE_00004	39	2	94.87179487179486
ov075_dist48000	DMEL_CRE_00005	39	1	97.43589743589743
ov075_dist48000	DMEL_CRE_00006	39	6	84.61538461538461
ov075_dist48000	DMEL_CRE_00007	39	3	92.3076923076923
ov075_dist48000	DMEL_CRE_00008	39	2	94.87179487179486
ov075_dist48000	DMEL_CRE_00009	39	5	87.17948717948718
ov075_dist48000	DMEL_CRE_00010	39	1	97.43589743589743
ov075_dist48000	DMEL_CRE_00011	39	6	84.61538461538461
ov075_dist48000	DMEL_CRE_00012	39	0	100.0
ov075_dist48000	DMEL_CRE_00013	39	1	97.43589743589743
ov075_dist48000	DMEL_CRE_00014	39	1	97.43589743589743
ov075_dist48000	DMEL_CRE_00015	39	1	97.43589743589743
ov075_dist48000	DMEL_CRE_00016	39	0	100.0
ov075_dist48000	DMEL_CRE_00017	39	1	97.43589743589743
ov075_dist48000	DMEL_CRE_00018	39	6	84.61538461538461
ov075_dist48000	DMEL_CRE_00019	39	1	97.43589743589743
ov075_dist48000	DMEL_CRE_00020	39	2	94.87179487179486
ov075_dist48000	DMEL_CRE_00021	39	0	100.0
ov075_dist48000	DMEL_CRE_00022	39	3	92.3076923076923
ov075_dist48000	DMEL_CRE_00023	39	2	94.87179487179486
ov075_dist48000	DMEL_CRE_00024	39	0	100.0
ov075_dist48000	DMEL_CRE_00025	39	0	100.0
ov075_dist48000	DMEL_CRE_00026	39	10	74.35897435897436
ov075_dist48000	DMEL_CRE_00027	39	2	94.87179487179486
ov075_dist48000	DMEL_CRE_00028	39	2	94.87179487179486
ov075_dist48000	DMEL_CRE_00029	39	4	89.74358974358975
ov075_dist48000	DMEL_CRE_00030	39	2	94.87179487179486
ov075_dist48000	DMEL_CRE_00031	39	2	94.87179487179486
ov075_dist48000	DMEL_CRE_00032	39	0	100.0
ov075_dist48000	DMEL_CRE_00033	39	3	92.3076923076923
ov075_dist48000	DMEL_CRE_00034	39	3	92.3076923076923
ov075_dist48000	DMEL_CRE_00035	39	3	92.3076923076923
ov075_dist48000	DMEL_CRE_00036	39	2	94.87179487179486
ov075_dist48000	DMEL_CRE_00037	39	0	100.0
ov075_dist48000	DMEL_CRE_00038	39	2	94.87179487179486
ov075_dist48000	DMEL_CRE_00039	39	0	100.0
ov075_dist48000	DMEL_CRE_00040	39	2	94.87179487179486
ov075_dist48000	DMEL_CRE_00041	39	1	97.43589743589743
ov075_dist48000	DMEL_CRE_00042	39	6	84.61538461538461
ov075_dist48000	DMEL_CRE_00043	39	0	100.0
ov075_dist48000	DMEL_CRE_00044	39	3	92.3076923076923
ov075_dist48000	DMEL_CRE_00045	39	3	92.3076923076923
ov075_dist48000	DMEL_CRE_00046	39	5	87.17948717948718
ov075_dist48000	DMEL_CRE_00047	39	2	94.87179487179486
ov075_dist48000	DMEL_CRE_00048	39	1	97.43589743589743
ov075_dist48000	DMEL_CRE_00049	39	8	79.48717948717949
ov075_dist48000	DMEL_CRE_00050	39	5	87.17948717948718
ov075_dist48000	DMEL_CRE_00051	39	0	100.0
ov075_dist48000	DMEL_CRE_00052	39	16	58.97435897435898
ov075_dist48000	DMEL_CRE_00053	39	8	79.48717948717949
ov075_dist48000	DMEL_CRE_00054	39	3	92.3076923076923
ov075_dist48000	DMEL_CRE_00055	39	1	97.43589743589743
ov075_dist48000	DMEL_CRE_00056	39	2	94.87179487179486
ov075_dist48000	DMEL_CRE_00057	39	0	100.0
ov075_dist48000	DMEL_CRE_00058	39	1	97.43589743589743
ov075_dist48000	DMEL_CRE_00059	39	0	100.0
ov075_dist48000	DMEL_CRE_00060	39	0	100.0
ov075_dist48000	DMEL_CRE_00061	39	3	92.3076923076923
ov075_dist48000	DMEL_CRE_00062	39	0	100.0
ov075_dist48000	DMEL_CRE_00063	39	1	97.43589743589743
ov075_dist48000	DMEL_CRE_00064	39	0	100.0
ov075_dist48000	DMEL_CRE_00065	39	3	92.3076923076923
ov075_dist48000	DMEL_CRE_00066	39	0	100.0
ov075_dist48000	DMEL_CRE_00067	39	0	100.0
ov075_dist48000	DMEL_CRE_00068	39	0	100.0
ov075_dist48000	DMEL_CRE_00069	39	0	100.0
ov075_dist48000	DMEL_CRE_00070	39	1	97.43589743589743
ov075_dist48000	DMEL_CRE_00071	39	0	100.0
ov075_dist48000	DMEL_CRE_00072	39	5	87.17948717948718
ov075_dist48000	DMEL_CRE_00073	39	0	100.0
ov075_dist48000	DMEL_CRE_00074	39	0	100.0
ov075_dist48000	DMEL_CRE_00075	39	2	94.87179487179486
ov075_dist48000	DMEL_CRE_00076	39	0	100.0
ov075_dist48000	DMEL_CRE_00077	39	2	94.87179487179486
ov075_dist48000	DMEL_CRE_00078	39	1	97.43589743589743
ov075_dist48000	DMEL_CRE_00079	39	0	100.0
ov075_dist48000	DMEL_CRE_00080	39	5	87.17948717948718
ov075_dist48000	DMEL_CRE_00081	39	0	100.0
ov075_dist48000	DMEL_CRE_00082	39	7	82.05128205128204
ov075_dist48000	DMEL_CRE_00083	39	0	100.0
ov075_dist48000	DMEL_CRE_00084	39	2	94.87179487179486
ov075_dist48000	DMEL_CRE_00085	39	4	89.74358974358975
ov075_dist48000	DMEL_CRE_00086	39	1	97.43589743589743
ov075_dist48000	DMEL_CRE_00087	39	3	92.3076923076923
ov075_dist48000	DMEL_CRE_00088	39	0	100.0
ov075_dist48000	DMEL_CRE_00089	39	0	100.0
ov075_dist48000	DMEL_CRE_00090	39	2	94.87179487179486
ov075_dist48000	DMEL_CRE_00091	39	1	97.43589743589743
ov075_dist48000	DMEL_CRE_00092	39	0	100.0
ov075_dist48000	DMEL_CRE_00093	39	4	89.74358974358975
ov075_dist48000	DMEL_CRE_00094	39	7	82.05128205128204
ov075_dist48000	DMEL_CRE_00095	39	0	100.0
ov075_dist48000	DMEL_CRE_00096	39	0	100.0
ov075_dist48000	DMEL_CRE_00097	39	0	100.0
ov075_dist48000	DMEL_CRE_00098	39	0	100.0
ov075_dist48000	DMEL_CRE_00099	39	0	100.0
ov075_dist48000	DMEL_CRE_00100	39	0	100.0
ov075_dist48000	DMEL_CRE_00101	39	0	100.0
ov075_dist48000	DMEL_CRE_00102	39	1	97.43589743589743
ov075_dist48000	DMEL_CRE_00103	39	0	100.0
ov075_dist48000	DMEL_CRE_00104	39	0	100.0
ov075_dist48000	DMEL_CRE_00105	39	0	100.0
ov075_dist48000	DMEL_CRE_00106	39	0	100.0
ov075_dist48000	DMEL_CRE_00107	39	1	97.43589743589743
ov075_dist48000	DMEL_CRE_00108	39	0	100.0
ov075_dist48000	DMEL_CRE_00109	39	1	97.43589743589743
ov075_dist48000	DMEL_CRE_00110	39	0	100.0
ov075_dist48000	DMEL_CRE_00111	39	1	97.43589743589743
ov075_dist48000	DMEL_CRE_00112	39	0	100.0
ov075_dist48000	DMEL_CRE_00113	39	7	82.05128205128204
ov075_dist48000	DMEL_CRE_00114	39	3	92.3076923076923
ov075_dist48000	DMEL_CRE_00115	39	2	94.87179487179486
ov075_dist48000	DMEL_CRE_00116	39	0	100.0
ov075_dist48000	DMEL_CRE_00117	39	0	100.0
ov075_dist48000	DMEL_CRE_00118	39	0	100.0
ov075_dist48000	DMEL_CRE_00119	39	2	94.87179487179486
ov075_dist48000	DMEL_CRE_00120	39	3	92.3076923076923
ov075_dist48000	DMEL_CRE_00121	39	6	84.61538461538461
ov075_dist48000	DMEL_CRE_00122	39	13	66.66666666666666
ov075_dist48000	DMEL_CRE_00123	39	0	100.0
ov075_dist48000	DMEL_CRE_00124	39	2	94.87179487179486
ov075_dist48000	DMEL_CRE_00125	39	1	97.43589743589743
ov075_dist48000	DMEL_CRE_00126	39	2	94.87179487179486
ov075_dist48000	DMEL_CRE_00127	39	0	100.0
ov075_dist48000	DMEL_CRE_00128	39	3	92.3076923076923
ov075_dist48000	DMEL_CRE_00129	39	0	100.0
ov075_dist48000	DMEL_CRE_00130	39	1	97.43589743589743
ov075_dist48000	DMEL_CRE_00131	39	2	94.87179487179486
ov075_dist48000	DMEL_CRE_00132	39	3	92.3076923076923
ov075_dist48000	DMEL_CRE_00133	39	0	100.0
ov075_dist48000	DMEL_CRE_00134	39	0	100.0
ov075_dist48000	DMEL_CRE_00135	39	0	100.0
ov075_dist48000	DMEL_CRE_00136	39	0	100.0
ov075_dist48000	DMEL_CRE_00137	39	1	97.43589743589743
ov075_dist48000	DMEL_CRE_00138	39	3	92.3076923076923
ov075_dist48000	DMEL_CRE_00139	39	1	97.43589743589743
ov075_dist48000	DMEL_CRE_00140	39	1	97.43589743589743
ov075_dist48000	DMEL_CRE_00141	39	1	97.43589743589743
ov075_dist48000	DMEL_CRE_00142	39	0	100.0
ov075_dist48000	DMEL_CRE_00143	39	0	100.0
ov075_dist48000	DMEL_CRE_00144	39	4	89.74358974358975
ov075_dist48000	DMEL_CRE_00145	39	9	76.92307692307693
ov075_dist48000	DMEL_CRE_00146	39	1	97.43589743589743
ov075_dist48000	DMEL_CRE_00147	39	6	84.61538461538461
ov075_dist48000	DMEL_CRE_00148	39	3	92.3076923076923
ov075_dist48000	DMEL_CRE_00149	39	0	100.0
ov075_dist48000	DMEL_CRE_00150	39	0	100.0
ov075_dist48000	DMEL_CRE_00151	39	11	71.7948717948718
ov075_dist48000	DMEL_CRE_00152	39	5	87.17948717948718
ov075_dist48000	DMEL_CRE_00153	39	2	94.87179487179486
ov075_dist48000	DMEL_CRE_00154	39	7	82.05128205128204
ov075_dist48000	DMEL_CRE_00155	39	0	100.0
ov075_dist48000	DMEL_CRE_00156	39	0	100.0
ov075_dist48000	DMEL_CRE_00157	39	4	89.74358974358975
ov075_dist48000	DMEL_CRE_00158	39	3	92.3076923076923
ov075_dist48000	DMEL_CRE_00159	39	0	100.0
ov075_dist48000	DMEL_CRE_00160	39	1	97.43589743589743
ov075_dist48000	DMEL_CRE_00161	39	0	100.0
ov075_dist48000	DMEL_CRE_00162	39	4	89.74358974358975
ov075_dist48000	DMEL_CRE_00163	39	0	100.0
ov075_dist48000	DMEL_CRE_00164	39	0	100.0
ov075_dist48000	DMEL_CRE_00165	39	0	100.0
ov075_dist48000	DMEL_CRE_00166	39	0	100.0
ov075_dist48000	DMEL_CRE_00167	39	3	92.3076923076923
ov075_dist48000	DMEL_CRE_00168	39	0	100.0
ov075_dist48000	DMEL_CRE_00169	39	5	87.17948717948718
ov075_dist48000	DMEL_CRE_00170	39	0	100.0
ov075_dist48000	DMEL_CRE_00171	39	2	94.87179487179486
ov075_dist48000	DMEL_CRE_00172	39	0	100.0
ov075_dist48000	DMEL_CRE_00173	39	1	97.43589743589743
ov075_dist48000	DMEL_CRE_00174	39	1	97.43589743589743
ov075_dist48000	DMEL_CRE_00175	39	3	92.3076923076923
ov075_dist48000	DMEL_CRE_00176	39	0	100.0
ov075_dist48000	DMEL_CRE_00177	39	0	100.0
ov075_dist48000	DMEL_CRE_00178	39	1	97.43589743589743
ov075_dist48000	DMEL_CRE_00179	39	0	100.0
ov075_dist48000	DMEL_CRE_00180	39	0	100.0
ov075_dist48000	DMEL_CRE_00181	39	0	100.0
ov075_dist48000	DMEL_CRE_00182	39	0	100.0
ov075_dist48000	DMEL_CRE_00183	39	0	100.0
ov075_dist48000	DMEL_CRE_00184	39	6	84.61538461538461
ov075_dist48000	DMEL_CRE_00185	39	0	100.0
ov075_dist48000	DMEL_CRE_00186	39	1	97.43589743589743
ov075_dist48000	DMEL_CRE_00187	39	5	87.17948717948718
ov075_dist48000	DMEL_CRE_00188	39	1	97.43589743589743
ov075_dist48000	DMEL_CRE_00189	39	8	79.48717948717949
ov075_dist48000	DMEL_CRE_00190	39	0	100.0
ov075_dist48000	DMEL_CRE_00191	39	0	100.0
ov075_dist48000	DMEL_CRE_00192	39	0	100.0
ov075_dist48000	DMEL_CRE_00193	39	1	97.43589743589743
ov075_dist48000	DMEL_CRE_00194	39	0	100.0
ov075_dist48000	DMEL_CRE_00195	39	1	97.43589743589743
ov075_dist48000	DMEL_CRE_00196	39	2	94.87179487179486
ov075_dist48000	DMEL_CRE_00197	39	3	92.3076923076923
ov075_dist48000	DMEL_CRE_00198	39	0	100.0
ov075_dist48000	DMEL_CRE_00199	39	2	94.87179487179486
ov075_dist48000	DMEL_CRE_00200	39	2	94.87179487179486
ov075_dist48000	DMEL_CRE_00201	39	0	100.0
ov075_dist48000	DMEL_CRE_00202	39	5	87.17948717948718
ov075_dist48000	DMEL_CRE_00203	39	1	97.43589743589743
ov075_dist48000	DMEL_CRE_00204	39	2	94.87179487179486
ov075_dist48000	DMEL_CRE_00205	39	6	84.61538461538461
ov075_dist48000	DMEL_CRE_00206	39	5	87.17948717948718
ov075_dist48000	DMEL_CRE_00207	39	1	97.43589743589743
ov075_dist48000	DMEL_CRE_00208	39	0	100.0
ov075_dist48000	DMEL_CRE_00209	39	0	100.0
ov075_dist48000	DMEL_CRE_00210	39	2	94.87179487179486
ov075_dist48000	DMEL_CRE_00211	39	0	100.0
ov075_dist48000	DMEL_CRE_00212	39	1	97.43589743589743
ov075_dist48000	DMEL_CRE_00213	39	2	94.87179487179486
ov075_dist48000	DMEL_CRE_00214	39	0	100.0
ov075_dist48000	DMEL_CRE_00215	39	1	97.43589743589743
ov075_dist48000	DMEL_CRE_00216	39	0	100.0
ov075_dist48000	DMEL_CRE_00217	39	1	97.43589743589743
ov075_dist48000	DMEL_CRE_00218	39	0	100.0
ov075_dist48000	DMEL_CRE_00219	39	1	97.43589743589743
ov075_dist48000	DMEL_CRE_00220	39	1	97.43589743589743
ov075_dist48000	DMEL_CRE_00221	39	0	100.0
ov075_dist48000	DMEL_CRE_00222	39	0	100.0
ov075_dist48000	DMEL_CRE_00223	39	6	84.61538461538461
ov075_dist48000	DMEL_CRE_00224	39	0	100.0
ov075_dist48000	DMEL_CRE_00225	39	0	100.0
ov075_dist48000	DMEL_CRE_00226	39	1	97.43589743589743
ov075_dist48000	DMEL_CRE_00227	39	0	100.0
ov075_dist48000	DMEL_CRE_00228	39	6	84.61538461538461
ov075_dist48000	DMEL_CRE_00229	39	0	100.0
ov075_dist48000	DMEL_CRE_00230	39	2	94.87179487179486
ov075_dist48000	DMEL_CRE_00231	39	1	97.43589743589743
ov075_dist48000	DMEL_CRE_00232	39	0	100.0
ov075_dist48000	DMEL_CRE_00233	39	11	71.7948717948718
ov075_dist48000	DMEL_CRE_00234	39	1	97.43589743589743
ov075_dist48000	DMEL_CRE_00235	39	2	94.87179487179486
ov075_dist48000	DMEL_CRE_00236	39	6	84.61538461538461
ov075_dist48000	DMEL_CRE_00237	39	2	94.87179487179486
ov075_dist48000	DMEL_CRE_00238	39	1	97.43589743589743
ov075_dist48000	DMEL_CRE_00239	39	0	100.0
ov075_dist48000	DMEL_CRE_00240	39	0	100.0
ov075_dist48000	DMEL_CRE_00241	39	2	94.87179487179486
ov075_dist48000	DMEL_CRE_00242	39	0	100.0
ov075_dist48000	DMEL_CRE_00243	39	0	100.0
ov075_dist48000	DMEL_CRE_00244	39	0	100.0
ov075_dist48000	DMEL_CRE_00245	39	0	100.0
ov075_dist48000	DMEL_CRE_00246	39	0	100.0
ov075_dist48000	DMEL_CRE_00247	39	0	100.0
ov075_dist48000	DMEL_CRE_00248	39	0	100.0
ov075_dist48000	DMEL_CRE_00249	39	0	100.0
ov075_dist48000	DMEL_CRE_00250	39	2	94.87179487179486
ov075_dist48000	DMEL_CRE_00251	39	0	100.0
ov075_dist48000	DMEL_CRE_00252	39	1	97.43589743589743
ov075_dist48000	DMEL_CRE_00253	39	0	100.0
ov075_dist48000	DMEL_CRE_00254	39	0	100.0
ov075_dist48000	DMEL_CRE_00255	39	8	79.48717948717949
ov075_dist48000	DMEL_CRE_00256	39	0	100.0
ov075_dist48000	DMEL_CRE_00257	39	1	97.43589743589743
ov075_dist48000	DMEL_CRE_00258	39	0	100.0
ov075_dist48000	DMEL_CRE_00259	39	0	100.0
ov075_dist48000	DMEL_CRE_00260	39	0	100.0
ov075_dist48000	DMEL_CRE_00261	39	0	100.0
ov075_dist48000	DMEL_CRE_00262	39	0	100.0
ov075_dist48000	DMEL_CRE_00263	39	0	100.0
ov075_dist48000	DMEL_CRE_00264	39	1	97.43589743589743
ov075_dist48000	DMEL_CRE_00265	39	2	94.87179487179486
ov075_dist48000	DMEL_CRE_00266	39	6	84.61538461538461
ov075_dist48000	DMEL_CRE_00267	39	0	100.0
ov075_dist48000	DMEL_CRE_00268	39	0	100.0
ov075_dist48000	DMEL_CRE_00269	39	6	84.61538461538461
ov075_dist48000	DMEL_CRE_00270	39	0	100.0
ov075_dist48000	DMEL_CRE_00271	39	1	97.43589743589743
ov075_dist48000	DMEL_CRE_00272	39	1	97.43589743589743
ov075_dist48000	DMEL_CRE_00273	39	13	66.66666666666666
ov075_dist48000	DMEL_CRE_00274	39	0	100.0
ov075_dist48000	DMEL_CRE_00275	39	6	84.61538461538461
ov075_dist48000	DMEL_CRE_00276	39	3	92.3076923076923
ov075_dist48000	DMEL_CRE_00277	39	6	84.61538461538461
ov075_dist48000	DMEL_CRE_00278	39	7	82.05128205128204
ov075_dist48000	DMEL_CRE_00279	39	1	97.43589743589743
ov075_dist48000	DMEL_CRE_00280	39	0	100.0
ov075_dist48000	DMEL_CRE_00281	39	0	100.0
ov075_dist48000	DMEL_CRE_00282	39	0	100.0
ov075_dist48000	DMEL_CRE_00283	39	0	100.0
ov075_dist48000	DMEL_CRE_00284	39	0	100.0
ov075_dist48000	DMEL_CRE_00285	39	0	100.0
ov075_dist48000	DMEL_CRE_00286	39	0	100.0
ov075_dist48000	DMEL_CRE_00287	39	0	100.0
ov075_dist48000	DMEL_CRE_00288	39	3	92.3076923076923
ov075_dist48000	DMEL_CRE_00289	39	0	100.0
ov075_dist48000	DMEL_CRE_00290	39	1	97.43589743589743
ov075_dist48000	DMEL_CRE_00291	39	23	41.02564102564102
ov075_dist48000	DMEL_CRE_00292	39	6	84.61538461538461
ov075_dist48000	DMEL_CRE_00293	39	1	97.43589743589743
ov075_dist48000	DMEL_CRE_00294	39	0	100.0
ov075_dist48000	DMEL_CRE_00295	39	13	66.66666666666666
ov075_dist48000	DMEL_CRE_00296	39	0	100.0
ov075_dist48000	DMEL_CRE_00297	39	10	74.35897435897436
ov075_dist48000	DMEL_CRE_00298	39	1	97.43589743589743
ov075_dist48000	DMEL_CRE_00299	39	0	100.0
ov075_dist48000	DMEL_CRE_00300	39	1	97.43589743589743
ov075_dist48000	DMEL_CRE_00301	39	1	97.43589743589743
ov075_dist48000	DMEL_CRE_00302	39	7	82.05128205128204
ov075_dist48000	DMEL_CRE_00303	39	2	94.87179487179486
ov075_dist48000	DMEL_CRE_00304	39	2	94.87179487179486
ov075_dist48000	DMEL_CRE_00305	39	2	94.87179487179486
ov075_dist48000	DMEL_CRE_00306	39	5	87.17948717948718
ov075_dist48000	DMEL_CRE_00307	39	0	100.0
ov075_dist48000	DMEL_CRE_00308	39	1	97.43589743589743
ov075_dist48000	DMEL_CRE_00309	39	2	94.87179487179486
ov075_dist48000	DMEL_CRE_00310	39	7	82.05128205128204
ov075_dist48000	DMEL_CRE_00311	39	4	89.74358974358975
ov075_dist48000	DMEL_CRE_00312	39	0	100.0
ov075_dist48000	DMEL_CRE_00313	39	0	100.0
ov075_dist48000	DMEL_CRE_00314	39	0	100.0
ov075_dist48000	DMEL_CRE_00315	39	2	94.87179487179486
ov075_dist48000	DMEL_CRE_00316	39	1	97.43589743589743
ov075_dist48000	DMEL_CRE_00317	39	2	94.87179487179486
ov075_dist48000	DMEL_CRE_00318	39	0	100.0
ov075_dist48000	DMEL_CRE_00319	39	6	84.61538461538461
ov075_dist48000	DMEL_CRE_00320	39	0	100.0
ov075_dist48000	DMEL_CRE_00321	39	1	97.43589743589743
ov075_dist48000	DMEL_CRE_00322	39	2	94.87179487179486
ov075_dist48000	DMEL_CRE_00323	39	0	100.0
ov075_dist48000	DMEL_CRE_00324	39	3	92.3076923076923
ov075_dist48000	DMEL_CRE_00325	39	0	100.0
ov075_dist48000	DMEL_CRE_00326	39	0	100.0
ov075_dist48000	DMEL_CRE_00327	39	0	100.0
ov075_dist48000	DMEL_CRE_00328	39	2	94.87179487179486
ov075_dist48000	DMEL_CRE_00329	39	6	84.61538461538461
ov075_dist48000	DMEL_CRE_00330	39	1	97.43589743589743
ov075_dist48000	DMEL_CRE_00331	39	7	82.05128205128204
ov075_dist48000	DMEL_CRE_00332	39	4	89.74358974358975
ov075_dist48000	DMEL_CRE_00333	39	1	97.43589743589743
ov075_dist48000	DMEL_CRE_00334	39	0	100.0
ov075_dist48000	DMEL_CRE_00335	39	0	100.0
ov075_dist48000	DMEL_CRE_00336	39	0	100.0
ov075_dist48000	DMEL_CRE_00337	39	2	94.87179487179486
