dmel_cre_id	dazt	dbif	dbir	dbun	dequ	dfor	dfun	dimm	dkik	dmir	dnas	dobs	dper	dpha	dpse	druf	dsub	dsul	dsuz	dtei	dtro	dvir	zdav	zind	ztub	d_affinis	d_arizonae	d_bipectinata	d_buzzatii	d_ezoana	d_hydei	d_littoralis	d_lutescens	d_mercatorum	d_mojavensis	d_novamexicana	d_repleta	d_serrata	d_simulans
DMEL_CRE_00001	present	uncertain	uncertain	uncertain	uncertain	uncertain	uncertain	uncertain	uncertain	uncertain	uncertain	no_detected_CRE	uncertain	uncertain	uncertain	uncertain	present	uncertain	turnover_candidate	no_detected_CRE	uncertain	uncertain	uncertain	uncertain	uncertain	uncertain	uncertain	uncertain	uncertain	no_detected_CRE	uncertain	no_detected_CRE	turnover_candidate	uncertain	uncertain	no_detected_CRE	uncertain	uncertain	no_detected_CRE
DMEL_CRE_00002	uncertain	uncertain	uncertain	uncertain	uncertain	uncertain	uncertain	uncertain	uncertain	uncertain	uncertain	uncertain	uncertain	uncertain	uncertain	uncertain	uncertain	uncertain	uncertain	uncertain	uncertain	uncertain	uncertain	uncertain	uncertain	uncertain	uncertain	uncertain	uncertain	uncertain	uncertain	uncertain	uncertain	uncertain	uncertain	uncertain	uncertain	uncertain	no_detected_CRE
DMEL_CRE_00003	present	present	turnover_candidate	no_detected_CRE	uncertain	uncertain	uncertain	uncertain	no_detected_CRE	turnover_candidate	present	turnover_candidate	present	turnover_candidate	no_detected_CRE	no_detected_CRE	present	present	no_detected_CRE	turnover_candidate	no_detected_CRE	uncertain	uncertain	uncertain	uncertain	no_detected_CRE	uncertain	no_detected_CRE	uncertain	uncertain	uncertain	uncertain	no_detected_CRE	uncertain	uncertain	uncertain	uncertain	no_detected_CRE	no_detected_CRE
DMEL_CRE_00004	present	present	turnover_candidate	present	uncertain	uncertain	uncertain	uncertain	turnover_candidate	present	uncertain	present	present	uncertain	no_detected_CRE	turnover_candidate	present	uncertain	turnover_candidate	no_detected_CRE	uncertain	uncertain	uncertain	uncertain	uncertain	present	uncertain	no_detected_CRE	uncertain	uncertain	uncertain	uncertain	present	uncertain	uncertain	uncertain	uncertain	turnover_candidate	present
DMEL_CRE_00005	no_detected_CRE	no_detected_CRE	turnover_candidate	no_detected_CRE	turnover_candidate	no_detected_CRE	uncertain	uncertain	no_detected_CRE	no_detected_CRE	uncertain	no_detected_CRE	no_detected_CRE	uncertain	no_detected_CRE	no_detected_CRE	no_detected_CRE	uncertain	no_detected_CRE	no_detected_CRE	turnover_candidate	uncertain	uncertain	uncertain	uncertain	no_detected_CRE	uncertain	no_detected_CRE	turnover_candidate	uncertain	uncertain	uncertain	no_detected_CRE	no_detected_CRE	uncertain	uncertain	no_detected_CRE	no_detected_CRE	turnover_candidate
DMEL_CRE_00006	no_detected_CRE	turnover_candidate	no_detected_CRE	present	uncertain	uncertain	no_detected_CRE	uncertain	present	no_detected_CRE	turnover_candidate	turnover_candidate	no_detected_CRE	uncertain	no_detected_CRE	no_detected_CRE	no_detected_CRE	no_detected_CRE	present	present	uncertain	present	no_detected_CRE	no_detected_CRE	uncertain	turnover_candidate	no_detected_CRE	no_detected_CRE	no_detected_CRE	turnover_candidate	no_detected_CRE	present	no_detected_CRE	no_detected_CRE	turnover_candidate	no_detected_CRE	no_detected_CRE	present	no_detected_CRE
DMEL_CRE_00007	no_detected_CRE	turnover_candidate	no_detected_CRE	no_detected_CRE	turnover_candidate	no_detected_CRE	no_detected_CRE	no_detected_CRE	no_detected_CRE	no_detected_CRE	turnover_candidate	turnover_candidate	no_detected_CRE	no_detected_CRE	present	no_detected_CRE	no_detected_CRE	no_detected_CRE	turnover_candidate	turnover_candidate	no_detected_CRE	turnover_candidate	no_detected_CRE	no_detected_CRE	uncertain	present	no_detected_CRE	present	uncertain	turnover_candidate	no_detected_CRE	turnover_candidate	no_detected_CRE	no_detected_CRE	turnover_candidate	no_detected_CRE	no_detected_CRE	no_detected_CRE	present
DMEL_CRE_00008	uncertain	uncertain	no_detected_CRE	no_detected_CRE	uncertain	uncertain	uncertain	uncertain	present	turnover_candidate	uncertain	turnover_candidate	turnover_candidate	uncertain	uncertain	no_detected_CRE	turnover_candidate	uncertain	turnover_candidate	present	uncertain	uncertain	uncertain	uncertain	uncertain	turnover_candidate	uncertain	uncertain	uncertain	uncertain	uncertain	uncertain	turnover_candidate	uncertain	uncertain	uncertain	uncertain	no_detected_CRE	present
DMEL_CRE_00009	turnover_candidate	no_detected_CRE	present	present	turnover_candidate	present	no_detected_CRE	present	present	turnover_candidate	present	turnover_candidate	turnover_candidate	present	turnover_candidate	present	turnover_candidate	uncertain	present	no_detected_CRE	present	present	present	turnover_candidate	uncertain	no_detected_CRE	uncertain	present	present	present	turnover_candidate	turnover_candidate	present	no_detected_CRE	uncertain	uncertain	uncertain	present	present
DMEL_CRE_00010	uncertain	uncertain	turnover_candidate	present	uncertain	uncertain	uncertain	uncertain	no_detected_CRE	uncertain	uncertain	uncertain	uncertain	uncertain	uncertain	present	uncertain	uncertain	no_detected_CRE	present	uncertain	uncertain	uncertain	uncertain	uncertain	uncertain	uncertain	no_detected_CRE	uncertain	uncertain	uncertain	uncertain	no_detected_CRE	uncertain	uncertain	uncertain	uncertain	present	no_detected_CRE
DMEL_CRE_00011	uncertain	uncertain	present	present	uncertain	uncertain	present	uncertain	turnover_candidate	uncertain	uncertain	uncertain	uncertain	present	turnover_candidate	no_detected_CRE	uncertain	uncertain	no_detected_CRE	no_detected_CRE	uncertain	uncertain	uncertain	uncertain	uncertain	uncertain	uncertain	present	uncertain	uncertain	uncertain	uncertain	turnover_candidate	uncertain	uncertain	uncertain	turnover_candidate	present	present
DMEL_CRE_00012	uncertain	uncertain	uncertain	turnover_candidate	uncertain	uncertain	uncertain	uncertain	uncertain	no_detected_CRE	uncertain	uncertain	uncertain	uncertain	uncertain	no_detected_CRE	uncertain	uncertain	no_detected_CRE	no_detected_CRE	uncertain	uncertain	uncertain	uncertain	uncertain	uncertain	uncertain	turnover_candidate	uncertain	uncertain	uncertain	uncertain	turnover_candidate	uncertain	uncertain	uncertain	uncertain	uncertain	present
DMEL_CRE_00013	no_detected_CRE	present	no_detected_CRE	no_detected_CRE	uncertain	turnover_candidate	uncertain	uncertain	no_detected_CRE	turnover_candidate	uncertain	no_detected_CRE	turnover_candidate	uncertain	no_detected_CRE	no_detected_CRE	no_detected_CRE	uncertain	no_detected_CRE	no_detected_CRE	uncertain	uncertain	uncertain	uncertain	uncertain	no_detected_CRE	uncertain	no_detected_CRE	uncertain	uncertain	no_detected_CRE	uncertain	no_detected_CRE	uncertain	uncertain	uncertain	uncertain	no_detected_CRE	no_detected_CRE
DMEL_CRE_00014	turnover_candidate	no_detected_CRE	no_detected_CRE	no_detected_CRE	uncertain	uncertain	uncertain	uncertain	no_detected_CRE	no_detected_CRE	uncertain	turnover_candidate	turnover_candidate	no_detected_CRE	no_detected_CRE	no_detected_CRE	no_detected_CRE	uncertain	no_detected_CRE	no_detected_CRE	uncertain	uncertain	uncertain	uncertain	uncertain	no_detected_CRE	uncertain	no_detected_CRE	uncertain	uncertain	uncertain	uncertain	present	uncertain	uncertain	uncertain	uncertain	turnover_candidate	present
DMEL_CRE_00015	turnover_candidate	no_detected_CRE	no_detected_CRE	no_detected_CRE	uncertain	uncertain	uncertain	uncertain	no_detected_CRE	uncertain	uncertain	no_detected_CRE	uncertain	uncertain	uncertain	no_detected_CRE	no_detected_CRE	uncertain	no_detected_CRE	no_detected_CRE	uncertain	uncertain	uncertain	uncertain	uncertain	uncertain	present	uncertain	uncertain	uncertain	uncertain	uncertain	no_detected_CRE	uncertain	no_detected_CRE	uncertain	uncertain	turnover_candidate	no_detected_CRE
DMEL_CRE_00016	no_detected_CRE	no_detected_CRE	no_detected_CRE	no_detected_CRE	uncertain	uncertain	uncertain	uncertain	no_detected_CRE	no_detected_CRE	uncertain	no_detected_CRE	uncertain	uncertain	no_detected_CRE	no_detected_CRE	uncertain	uncertain	no_detected_CRE	no_detected_CRE	uncertain	uncertain	uncertain	uncertain	uncertain	uncertain	uncertain	no_detected_CRE	uncertain	uncertain	uncertain	uncertain	no_detected_CRE	uncertain	uncertain	uncertain	uncertain	no_detected_CRE	no_detected_CRE
DMEL_CRE_00017	present	turnover_candidate	turnover_candidate	turnover_candidate	uncertain	uncertain	uncertain	uncertain	turnover_candidate	turnover_candidate	uncertain	turnover_candidate	no_detected_CRE	uncertain	turnover_candidate	turnover_candidate	turnover_candidate	uncertain	turnover_candidate	present	uncertain	uncertain	uncertain	uncertain	uncertain	turnover_candidate	uncertain	turnover_candidate	uncertain	uncertain	uncertain	uncertain	turnover_candidate	uncertain	uncertain	uncertain	uncertain	turnover_candidate	turnover_candidate
DMEL_CRE_00018	uncertain	present	present	present	present	uncertain	uncertain	uncertain	present	turnover_candidate	present	uncertain	uncertain	uncertain	present	present	uncertain	present	present	present	uncertain	turnover_candidate	uncertain	uncertain	uncertain	uncertain	uncertain	present	uncertain	turnover_candidate	uncertain	turnover_candidate	present	uncertain	uncertain	uncertain	uncertain	present	present
DMEL_CRE_00019	uncertain	uncertain	present	turnover_candidate	uncertain	uncertain	uncertain	uncertain	uncertain	uncertain	uncertain	uncertain	uncertain	uncertain	uncertain	turnover_candidate	uncertain	uncertain	present	turnover_candidate	uncertain	uncertain	uncertain	uncertain	uncertain	uncertain	uncertain	uncertain	uncertain	uncertain	uncertain	uncertain	turnover_candidate	uncertain	uncertain	uncertain	uncertain	turnover_candidate	turnover_candidate
DMEL_CRE_00020	present	no_detected_CRE	turnover_candidate	turnover_candidate	uncertain	uncertain	uncertain	uncertain	turnover_candidate	turnover_candidate	uncertain	turnover_candidate	no_detected_CRE	uncertain	turnover_candidate	turnover_candidate	turnover_candidate	uncertain	present	turnover_candidate	uncertain	uncertain	uncertain	uncertain	uncertain	turnover_candidate	uncertain	turnover_candidate	uncertain	uncertain	uncertain	uncertain	turnover_candidate	uncertain	uncertain	uncertain	uncertain	turnover_candidate	present
DMEL_CRE_00021	turnover_candidate	no_detected_CRE	turnover_candidate	turnover_candidate	uncertain	uncertain	uncertain	uncertain	turnover_candidate	uncertain	uncertain	uncertain	uncertain	uncertain	turnover_candidate	turnover_candidate	turnover_candidate	uncertain	turnover_candidate	turnover_candidate	uncertain	uncertain	uncertain	uncertain	uncertain	turnover_candidate	uncertain	turnover_candidate	uncertain	uncertain	uncertain	uncertain	present	uncertain	uncertain	uncertain	uncertain	turnover_candidate	turnover_candidate
DMEL_CRE_00022	no_detected_CRE	no_detected_CRE	present	present	no_detected_CRE	present	no_detected_CRE	present	no_detected_CRE	present	present	no_detected_CRE	no_detected_CRE	no_detected_CRE	no_detected_CRE	present	present	present	present	present	no_detected_CRE	no_detected_CRE	present	no_detected_CRE	no_detected_CRE	no_detected_CRE	no_detected_CRE	no_detected_CRE	present	no_detected_CRE	no_detected_CRE	no_detected_CRE	present	no_detected_CRE	no_detected_CRE	no_detected_CRE	no_detected_CRE	present	present
DMEL_CRE_00023	present	no_detected_CRE	no_detected_CRE	no_detected_CRE	no_detected_CRE	no_detected_CRE	no_detected_CRE	no_detected_CRE	no_detected_CRE	no_detected_CRE	no_detected_CRE	present	no_detected_CRE	no_detected_CRE	uncertain	no_detected_CRE	no_detected_CRE	present	present	no_detected_CRE	no_detected_CRE	no_detected_CRE	uncertain	uncertain	uncertain	present	no_detected_CRE	uncertain	no_detected_CRE	no_detected_CRE	no_detected_CRE	no_detected_CRE	no_detected_CRE	no_detected_CRE	no_detected_CRE	uncertain	no_detected_CRE	no_detected_CRE	no_detected_CRE
DMEL_CRE_00024	no_detected_CRE	no_detected_CRE	no_detected_CRE	no_detected_CRE	uncertain	uncertain	no_detected_CRE	uncertain	no_detected_CRE	no_detected_CRE	uncertain	no_detected_CRE	no_detected_CRE	uncertain	no_detected_CRE	no_detected_CRE	no_detected_CRE	uncertain	no_detected_CRE	no_detected_CRE	uncertain	no_detected_CRE	no_detected_CRE	uncertain	uncertain	no_detected_CRE	uncertain	no_detected_CRE	uncertain	uncertain	uncertain	no_detected_CRE	present	no_detected_CRE	uncertain	no_detected_CRE	no_detected_CRE	no_detected_CRE	no_detected_CRE
DMEL_CRE_00025	no_detected_CRE	no_detected_CRE	no_detected_CRE	no_detected_CRE	uncertain	uncertain	uncertain	uncertain	no_detected_CRE	no_detected_CRE	uncertain	no_detected_CRE	no_detected_CRE	uncertain	no_detected_CRE	no_detected_CRE	uncertain	uncertain	no_detected_CRE	no_detected_CRE	no_detected_CRE	uncertain	uncertain	uncertain	no_detected_CRE	no_detected_CRE	uncertain	no_detected_CRE	uncertain	uncertain	uncertain	uncertain	no_detected_CRE	uncertain	uncertain	uncertain	uncertain	no_detected_CRE	no_detected_CRE
DMEL_CRE_00026	turnover_candidate	no_detected_CRE	no_detected_CRE	no_detected_CRE	no_detected_CRE	no_detected_CRE	uncertain	uncertain	no_detected_CRE	no_detected_CRE	turnover_candidate	turnover_candidate	turnover_candidate	no_detected_CRE	turnover_candidate	no_detected_CRE	present	turnover_candidate	turnover_candidate	no_detected_CRE	no_detected_CRE	no_detected_CRE	no_detected_CRE	no_detected_CRE	uncertain	no_detected_CRE	uncertain	no_detected_CRE	no_detected_CRE	present	no_detected_CRE	turnover_candidate	no_detected_CRE	turnover_candidate	no_detected_CRE	present	turnover_candidate	present	present
DMEL_CRE_00027	turnover_candidate	turnover_candidate	turnover_candidate	turnover_candidate	no_detected_CRE	turnover_candidate	no_detected_CRE	turnover_candidate	no_detected_CRE	turnover_candidate	no_detected_CRE	turnover_candidate	no_detected_CRE	uncertain	turnover_candidate	turnover_candidate	turnover_candidate	no_detected_CRE	no_detected_CRE	no_detected_CRE	no_detected_CRE	turnover_candidate	uncertain	turnover_candidate	no_detected_CRE	turnover_candidate	no_detected_CRE	turnover_candidate	turnover_candidate	turnover_candidate	turnover_candidate	turnover_candidate	no_detected_CRE	no_detected_CRE	turnover_candidate	turnover_candidate	no_detected_CRE	turnover_candidate	turnover_candidate
DMEL_CRE_00028	uncertain	uncertain	no_detected_CRE	no_detected_CRE	uncertain	uncertain	uncertain	uncertain	uncertain	uncertain	uncertain	uncertain	uncertain	uncertain	uncertain	uncertain	uncertain	uncertain	present	no_detected_CRE	uncertain	uncertain	uncertain	uncertain	uncertain	uncertain	uncertain	uncertain	uncertain	uncertain	uncertain	uncertain	no_detected_CRE	uncertain	uncertain	uncertain	uncertain	present	present
DMEL_CRE_00029	no_detected_CRE	no_detected_CRE	present	present	no_detected_CRE	turnover_candidate	turnover_candidate	no_detected_CRE	present	turnover_candidate	turnover_candidate	turnover_candidate	turnover_candidate	turnover_candidate	present	present	turnover_candidate	turnover_candidate	turnover_candidate	present	no_detected_CRE	no_detected_CRE	uncertain	uncertain	uncertain	no_detected_CRE	uncertain	present	uncertain	turnover_candidate	uncertain	uncertain	present	uncertain	uncertain	turnover_candidate	uncertain	present	present
DMEL_CRE_00030	no_detected_CRE	no_detected_CRE	turnover_candidate	turnover_candidate	no_detected_CRE	turnover_candidate	turnover_candidate	no_detected_CRE	turnover_candidate	turnover_candidate	turnover_candidate	turnover_candidate	turnover_candidate	turnover_candidate	present	turnover_candidate	turnover_candidate	turnover_candidate	present	turnover_candidate	no_detected_CRE	no_detected_CRE	turnover_candidate	no_detected_CRE	turnover_candidate	no_detected_CRE	turnover_candidate	present	no_detected_CRE	turnover_candidate	turnover_candidate	no_detected_CRE	present	turnover_candidate	turnover_candidate	turnover_candidate	turnover_candidate	turnover_candidate	present
DMEL_CRE_00031	no_detected_CRE	no_detected_CRE	turnover_candidate	turnover_candidate	uncertain	turnover_candidate	turnover_candidate	no_detected_CRE	turnover_candidate	present	turnover_candidate	turnover_candidate	turnover_candidate	uncertain	turnover_candidate	turnover_candidate	turnover_candidate	uncertain	present	turnover_candidate	no_detected_CRE	uncertain	uncertain	uncertain	turnover_candidate	no_detected_CRE	uncertain	turnover_candidate	uncertain	turnover_candidate	uncertain	uncertain	present	uncertain	uncertain	turnover_candidate	turnover_candidate	turnover_candidate	turnover_candidate
DMEL_CRE_00032	no_detected_CRE	uncertain	uncertain	turnover_candidate	uncertain	uncertain	uncertain	uncertain	turnover_candidate	turnover_candidate	uncertain	uncertain	turnover_candidate	uncertain	turnover_candidate	uncertain	turnover_candidate	uncertain	turnover_candidate	turnover_candidate	uncertain	uncertain	uncertain	uncertain	uncertain	no_detected_CRE	uncertain	turnover_candidate	uncertain	uncertain	uncertain	uncertain	turnover_candidate	uncertain	uncertain	uncertain	uncertain	uncertain	turnover_candidate
DMEL_CRE_00033	no_detected_CRE	no_detected_CRE	no_detected_CRE	no_detected_CRE	uncertain	uncertain	uncertain	uncertain	no_detected_CRE	no_detected_CRE	uncertain	no_detected_CRE	no_detected_CRE	uncertain	no_detected_CRE	no_detected_CRE	no_detected_CRE	no_detected_CRE	no_detected_CRE	no_detected_CRE	no_detected_CRE	uncertain	uncertain	uncertain	uncertain	present	uncertain	no_detected_CRE	no_detected_CRE	uncertain	uncertain	uncertain	present	no_detected_CRE	uncertain	uncertain	no_detected_CRE	no_detected_CRE	present
DMEL_CRE_00034	no_detected_CRE	no_detected_CRE	present	turnover_candidate	uncertain	uncertain	uncertain	uncertain	no_detected_CRE	no_detected_CRE	uncertain	no_detected_CRE	no_detected_CRE	uncertain	no_detected_CRE	present	no_detected_CRE	uncertain	no_detected_CRE	present	uncertain	uncertain	uncertain	uncertain	uncertain	no_detected_CRE	uncertain	no_detected_CRE	uncertain	uncertain	uncertain	uncertain	present	uncertain	uncertain	uncertain	uncertain	present	present
DMEL_CRE_00035	uncertain	uncertain	uncertain	no_detected_CRE	uncertain	uncertain	uncertain	uncertain	uncertain	uncertain	uncertain	uncertain	uncertain	uncertain	uncertain	no_detected_CRE	uncertain	uncertain	present	no_detected_CRE	uncertain	uncertain	uncertain	uncertain	uncertain	uncertain	uncertain	no_detected_CRE	uncertain	uncertain	uncertain	uncertain	present	uncertain	uncertain	uncertain	uncertain	no_detected_CRE	present
DMEL_CRE_00036	uncertain	uncertain	no_detected_CRE	no_detected_CRE	uncertain	uncertain	uncertain	uncertain	no_detected_CRE	uncertain	uncertain	uncertain	uncertain	uncertain	uncertain	no_detected_CRE	uncertain	uncertain	no_detected_CRE	no_detected_CRE	uncertain	uncertain	uncertain	uncertain	uncertain	uncertain	uncertain	uncertain	uncertain	uncertain	uncertain	uncertain	no_detected_CRE	uncertain	uncertain	uncertain	uncertain	turnover_candidate	no_detected_CRE
DMEL_CRE_00037	uncertain	uncertain	no_detected_CRE	no_detected_CRE	uncertain	uncertain	uncertain	uncertain	no_detected_CRE	uncertain	uncertain	uncertain	uncertain	uncertain	no_detected_CRE	no_detected_CRE	uncertain	uncertain	no_detected_CRE	no_detected_CRE	uncertain	uncertain	uncertain	uncertain	uncertain	uncertain	uncertain	no_detected_CRE	uncertain	uncertain	uncertain	uncertain	no_detected_CRE	uncertain	uncertain	uncertain	uncertain	no_detected_CRE	no_detected_CRE
DMEL_CRE_00038	present	present	turnover_candidate	turnover_candidate	uncertain	uncertain	uncertain	uncertain	no_detected_CRE	turnover_candidate	uncertain	turnover_candidate	no_detected_CRE	uncertain	no_detected_CRE	no_detected_CRE	turnover_candidate	uncertain	no_detected_CRE	present	uncertain	uncertain	uncertain	uncertain	uncertain	turnover_candidate	uncertain	turnover_candidate	uncertain	uncertain	uncertain	turnover_candidate	turnover_candidate	uncertain	uncertain	uncertain	uncertain	turnover_candidate	turnover_candidate
DMEL_CRE_00039	no_detected_CRE	no_detected_CRE	no_detected_CRE	no_detected_CRE	no_detected_CRE	no_detected_CRE	no_detected_CRE	no_detected_CRE	no_detected_CRE	no_detected_CRE	no_detected_CRE	no_detected_CRE	no_detected_CRE	no_detected_CRE	no_detected_CRE	no_detected_CRE	uncertain	no_detected_CRE	no_detected_CRE	no_detected_CRE	no_detected_CRE	no_detected_CRE	no_detected_CRE	no_detected_CRE	no_detected_CRE	no_detected_CRE	no_detected_CRE	no_detected_CRE	no_detected_CRE	no_detected_CRE	no_detected_CRE	no_detected_CRE	no_detected_CRE	no_detected_CRE	no_detected_CRE	no_detected_CRE	no_detected_CRE	no_detected_CRE	no_detected_CRE
DMEL_CRE_00040	no_detected_CRE	no_detected_CRE	no_detected_CRE	no_detected_CRE	uncertain	no_detected_CRE	no_detected_CRE	no_detected_CRE	no_detected_CRE	no_detected_CRE	no_detected_CRE	no_detected_CRE	no_detected_CRE	no_detected_CRE	no_detected_CRE	no_detected_CRE	no_detected_CRE	no_detected_CRE	present	present	no_detected_CRE	no_detected_CRE	uncertain	uncertain	uncertain	no_detected_CRE	uncertain	no_detected_CRE	uncertain	present	no_detected_CRE	no_detected_CRE	present	no_detected_CRE	no_detected_CRE	no_detected_CRE	no_detected_CRE	no_detected_CRE	present
DMEL_CRE_00041	no_detected_CRE	no_detected_CRE	no_detected_CRE	no_detected_CRE	no_detected_CRE	no_detected_CRE	no_detected_CRE	no_detected_CRE	no_detected_CRE	no_detected_CRE	no_detected_CRE	no_detected_CRE	no_detected_CRE	no_detected_CRE	no_detected_CRE	no_detected_CRE	no_detected_CRE	no_detected_CRE	no_detected_CRE	present	no_detected_CRE	no_detected_CRE	no_detected_CRE	no_detected_CRE	no_detected_CRE	no_detected_CRE	no_detected_CRE	no_detected_CRE	no_detected_CRE	no_detected_CRE	no_detected_CRE	no_detected_CRE	no_detected_CRE	no_detected_CRE	no_detected_CRE	no_detected_CRE	no_detected_CRE	no_detected_CRE	no_detected_CRE
DMEL_CRE_00042	turnover_candidate	present	present	present	turnover_candidate	turnover_candidate	turnover_candidate	turnover_candidate	present	present	turnover_candidate	turnover_candidate	present	turnover_candidate	present	present	turnover_candidate	turnover_candidate	present	no_detected_CRE	uncertain	turnover_candidate	no_detected_CRE	present	uncertain	no_detected_CRE	no_detected_CRE	turnover_candidate	turnover_candidate	turnover_candidate	turnover_candidate	turnover_candidate	turnover_candidate	turnover_candidate	turnover_candidate	turnover_candidate	turnover_candidate	present	no_detected_CRE
DMEL_CRE_00043	no_detected_CRE	no_detected_CRE	turnover_candidate	turnover_candidate	uncertain	uncertain	uncertain	uncertain	no_detected_CRE	no_detected_CRE	uncertain	no_detected_CRE	no_detected_CRE	uncertain	turnover_candidate	turnover_candidate	no_detected_CRE	uncertain	turnover_candidate	no_detected_CRE	uncertain	uncertain	uncertain	uncertain	uncertain	no_detected_CRE	uncertain	turnover_candidate	no_detected_CRE	uncertain	uncertain	uncertain	no_detected_CRE	uncertain	uncertain	turnover_candidate	uncertain	turnover_candidate	no_detected_CRE
DMEL_CRE_00044	present	uncertain	turnover_candidate	no_detected_CRE	uncertain	uncertain	present	uncertain	present	uncertain	uncertain	present	uncertain	uncertain	uncertain	turnover_candidate	uncertain	uncertain	turnover_candidate	no_detected_CRE	uncertain	uncertain	turnover_candidate	uncertain	uncertain	no_detected_CRE	uncertain	present	uncertain	present	uncertain	uncertain	turnover_candidate	turnover_candidate	present	turnover_candidate	turnover_candidate	no_detected_CRE	no_detected_CRE
DMEL_CRE_00045	uncertain	uncertain	no_detected_CRE	uncertain	uncertain	uncertain	uncertain	uncertain	turnover_candidate	uncertain	uncertain	uncertain	uncertain	uncertain	uncertain	uncertain	turnover_candidate	uncertain	no_detected_CRE	no_detected_CRE	uncertain	uncertain	no_detected_CRE	uncertain	uncertain	uncertain	uncertain	uncertain	uncertain	uncertain	uncertain	uncertain	no_detected_CRE	uncertain	uncertain	uncertain	uncertain	uncertain	turnover_candidate
DMEL_CRE_00046	present	uncertain	no_detected_CRE	turnover_candidate	uncertain	uncertain	uncertain	uncertain	turnover_candidate	no_detected_CRE	uncertain	no_detected_CRE	no_detected_CRE	uncertain	uncertain	uncertain	turnover_candidate	uncertain	no_detected_CRE	no_detected_CRE	uncertain	uncertain	no_detected_CRE	no_detected_CRE	uncertain	turnover_candidate	uncertain	uncertain	uncertain	uncertain	uncertain	uncertain	no_detected_CRE	uncertain	uncertain	uncertain	uncertain	uncertain	present
DMEL_CRE_00047	no_detected_CRE	no_detected_CRE	no_detected_CRE	no_detected_CRE	uncertain	no_detected_CRE	uncertain	no_detected_CRE	no_detected_CRE	no_detected_CRE	no_detected_CRE	no_detected_CRE	no_detected_CRE	no_detected_CRE	no_detected_CRE	no_detected_CRE	no_detected_CRE	no_detected_CRE	present	present	uncertain	uncertain	uncertain	uncertain	uncertain	no_detected_CRE	uncertain	no_detected_CRE	uncertain	uncertain	uncertain	uncertain	no_detected_CRE	uncertain	uncertain	no_detected_CRE	uncertain	no_detected_CRE	no_detected_CRE
DMEL_CRE_00048	uncertain	uncertain	present	no_detected_CRE	uncertain	uncertain	uncertain	uncertain	no_detected_CRE	no_detected_CRE	no_detected_CRE	uncertain	no_detected_CRE	uncertain	uncertain	no_detected_CRE	no_detected_CRE	no_detected_CRE	no_detected_CRE	no_detected_CRE	no_detected_CRE	no_detected_CRE	uncertain	uncertain	uncertain	uncertain	uncertain	uncertain	uncertain	present	no_detected_CRE	no_detected_CRE	no_detected_CRE	uncertain	uncertain	uncertain	uncertain	no_detected_CRE	no_detected_CRE
DMEL_CRE_00049	present	no_detected_CRE	no_detected_CRE	no_detected_CRE	no_detected_CRE	uncertain	uncertain	uncertain	present	present	uncertain	no_detected_CRE	present	uncertain	uncertain	present	no_detected_CRE	no_detected_CRE	present	present	no_detected_CRE	uncertain	uncertain	uncertain	present	present	uncertain	uncertain	uncertain	uncertain	uncertain	uncertain	present	uncertain	uncertain	uncertain	uncertain	present	present
DMEL_CRE_00050	present	no_detected_CRE	present	no_detected_CRE	no_detected_CRE	no_detected_CRE	turnover_candidate	no_detected_CRE	turnover_candidate	present	no_detected_CRE	no_detected_CRE	present	no_detected_CRE	no_detected_CRE	present	no_detected_CRE	no_detected_CRE	no_detected_CRE	no_detected_CRE	no_detected_CRE	turnover_candidate	no_detected_CRE	no_detected_CRE	no_detected_CRE	present	turnover_candidate	turnover_candidate	turnover_candidate	no_detected_CRE	turnover_candidate	no_detected_CRE	no_detected_CRE	no_detected_CRE	turnover_candidate	turnover_candidate	no_detected_CRE	no_detected_CRE	no_detected_CRE
DMEL_CRE_00051	no_detected_CRE	no_detected_CRE	no_detected_CRE	turnover_candidate	no_detected_CRE	no_detected_CRE	no_detected_CRE	no_detected_CRE	no_detected_CRE	no_detected_CRE	no_detected_CRE	no_detected_CRE	no_detected_CRE	no_detected_CRE	no_detected_CRE	no_detected_CRE	no_detected_CRE	no_detected_CRE	no_detected_CRE	no_detected_CRE	no_detected_CRE	no_detected_CRE	uncertain	uncertain	no_detected_CRE	no_detected_CRE	turnover_candidate	no_detected_CRE	turnover_candidate	no_detected_CRE	no_detected_CRE	no_detected_CRE	no_detected_CRE	turnover_candidate	turnover_candidate	turnover_candidate	turnover_candidate	turnover_candidate	turnover_candidate
DMEL_CRE_00052	present	present	present	present	no_detected_CRE	present	turnover_candidate	turnover_candidate	turnover_candidate	present	present	turnover_candidate	uncertain	turnover_candidate	present	present	present	present	present	present	turnover_candidate	present	present	turnover_candidate	uncertain	present	turnover_candidate	present	turnover_candidate	present	turnover_candidate	present	present	turnover_candidate	turnover_candidate	present	turnover_candidate	present	present
DMEL_CRE_00053	turnover_candidate	turnover_candidate	turnover_candidate	present	no_detected_CRE	turnover_candidate	turnover_candidate	turnover_candidate	turnover_candidate	present	turnover_candidate	turnover_candidate	present	turnover_candidate	present	turnover_candidate	turnover_candidate	turnover_candidate	turnover_candidate	turnover_candidate	turnover_candidate	turnover_candidate	present	turnover_candidate	uncertain	turnover_candidate	turnover_candidate	turnover_candidate	turnover_candidate	turnover_candidate	turnover_candidate	turnover_candidate	turnover_candidate	present	present	turnover_candidate	present	present	turnover_candidate
DMEL_CRE_00054	turnover_candidate	turnover_candidate	turnover_candidate	turnover_candidate	no_detected_CRE	turnover_candidate	turnover_candidate	turnover_candidate	turnover_candidate	present	turnover_candidate	turnover_candidate	no_detected_CRE	turnover_candidate	turnover_candidate	turnover_candidate	turnover_candidate	turnover_candidate	turnover_candidate	turnover_candidate	turnover_candidate	turnover_candidate	turnover_candidate	uncertain	uncertain	turnover_candidate	turnover_candidate	turnover_candidate	turnover_candidate	present	turnover_candidate	turnover_candidate	turnover_candidate	turnover_candidate	turnover_candidate	turnover_candidate	turnover_candidate	turnover_candidate	turnover_candidate
DMEL_CRE_00055	uncertain	uncertain	turnover_candidate	turnover_candidate	uncertain	uncertain	uncertain	uncertain	turnover_candidate	uncertain	uncertain	uncertain	turnover_candidate	turnover_candidate	turnover_candidate	no_detected_CRE	uncertain	uncertain	no_detected_CRE	turnover_candidate	uncertain	turnover_candidate	uncertain	uncertain	uncertain	turnover_candidate	turnover_candidate	turnover_candidate	turnover_candidate	turnover_candidate	uncertain	uncertain	turnover_candidate	uncertain	turnover_candidate	uncertain	uncertain	turnover_candidate	present
DMEL_CRE_00056	turnover_candidate	uncertain	turnover_candidate	no_detected_CRE	uncertain	uncertain	uncertain	uncertain	no_detected_CRE	turnover_candidate	uncertain	present	turnover_candidate	uncertain	present	turnover_candidate	uncertain	uncertain	turnover_candidate	no_detected_CRE	uncertain	uncertain	uncertain	uncertain	uncertain	uncertain	uncertain	present	uncertain	uncertain	uncertain	uncertain	turnover_candidate	uncertain	uncertain	no_detected_CRE	uncertain	turnover_candidate	turnover_candidate
DMEL_CRE_00057	uncertain	uncertain	no_detected_CRE	no_detected_CRE	uncertain	turnover_candidate	no_detected_CRE	no_detected_CRE	turnover_candidate	uncertain	turnover_candidate	uncertain	uncertain	turnover_candidate	turnover_candidate	turnover_candidate	uncertain	turnover_candidate	turnover_candidate	no_detected_CRE	uncertain	uncertain	uncertain	turnover_candidate	no_detected_CRE	uncertain	no_detected_CRE	present	uncertain	turnover_candidate	turnover_candidate	uncertain	present	uncertain	uncertain	turnover_candidate	uncertain	turnover_candidate	turnover_candidate
DMEL_CRE_00058	turnover_candidate	turnover_candidate	no_detected_CRE	no_detected_CRE	uncertain	uncertain	uncertain	no_detected_CRE	turnover_candidate	turnover_candidate	uncertain	turnover_candidate	turnover_candidate	uncertain	turnover_candidate	turnover_candidate	turnover_candidate	uncertain	present	no_detected_CRE	uncertain	uncertain	uncertain	uncertain	uncertain	no_detected_CRE	uncertain	turnover_candidate	uncertain	uncertain	uncertain	uncertain	turnover_candidate	uncertain	uncertain	uncertain	uncertain	turnover_candidate	turnover_candidate
DMEL_CRE_00059	uncertain	uncertain	turnover_candidate	no_detected_CRE	uncertain	uncertain	uncertain	uncertain	no_detected_CRE	uncertain	uncertain	uncertain	uncertain	uncertain	uncertain	uncertain	uncertain	uncertain	turnover_candidate	no_detected_CRE	uncertain	uncertain	uncertain	uncertain	uncertain	uncertain	uncertain	uncertain	uncertain	uncertain	uncertain	uncertain	no_detected_CRE	uncertain	uncertain	uncertain	uncertain	uncertain	present
DMEL_CRE_00060	uncertain	uncertain	uncertain	no_detected_CRE	uncertain	uncertain	uncertain	uncertain	no_detected_CRE	uncertain	uncertain	uncertain	uncertain	uncertain	no_detected_CRE	turnover_candidate	uncertain	uncertain	turnover_candidate	no_detected_CRE	uncertain	uncertain	uncertain	uncertain	uncertain	uncertain	uncertain	no_detected_CRE	uncertain	uncertain	uncertain	uncertain	no_detected_CRE	uncertain	uncertain	uncertain	uncertain	no_detected_CRE	no_detected_CRE
DMEL_CRE_00061	no_detected_CRE	present	no_detected_CRE	turnover_candidate	uncertain	no_detected_CRE	present	no_detected_CRE	no_detected_CRE	no_detected_CRE	no_detected_CRE	no_detected_CRE	no_detected_CRE	no_detected_CRE	no_detected_CRE	turnover_candidate	turnover_candidate	no_detected_CRE	no_detected_CRE	no_detected_CRE	uncertain	turnover_candidate	turnover_candidate	turnover_candidate	no_detected_CRE	no_detected_CRE	no_detected_CRE	no_detected_CRE	no_detected_CRE	turnover_candidate	no_detected_CRE	no_detected_CRE	no_detected_CRE	no_detected_CRE	no_detected_CRE	no_detected_CRE	no_detected_CRE	no_detected_CRE	no_detected_CRE
DMEL_CRE_00062	no_detected_CRE	no_detected_CRE	no_detected_CRE	no_detected_CRE	uncertain	uncertain	uncertain	no_detected_CRE	no_detected_CRE	no_detected_CRE	no_detected_CRE	no_detected_CRE	no_detected_CRE	no_detected_CRE	no_detected_CRE	no_detected_CRE	no_detected_CRE	uncertain	no_detected_CRE	no_detected_CRE	uncertain	no_detected_CRE	no_detected_CRE	uncertain	uncertain	no_detected_CRE	no_detected_CRE	no_detected_CRE	no_detected_CRE	no_detected_CRE	no_detected_CRE	no_detected_CRE	no_detected_CRE	uncertain	no_detected_CRE	uncertain	no_detected_CRE	no_detected_CRE	no_detected_CRE
DMEL_CRE_00063	no_detected_CRE	no_detected_CRE	no_detected_CRE	no_detected_CRE	no_detected_CRE	no_detected_CRE	no_detected_CRE	no_detected_CRE	no_detected_CRE	no_detected_CRE	no_detected_CRE	no_detected_CRE	no_detected_CRE	no_detected_CRE	no_detected_CRE	no_detected_CRE	no_detected_CRE	no_detected_CRE	no_detected_CRE	no_detected_CRE	uncertain	no_detected_CRE	uncertain	uncertain	no_detected_CRE	no_detected_CRE	present	no_detected_CRE	no_detected_CRE	no_detected_CRE	no_detected_CRE	no_detected_CRE	no_detected_CRE	uncertain	no_detected_CRE	uncertain	uncertain	no_detected_CRE	no_detected_CRE
DMEL_CRE_00064	turnover_candidate	turnover_candidate	turnover_candidate	turnover_candidate	uncertain	uncertain	uncertain	uncertain	turnover_candidate	uncertain	uncertain	turnover_candidate	turnover_candidate	uncertain	turnover_candidate	turnover_candidate	turnover_candidate	uncertain	turnover_candidate	turnover_candidate	uncertain	uncertain	uncertain	uncertain	uncertain	uncertain	uncertain	turnover_candidate	uncertain	uncertain	uncertain	uncertain	turnover_candidate	uncertain	uncertain	uncertain	uncertain	turnover_candidate	present
DMEL_CRE_00065	uncertain	turnover_candidate	turnover_candidate	turnover_candidate	uncertain	uncertain	uncertain	uncertain	turnover_candidate	uncertain	uncertain	turnover_candidate	uncertain	uncertain	turnover_candidate	turnover_candidate	present	uncertain	present	turnover_candidate	uncertain	uncertain	uncertain	uncertain	uncertain	uncertain	uncertain	turnover_candidate	uncertain	uncertain	uncertain	uncertain	turnover_candidate	uncertain	uncertain	uncertain	uncertain	present	present
DMEL_CRE_00066	no_detected_CRE	no_detected_CRE	no_detected_CRE	no_detected_CRE	no_detected_CRE	uncertain	uncertain	uncertain	no_detected_CRE	no_detected_CRE	uncertain	no_detected_CRE	no_detected_CRE	uncertain	no_detected_CRE	no_detected_CRE	no_detected_CRE	uncertain	no_detected_CRE	no_detected_CRE	no_detected_CRE	uncertain	uncertain	uncertain	uncertain	no_detected_CRE	uncertain	no_detected_CRE	uncertain	uncertain	uncertain	uncertain	no_detected_CRE	uncertain	uncertain	uncertain	uncertain	no_detected_CRE	no_detected_CRE
DMEL_CRE_00067	no_detected_CRE	turnover_candidate	turnover_candidate	turnover_candidate	uncertain	no_detected_CRE	no_detected_CRE	no_detected_CRE	no_detected_CRE	no_detected_CRE	no_detected_CRE	no_detected_CRE	no_detected_CRE	no_detected_CRE	turnover_candidate	no_detected_CRE	uncertain	no_detected_CRE	no_detected_CRE	no_detected_CRE	uncertain	no_detected_CRE	no_detected_CRE	no_detected_CRE	uncertain	no_detected_CRE	no_detected_CRE	turnover_candidate	no_detected_CRE	no_detected_CRE	no_detected_CRE	no_detected_CRE	no_detected_CRE	no_detected_CRE	no_detected_CRE	no_detected_CRE	no_detected_CRE	no_detected_CRE	no_detected_CRE
DMEL_CRE_00068	turnover_candidate	uncertain	no_detected_CRE	turnover_candidate	turnover_candidate	uncertain	uncertain	turnover_candidate	turnover_candidate	no_detected_CRE	uncertain	no_detected_CRE	no_detected_CRE	uncertain	turnover_candidate	turnover_candidate	turnover_candidate	turnover_candidate	no_detected_CRE	turnover_candidate	turnover_candidate	uncertain	uncertain	uncertain	uncertain	no_detected_CRE	uncertain	no_detected_CRE	uncertain	uncertain	uncertain	uncertain	no_detected_CRE	uncertain	uncertain	uncertain	uncertain	turnover_candidate	turnover_candidate
DMEL_CRE_00069	turnover_candidate	turnover_candidate	no_detected_CRE	turnover_candidate	turnover_candidate	turnover_candidate	turnover_candidate	turnover_candidate	turnover_candidate	no_detected_CRE	no_detected_CRE	no_detected_CRE	no_detected_CRE	turnover_candidate	turnover_candidate	turnover_candidate	turnover_candidate	turnover_candidate	no_detected_CRE	turnover_candidate	turnover_candidate	no_detected_CRE	no_detected_CRE	turnover_candidate	turnover_candidate	no_detected_CRE	uncertain	no_detected_CRE	no_detected_CRE	no_detected_CRE	no_detected_CRE	turnover_candidate	no_detected_CRE	no_detected_CRE	no_detected_CRE	no_detected_CRE	no_detected_CRE	turnover_candidate	turnover_candidate
DMEL_CRE_00070	no_detected_CRE	no_detected_CRE	no_detected_CRE	no_detected_CRE	uncertain	uncertain	uncertain	uncertain	no_detected_CRE	turnover_candidate	uncertain	turnover_candidate	no_detected_CRE	uncertain	no_detected_CRE	no_detected_CRE	uncertain	uncertain	no_detected_CRE	no_detected_CRE	uncertain	uncertain	uncertain	uncertain	uncertain	turnover_candidate	uncertain	no_detected_CRE	uncertain	uncertain	uncertain	uncertain	no_detected_CRE	uncertain	uncertain	uncertain	uncertain	no_detected_CRE	present
DMEL_CRE_00071	no_detected_CRE	no_detected_CRE	no_detected_CRE	no_detected_CRE	no_detected_CRE	no_detected_CRE	no_detected_CRE	no_detected_CRE	no_detected_CRE	no_detected_CRE	no_detected_CRE	no_detected_CRE	no_detected_CRE	turnover_candidate	no_detected_CRE	no_detected_CRE	no_detected_CRE	no_detected_CRE	no_detected_CRE	no_detected_CRE	no_detected_CRE	no_detected_CRE	no_detected_CRE	no_detected_CRE	no_detected_CRE	no_detected_CRE	no_detected_CRE	no_detected_CRE	no_detected_CRE	no_detected_CRE	no_detected_CRE	no_detected_CRE	no_detected_CRE	no_detected_CRE	no_detected_CRE	no_detected_CRE	no_detected_CRE	no_detected_CRE	no_detected_CRE
DMEL_CRE_00072	turnover_candidate	turnover_candidate	present	no_detected_CRE	no_detected_CRE	uncertain	no_detected_CRE	uncertain	no_detected_CRE	no_detected_CRE	uncertain	present	uncertain	no_detected_CRE	uncertain	present	uncertain	uncertain	present	present	turnover_candidate	uncertain	uncertain	uncertain	uncertain	present	uncertain	turnover_candidate	uncertain	uncertain	uncertain	uncertain	present	uncertain	uncertain	uncertain	uncertain	present	turnover_candidate
DMEL_CRE_00073	turnover_candidate	no_detected_CRE	no_detected_CRE	no_detected_CRE	turnover_candidate	uncertain	no_detected_CRE	uncertain	no_detected_CRE	no_detected_CRE	no_detected_CRE	no_detected_CRE	no_detected_CRE	uncertain	no_detected_CRE	no_detected_CRE	no_detected_CRE	no_detected_CRE	present	present	no_detected_CRE	no_detected_CRE	uncertain	no_detected_CRE	no_detected_CRE	no_detected_CRE	no_detected_CRE	no_detected_CRE	uncertain	no_detected_CRE	no_detected_CRE	no_detected_CRE	no_detected_CRE	turnover_candidate	no_detected_CRE	no_detected_CRE	turnover_candidate	no_detected_CRE	present
DMEL_CRE_00074	no_detected_CRE	no_detected_CRE	present	present	uncertain	uncertain	uncertain	uncertain	present	no_detected_CRE	uncertain	no_detected_CRE	no_detected_CRE	uncertain	no_detected_CRE	present	no_detected_CRE	uncertain	present	present	uncertain	uncertain	uncertain	uncertain	uncertain	no_detected_CRE	uncertain	no_detected_CRE	uncertain	uncertain	uncertain	uncertain	present	uncertain	uncertain	uncertain	uncertain	present	present
DMEL_CRE_00075	uncertain	uncertain	no_detected_CRE	no_detected_CRE	uncertain	no_detected_CRE	uncertain	uncertain	no_detected_CRE	uncertain	uncertain	uncertain	uncertain	uncertain	uncertain	no_detected_CRE	uncertain	uncertain	no_detected_CRE	no_detected_CRE	uncertain	no_detected_CRE	no_detected_CRE	no_detected_CRE	uncertain	no_detected_CRE	uncertain	uncertain	uncertain	no_detected_CRE	no_detected_CRE	uncertain	no_detected_CRE	no_detected_CRE	uncertain	no_detected_CRE	no_detected_CRE	no_detected_CRE	present
DMEL_CRE_00076	uncertain	uncertain	uncertain	uncertain	uncertain	uncertain	uncertain	uncertain	uncertain	uncertain	uncertain	uncertain	uncertain	uncertain	uncertain	uncertain	uncertain	uncertain	uncertain	no_detected_CRE	uncertain	uncertain	uncertain	uncertain	uncertain	uncertain	uncertain	uncertain	uncertain	uncertain	uncertain	uncertain	uncertain	uncertain	uncertain	uncertain	uncertain	uncertain	no_detected_CRE
DMEL_CRE_00077	uncertain	uncertain	turnover_candidate	turnover_candidate	uncertain	turnover_candidate	uncertain	present	turnover_candidate	uncertain	turnover_candidate	uncertain	uncertain	uncertain	turnover_candidate	turnover_candidate	uncertain	turnover_candidate	turnover_candidate	turnover_candidate	uncertain	turnover_candidate	no_detected_CRE	turnover_candidate	no_detected_CRE	uncertain	turnover_candidate	uncertain	uncertain	turnover_candidate	uncertain	no_detected_CRE	present	turnover_candidate	turnover_candidate	turnover_candidate	turnover_candidate	no_detected_CRE	present
DMEL_CRE_00078	present	turnover_candidate	turnover_candidate	turnover_candidate	uncertain	turnover_candidate	turnover_candidate	turnover_candidate	turnover_candidate	present	turnover_candidate	turnover_candidate	present	turnover_candidate	turnover_candidate	turnover_candidate	uncertain	turnover_candidate	present	turnover_candidate	uncertain	turnover_candidate	no_detected_CRE	turnover_candidate	uncertain	turnover_candidate	turnover_candidate	turnover_candidate	turnover_candidate	turnover_candidate	uncertain	no_detected_CRE	turnover_candidate	turnover_candidate	turnover_candidate	uncertain	turnover_candidate	no_detected_CRE	turnover_candidate
DMEL_CRE_00079	turnover_candidate	uncertain	turnover_candidate	turnover_candidate	uncertain	uncertain	uncertain	uncertain	turnover_candidate	turnover_candidate	uncertain	turnover_candidate	turnover_candidate	uncertain	turnover_candidate	turnover_candidate	no_detected_CRE	uncertain	turnover_candidate	turnover_candidate	uncertain	uncertain	no_detected_CRE	turnover_candidate	no_detected_CRE	turnover_candidate	uncertain	turnover_candidate	uncertain	uncertain	turnover_candidate	uncertain	turnover_candidate	uncertain	uncertain	uncertain	uncertain	no_detected_CRE	turnover_candidate
DMEL_CRE_00080	present	present	turnover_candidate	turnover_candidate	turnover_candidate	turnover_candidate	turnover_candidate	turnover_candidate	present	turnover_candidate	present	turnover_candidate	turnover_candidate	turnover_candidate	turnover_candidate	turnover_candidate	no_detected_CRE	turnover_candidate	present	turnover_candidate	turnover_candidate	turnover_candidate	turnover_candidate	turnover_candidate	no_detected_CRE	turnover_candidate	present	turnover_candidate	present	turnover_candidate	turnover_candidate	no_detected_CRE	present	turnover_candidate	turnover_candidate	turnover_candidate	turnover_candidate	no_detected_CRE	turnover_candidate
DMEL_CRE_00081	uncertain	uncertain	present	no_detected_CRE	uncertain	uncertain	uncertain	uncertain	no_detected_CRE	no_detected_CRE	uncertain	no_detected_CRE	uncertain	uncertain	turnover_candidate	no_detected_CRE	uncertain	uncertain	turnover_candidate	no_detected_CRE	uncertain	uncertain	uncertain	uncertain	uncertain	uncertain	uncertain	turnover_candidate	uncertain	uncertain	uncertain	no_detected_CRE	no_detected_CRE	uncertain	uncertain	uncertain	uncertain	no_detected_CRE	turnover_candidate
DMEL_CRE_00082	turnover_candidate	uncertain	present	turnover_candidate	uncertain	uncertain	uncertain	uncertain	turnover_candidate	turnover_candidate	uncertain	present	present	uncertain	present	turnover_candidate	present	uncertain	present	present	uncertain	uncertain	turnover_candidate	uncertain	uncertain	present	uncertain	present	uncertain	uncertain	turnover_candidate	uncertain	present	uncertain	turnover_candidate	uncertain	uncertain	turnover_candidate	present
DMEL_CRE_00083	uncertain	uncertain	uncertain	uncertain	uncertain	uncertain	uncertain	uncertain	uncertain	uncertain	uncertain	uncertain	uncertain	uncertain	uncertain	uncertain	uncertain	uncertain	turnover_candidate	turnover_candidate	uncertain	uncertain	uncertain	uncertain	uncertain	uncertain	uncertain	uncertain	uncertain	uncertain	uncertain	uncertain	turnover_candidate	uncertain	uncertain	uncertain	uncertain	uncertain	present
DMEL_CRE_00084	uncertain	uncertain	turnover_candidate	turnover_candidate	uncertain	uncertain	uncertain	uncertain	turnover_candidate	uncertain	uncertain	uncertain	uncertain	uncertain	present	turnover_candidate	uncertain	uncertain	present	turnover_candidate	uncertain	uncertain	uncertain	uncertain	uncertain	uncertain	uncertain	turnover_candidate	uncertain	uncertain	uncertain	uncertain	turnover_candidate	uncertain	uncertain	uncertain	uncertain	turnover_candidate	present
DMEL_CRE_00085	no_detected_CRE	turnover_candidate	present	no_detected_CRE	uncertain	no_detected_CRE	no_detected_CRE	present	no_detected_CRE	no_detected_CRE	uncertain	present	no_detected_CRE	uncertain	no_detected_CRE	no_detected_CRE	no_detected_CRE	uncertain	no_detected_CRE	no_detected_CRE	uncertain	no_detected_CRE	no_detected_CRE	no_detected_CRE	no_detected_CRE	no_detected_CRE	uncertain	no_detected_CRE	uncertain	no_detected_CRE	uncertain	no_detected_CRE	present	turnover_candidate	uncertain	no_detected_CRE	no_detected_CRE	no_detected_CRE	no_detected_CRE
DMEL_CRE_00086	no_detected_CRE	no_detected_CRE	no_detected_CRE	no_detected_CRE	uncertain	uncertain	uncertain	uncertain	uncertain	no_detected_CRE	uncertain	present	no_detected_CRE	uncertain	no_detected_CRE	uncertain	no_detected_CRE	uncertain	no_detected_CRE	no_detected_CRE	uncertain	uncertain	uncertain	uncertain	uncertain	no_detected_CRE	uncertain	no_detected_CRE	uncertain	uncertain	uncertain	uncertain	no_detected_CRE	uncertain	uncertain	uncertain	uncertain	no_detected_CRE	present
DMEL_CRE_00087	no_detected_CRE	uncertain	present	present	uncertain	uncertain	uncertain	uncertain	present	no_detected_CRE	uncertain	no_detected_CRE	no_detected_CRE	uncertain	present	no_detected_CRE	no_detected_CRE	uncertain	no_detected_CRE	no_detected_CRE	uncertain	uncertain	uncertain	uncertain	uncertain	no_detected_CRE	no_detected_CRE	present	no_detected_CRE	uncertain	no_detected_CRE	uncertain	no_detected_CRE	uncertain	no_detected_CRE	uncertain	uncertain	present	no_detected_CRE
DMEL_CRE_00088	uncertain	uncertain	no_detected_CRE	no_detected_CRE	uncertain	uncertain	uncertain	uncertain	no_detected_CRE	uncertain	uncertain	uncertain	uncertain	uncertain	uncertain	no_detected_CRE	uncertain	uncertain	no_detected_CRE	no_detected_CRE	uncertain	uncertain	uncertain	uncertain	uncertain	uncertain	uncertain	uncertain	uncertain	uncertain	uncertain	uncertain	no_detected_CRE	uncertain	uncertain	uncertain	uncertain	no_detected_CRE	present
DMEL_CRE_00089	uncertain	uncertain	no_detected_CRE	no_detected_CRE	uncertain	uncertain	uncertain	uncertain	no_detected_CRE	uncertain	uncertain	uncertain	uncertain	uncertain	uncertain	no_detected_CRE	uncertain	uncertain	no_detected_CRE	no_detected_CRE	uncertain	uncertain	uncertain	uncertain	uncertain	uncertain	uncertain	uncertain	uncertain	uncertain	uncertain	uncertain	turnover_candidate	uncertain	uncertain	uncertain	uncertain	no_detected_CRE	turnover_candidate
DMEL_CRE_00090	uncertain	no_detected_CRE	no_detected_CRE	present	uncertain	uncertain	uncertain	uncertain	no_detected_CRE	uncertain	uncertain	no_detected_CRE	uncertain	uncertain	no_detected_CRE	no_detected_CRE	no_detected_CRE	uncertain	no_detected_CRE	present	uncertain	uncertain	present	no_detected_CRE	no_detected_CRE	no_detected_CRE	uncertain	no_detected_CRE	uncertain	no_detected_CRE	no_detected_CRE	uncertain	present	uncertain	uncertain	no_detected_CRE	uncertain	no_detected_CRE	present
DMEL_CRE_00091	uncertain	no_detected_CRE	no_detected_CRE	no_detected_CRE	uncertain	uncertain	uncertain	uncertain	no_detected_CRE	no_detected_CRE	uncertain	uncertain	no_detected_CRE	uncertain	no_detected_CRE	no_detected_CRE	no_detected_CRE	uncertain	no_detected_CRE	no_detected_CRE	uncertain	uncertain	uncertain	uncertain	uncertain	present	uncertain	no_detected_CRE	uncertain	uncertain	uncertain	uncertain	no_detected_CRE	uncertain	uncertain	uncertain	uncertain	no_detected_CRE	present
DMEL_CRE_00092	uncertain	uncertain	uncertain	no_detected_CRE	uncertain	uncertain	uncertain	uncertain	uncertain	uncertain	uncertain	uncertain	uncertain	uncertain	no_detected_CRE	uncertain	uncertain	uncertain	no_detected_CRE	no_detected_CRE	uncertain	uncertain	uncertain	uncertain	uncertain	uncertain	no_detected_CRE	no_detected_CRE	uncertain	uncertain	uncertain	uncertain	uncertain	uncertain	uncertain	uncertain	uncertain	uncertain	no_detected_CRE
DMEL_CRE_00093	turnover_candidate	turnover_candidate	turnover_candidate	no_detected_CRE	uncertain	uncertain	turnover_candidate	uncertain	turnover_candidate	turnover_candidate	uncertain	turnover_candidate	turnover_candidate	uncertain	present	no_detected_CRE	present	turnover_candidate	turnover_candidate	no_detected_CRE	turnover_candidate	turnover_candidate	present	present	no_detected_CRE	turnover_candidate	turnover_candidate	turnover_candidate	turnover_candidate	turnover_candidate	turnover_candidate	uncertain	no_detected_CRE	turnover_candidate	present	turnover_candidate	present	turnover_candidate	no_detected_CRE
DMEL_CRE_00094	present	present	present	present	turnover_candidate	present	present	no_detected_CRE	present	present	turnover_candidate	present	present	turnover_candidate	present	present	present	turnover_candidate	present	present	turnover_candidate	turnover_candidate	present	present	uncertain	present	uncertain	present	turnover_candidate	turnover_candidate	turnover_candidate	turnover_candidate	present	turnover_candidate	turnover_candidate	no_detected_CRE	present	present	present
DMEL_CRE_00095	no_detected_CRE	no_detected_CRE	no_detected_CRE	no_detected_CRE	no_detected_CRE	uncertain	uncertain	uncertain	present	no_detected_CRE	uncertain	no_detected_CRE	no_detected_CRE	uncertain	no_detected_CRE	no_detected_CRE	no_detected_CRE	uncertain	no_detected_CRE	no_detected_CRE	no_detected_CRE	uncertain	uncertain	uncertain	uncertain	no_detected_CRE	uncertain	no_detected_CRE	uncertain	uncertain	uncertain	uncertain	no_detected_CRE	uncertain	no_detected_CRE	uncertain	uncertain	no_detected_CRE	present
DMEL_CRE_00096	uncertain	uncertain	no_detected_CRE	no_detected_CRE	uncertain	uncertain	uncertain	uncertain	no_detected_CRE	uncertain	uncertain	uncertain	uncertain	uncertain	no_detected_CRE	no_detected_CRE	turnover_candidate	uncertain	turnover_candidate	turnover_candidate	uncertain	uncertain	uncertain	uncertain	uncertain	uncertain	uncertain	no_detected_CRE	uncertain	uncertain	uncertain	uncertain	no_detected_CRE	uncertain	uncertain	uncertain	uncertain	turnover_candidate	no_detected_CRE
DMEL_CRE_00097	uncertain	uncertain	no_detected_CRE	no_detected_CRE	no_detected_CRE	uncertain	uncertain	uncertain	no_detected_CRE	uncertain	uncertain	uncertain	uncertain	uncertain	no_detected_CRE	no_detected_CRE	uncertain	uncertain	turnover_candidate	turnover_candidate	uncertain	uncertain	uncertain	uncertain	uncertain	uncertain	uncertain	no_detected_CRE	uncertain	uncertain	uncertain	uncertain	no_detected_CRE	uncertain	uncertain	uncertain	uncertain	turnover_candidate	no_detected_CRE
DMEL_CRE_00098	no_detected_CRE	turnover_candidate	no_detected_CRE	no_detected_CRE	turnover_candidate	no_detected_CRE	no_detected_CRE	no_detected_CRE	no_detected_CRE	no_detected_CRE	no_detected_CRE	turnover_candidate	no_detected_CRE	no_detected_CRE	no_detected_CRE	no_detected_CRE	no_detected_CRE	no_detected_CRE	no_detected_CRE	no_detected_CRE	turnover_candidate	no_detected_CRE	no_detected_CRE	no_detected_CRE	no_detected_CRE	no_detected_CRE	no_detected_CRE	no_detected_CRE	no_detected_CRE	no_detected_CRE	no_detected_CRE	no_detected_CRE	no_detected_CRE	no_detected_CRE	no_detected_CRE	no_detected_CRE	no_detected_CRE	no_detected_CRE	no_detected_CRE
DMEL_CRE_00099	uncertain	uncertain	uncertain	uncertain	uncertain	uncertain	uncertain	uncertain	uncertain	uncertain	uncertain	uncertain	uncertain	uncertain	uncertain	uncertain	uncertain	uncertain	no_detected_CRE	no_detected_CRE	uncertain	uncertain	uncertain	uncertain	uncertain	uncertain	uncertain	no_detected_CRE	uncertain	uncertain	uncertain	uncertain	no_detected_CRE	uncertain	uncertain	uncertain	uncertain	uncertain	no_detected_CRE
DMEL_CRE_00100	turnover_candidate	no_detected_CRE	no_detected_CRE	no_detected_CRE	uncertain	uncertain	uncertain	uncertain	no_detected_CRE	turnover_candidate	uncertain	no_detected_CRE	turnover_candidate	uncertain	turnover_candidate	no_detected_CRE	turnover_candidate	no_detected_CRE	no_detected_CRE	turnover_candidate	uncertain	uncertain	uncertain	uncertain	uncertain	no_detected_CRE	uncertain	no_detected_CRE	uncertain	uncertain	uncertain	uncertain	no_detected_CRE	uncertain	uncertain	uncertain	uncertain	no_detected_CRE	present
DMEL_CRE_00101	uncertain	uncertain	uncertain	uncertain	uncertain	uncertain	uncertain	uncertain	uncertain	uncertain	uncertain	uncertain	uncertain	uncertain	uncertain	uncertain	uncertain	uncertain	no_detected_CRE	no_detected_CRE	uncertain	uncertain	uncertain	uncertain	uncertain	uncertain	uncertain	uncertain	uncertain	uncertain	uncertain	uncertain	no_detected_CRE	uncertain	uncertain	uncertain	uncertain	no_detected_CRE	no_detected_CRE
DMEL_CRE_00102	uncertain	uncertain	no_detected_CRE	no_detected_CRE	no_detected_CRE	no_detected_CRE	no_detected_CRE	no_detected_CRE	no_detected_CRE	no_detected_CRE	turnover_candidate	uncertain	no_detected_CRE	no_detected_CRE	no_detected_CRE	no_detected_CRE	turnover_candidate	turnover_candidate	no_detected_CRE	present	no_detected_CRE	no_detected_CRE	no_detected_CRE	no_detected_CRE	no_detected_CRE	uncertain	turnover_candidate	no_detected_CRE	no_detected_CRE	turnover_candidate	no_detected_CRE	no_detected_CRE	no_detected_CRE	no_detected_CRE	no_detected_CRE	no_detected_CRE	no_detected_CRE	no_detected_CRE	no_detected_CRE
DMEL_CRE_00103	uncertain	no_detected_CRE	uncertain	turnover_candidate	uncertain	uncertain	uncertain	uncertain	no_detected_CRE	uncertain	uncertain	uncertain	uncertain	uncertain	uncertain	uncertain	uncertain	uncertain	no_detected_CRE	no_detected_CRE	uncertain	uncertain	uncertain	uncertain	uncertain	no_detected_CRE	uncertain	uncertain	uncertain	uncertain	uncertain	uncertain	no_detected_CRE	uncertain	uncertain	uncertain	uncertain	no_detected_CRE	no_detected_CRE
DMEL_CRE_00104	turnover_candidate	turnover_candidate	no_detected_CRE	no_detected_CRE	no_detected_CRE	uncertain	uncertain	uncertain	no_detected_CRE	no_detected_CRE	uncertain	no_detected_CRE	turnover_candidate	uncertain	no_detected_CRE	turnover_candidate	turnover_candidate	uncertain	turnover_candidate	turnover_candidate	no_detected_CRE	uncertain	uncertain	uncertain	uncertain	turnover_candidate	uncertain	no_detected_CRE	uncertain	turnover_candidate	turnover_candidate	uncertain	turnover_candidate	uncertain	uncertain	uncertain	uncertain	turnover_candidate	no_detected_CRE
DMEL_CRE_00105	uncertain	uncertain	no_detected_CRE	no_detected_CRE	uncertain	uncertain	uncertain	uncertain	no_detected_CRE	uncertain	uncertain	uncertain	uncertain	uncertain	uncertain	no_detected_CRE	uncertain	uncertain	no_detected_CRE	present	uncertain	uncertain	uncertain	uncertain	uncertain	no_detected_CRE	uncertain	uncertain	uncertain	uncertain	uncertain	uncertain	no_detected_CRE	uncertain	uncertain	uncertain	uncertain	no_detected_CRE	no_detected_CRE
DMEL_CRE_00106	present	turnover_candidate	present	no_detected_CRE	uncertain	uncertain	turnover_candidate	uncertain	turnover_candidate	no_detected_CRE	uncertain	no_detected_CRE	turnover_candidate	turnover_candidate	no_detected_CRE	no_detected_CRE	present	uncertain	turnover_candidate	present	turnover_candidate	uncertain	turnover_candidate	turnover_candidate	uncertain	turnover_candidate	uncertain	turnover_candidate	uncertain	no_detected_CRE	uncertain	turnover_candidate	turnover_candidate	uncertain	uncertain	turnover_candidate	uncertain	no_detected_CRE	turnover_candidate
DMEL_CRE_00107	uncertain	uncertain	turnover_candidate	no_detected_CRE	uncertain	uncertain	uncertain	uncertain	present	uncertain	uncertain	uncertain	uncertain	uncertain	no_detected_CRE	uncertain	uncertain	uncertain	turnover_candidate	turnover_candidate	uncertain	uncertain	uncertain	uncertain	uncertain	uncertain	uncertain	turnover_candidate	uncertain	uncertain	uncertain	uncertain	turnover_candidate	uncertain	uncertain	uncertain	uncertain	no_detected_CRE	turnover_candidate
DMEL_CRE_00108	uncertain	uncertain	no_detected_CRE	no_detected_CRE	uncertain	uncertain	uncertain	uncertain	no_detected_CRE	uncertain	uncertain	uncertain	uncertain	uncertain	uncertain	turnover_candidate	uncertain	uncertain	no_detected_CRE	present	uncertain	uncertain	uncertain	uncertain	uncertain	uncertain	uncertain	uncertain	uncertain	uncertain	uncertain	uncertain	no_detected_CRE	uncertain	uncertain	uncertain	uncertain	no_detected_CRE	present
DMEL_CRE_00109	uncertain	uncertain	uncertain	uncertain	uncertain	uncertain	uncertain	uncertain	uncertain	uncertain	uncertain	uncertain	uncertain	uncertain	uncertain	uncertain	uncertain	uncertain	no_detected_CRE	no_detected_CRE	uncertain	uncertain	uncertain	uncertain	uncertain	uncertain	uncertain	uncertain	uncertain	uncertain	uncertain	uncertain	no_detected_CRE	uncertain	uncertain	uncertain	uncertain	uncertain	present
DMEL_CRE_00110	uncertain	uncertain	uncertain	uncertain	uncertain	uncertain	uncertain	uncertain	uncertain	uncertain	uncertain	uncertain	uncertain	uncertain	uncertain	uncertain	uncertain	uncertain	uncertain	no_detected_CRE	uncertain	uncertain	uncertain	uncertain	uncertain	uncertain	uncertain	uncertain	uncertain	uncertain	uncertain	uncertain	uncertain	uncertain	uncertain	uncertain	uncertain	uncertain	no_detected_CRE
DMEL_CRE_00111	turnover_candidate	no_detected_CRE	no_detected_CRE	turnover_candidate	uncertain	uncertain	uncertain	uncertain	turnover_candidate	uncertain	uncertain	uncertain	uncertain	uncertain	turnover_candidate	turnover_candidate	uncertain	uncertain	turnover_candidate	no_detected_CRE	uncertain	no_detected_CRE	turnover_candidate	turnover_candidate	uncertain	no_detected_CRE	uncertain	no_detected_CRE	uncertain	uncertain	uncertain	uncertain	turnover_candidate	uncertain	uncertain	uncertain	uncertain	no_detected_CRE	no_detected_CRE
DMEL_CRE_00112	uncertain	uncertain	uncertain	uncertain	uncertain	uncertain	uncertain	uncertain	uncertain	uncertain	uncertain	uncertain	uncertain	uncertain	uncertain	uncertain	uncertain	uncertain	turnover_candidate	no_detected_CRE	uncertain	uncertain	uncertain	uncertain	uncertain	no_detected_CRE	uncertain	uncertain	turnover_candidate	turnover_candidate	uncertain	uncertain	turnover_candidate	uncertain	uncertain	uncertain	uncertain	uncertain	no_detected_CRE
DMEL_CRE_00113	turnover_candidate	turnover_candidate	turnover_candidate	no_detected_CRE	turnover_candidate	turnover_candidate	no_detected_CRE	no_detected_CRE	no_detected_CRE	no_detected_CRE	no_detected_CRE	no_detected_CRE	turnover_candidate	turnover_candidate	no_detected_CRE	turnover_candidate	no_detected_CRE	turnover_candidate	no_detected_CRE	no_detected_CRE	turnover_candidate	turnover_candidate	turnover_candidate	turnover_candidate	no_detected_CRE	turnover_candidate	no_detected_CRE	no_detected_CRE	turnover_candidate	no_detected_CRE	no_detected_CRE	no_detected_CRE	turnover_candidate	no_detected_CRE	turnover_candidate	no_detected_CRE	no_detected_CRE	no_detected_CRE	no_detected_CRE
DMEL_CRE_00114	no_detected_CRE	no_detected_CRE	present	present	uncertain	uncertain	no_detected_CRE	no_detected_CRE	present	no_detected_CRE	no_detected_CRE	no_detected_CRE	no_detected_CRE	no_detected_CRE	no_detected_CRE	present	no_detected_CRE	no_detected_CRE	no_detected_CRE	present	uncertain	uncertain	no_detected_CRE	uncertain	uncertain	no_detected_CRE	uncertain	no_detected_CRE	uncertain	no_detected_CRE	no_detected_CRE	no_detected_CRE	present	uncertain	no_detected_CRE	no_detected_CRE	uncertain	no_detected_CRE	present
DMEL_CRE_00115	uncertain	uncertain	no_detected_CRE	turnover_candidate	uncertain	uncertain	uncertain	uncertain	no_detected_CRE	uncertain	uncertain	uncertain	uncertain	uncertain	no_detected_CRE	no_detected_CRE	uncertain	uncertain	turnover_candidate	present	uncertain	no_detected_CRE	uncertain	uncertain	uncertain	no_detected_CRE	uncertain	no_detected_CRE	uncertain	uncertain	uncertain	uncertain	present	uncertain	uncertain	uncertain	uncertain	no_detected_CRE	present
DMEL_CRE_00116	no_detected_CRE	no_detected_CRE	no_detected_CRE	no_detected_CRE	uncertain	uncertain	uncertain	uncertain	no_detected_CRE	no_detected_CRE	uncertain	no_detected_CRE	no_detected_CRE	uncertain	no_detected_CRE	no_detected_CRE	no_detected_CRE	uncertain	turnover_candidate	no_detected_CRE	uncertain	uncertain	uncertain	uncertain	uncertain	no_detected_CRE	uncertain	no_detected_CRE	uncertain	uncertain	uncertain	uncertain	no_detected_CRE	uncertain	uncertain	uncertain	uncertain	no_detected_CRE	no_detected_CRE
DMEL_CRE_00117	no_detected_CRE	no_detected_CRE	no_detected_CRE	turnover_candidate	no_detected_CRE	no_detected_CRE	uncertain	no_detected_CRE	turnover_candidate	no_detected_CRE	uncertain	no_detected_CRE	no_detected_CRE	uncertain	turnover_candidate	no_detected_CRE	no_detected_CRE	uncertain	turnover_candidate	no_detected_CRE	no_detected_CRE	uncertain	uncertain	uncertain	uncertain	no_detected_CRE	uncertain	no_detected_CRE	no_detected_CRE	uncertain	uncertain	uncertain	present	uncertain	uncertain	uncertain	uncertain	no_detected_CRE	no_detected_CRE
DMEL_CRE_00118	turnover_candidate	turnover_candidate	no_detected_CRE	no_detected_CRE	uncertain	uncertain	uncertain	uncertain	turnover_candidate	turnover_candidate	uncertain	turnover_candidate	turnover_candidate	uncertain	no_detected_CRE	turnover_candidate	turnover_candidate	uncertain	no_detected_CRE	no_detected_CRE	uncertain	uncertain	uncertain	uncertain	uncertain	turnover_candidate	uncertain	no_detected_CRE	uncertain	uncertain	uncertain	uncertain	turnover_candidate	uncertain	uncertain	uncertain	uncertain	no_detected_CRE	no_detected_CRE
DMEL_CRE_00119	turnover_candidate	no_detected_CRE	present	no_detected_CRE	uncertain	no_detected_CRE	no_detected_CRE	no_detected_CRE	no_detected_CRE	present	no_detected_CRE	no_detected_CRE	no_detected_CRE	no_detected_CRE	no_detected_CRE	present	present	no_detected_CRE	no_detected_CRE	no_detected_CRE	uncertain	no_detected_CRE	no_detected_CRE	no_detected_CRE	turnover_candidate	no_detected_CRE	no_detected_CRE	no_detected_CRE	no_detected_CRE	no_detected_CRE	no_detected_CRE	no_detected_CRE	present	no_detected_CRE	no_detected_CRE	no_detected_CRE	no_detected_CRE	no_detected_CRE	no_detected_CRE
DMEL_CRE_00120	turnover_candidate	turnover_candidate	present	present	no_detected_CRE	turnover_candidate	uncertain	turnover_candidate	turnover_candidate	turnover_candidate	turnover_candidate	present	turnover_candidate	turnover_candidate	present	turnover_candidate	turnover_candidate	turnover_candidate	present	present	turnover_candidate	no_detected_CRE	turnover_candidate	no_detected_CRE	turnover_candidate	turnover_candidate	turnover_candidate	present	no_detected_CRE	turnover_candidate	turnover_candidate	no_detected_CRE	present	turnover_candidate	turnover_candidate	turnover_candidate	turnover_candidate	turnover_candidate	present
DMEL_CRE_00121	turnover_candidate	present	turnover_candidate	present	no_detected_CRE	turnover_candidate	turnover_candidate	turnover_candidate	turnover_candidate	turnover_candidate	turnover_candidate	present	turnover_candidate	turnover_candidate	present	present	turnover_candidate	uncertain	present	present	turnover_candidate	uncertain	uncertain	uncertain	uncertain	turnover_candidate	uncertain	present	uncertain	uncertain	uncertain	uncertain	present	turnover_candidate	uncertain	uncertain	turnover_candidate	present	present
DMEL_CRE_00122	present	present	present	present	turnover_candidate	no_detected_CRE	turnover_candidate	present	present	present	uncertain	present	present	present	present	present	turnover_candidate	turnover_candidate	present	present	present	present	present	no_detected_CRE	turnover_candidate	present	uncertain	present	uncertain	no_detected_CRE	uncertain	present	present	uncertain	uncertain	present	uncertain	present	present
DMEL_CRE_00123	uncertain	uncertain	no_detected_CRE	turnover_candidate	uncertain	uncertain	uncertain	uncertain	turnover_candidate	uncertain	uncertain	uncertain	uncertain	uncertain	uncertain	no_detected_CRE	uncertain	uncertain	no_detected_CRE	turnover_candidate	uncertain	uncertain	uncertain	uncertain	uncertain	uncertain	uncertain	no_detected_CRE	uncertain	uncertain	uncertain	uncertain	no_detected_CRE	uncertain	uncertain	uncertain	uncertain	no_detected_CRE	no_detected_CRE
DMEL_CRE_00124	no_detected_CRE	uncertain	no_detected_CRE	no_detected_CRE	turnover_candidate	uncertain	present	uncertain	no_detected_CRE	uncertain	uncertain	uncertain	uncertain	uncertain	no_detected_CRE	no_detected_CRE	uncertain	uncertain	no_detected_CRE	no_detected_CRE	turnover_candidate	uncertain	uncertain	no_detected_CRE	turnover_candidate	uncertain	no_detected_CRE	turnover_candidate	uncertain	present	no_detected_CRE	uncertain	no_detected_CRE	uncertain	uncertain	uncertain	uncertain	no_detected_CRE	turnover_candidate
DMEL_CRE_00125	turnover_candidate	no_detected_CRE	uncertain	uncertain	uncertain	uncertain	uncertain	uncertain	no_detected_CRE	no_detected_CRE	uncertain	present	no_detected_CRE	uncertain	no_detected_CRE	uncertain	uncertain	uncertain	no_detected_CRE	present	uncertain	uncertain	uncertain	uncertain	uncertain	turnover_candidate	uncertain	no_detected_CRE	uncertain	uncertain	uncertain	uncertain	no_detected_CRE	uncertain	uncertain	uncertain	uncertain	uncertain	present
DMEL_CRE_00126	no_detected_CRE	no_detected_CRE	turnover_candidate	turnover_candidate	uncertain	uncertain	no_detected_CRE	uncertain	turnover_candidate	no_detected_CRE	uncertain	no_detected_CRE	no_detected_CRE	uncertain	no_detected_CRE	present	no_detected_CRE	uncertain	turnover_candidate	turnover_candidate	uncertain	uncertain	uncertain	uncertain	uncertain	no_detected_CRE	uncertain	no_detected_CRE	no_detected_CRE	uncertain	uncertain	uncertain	present	uncertain	present	uncertain	uncertain	no_detected_CRE	present
DMEL_CRE_00127	no_detected_CRE	uncertain	uncertain	uncertain	uncertain	uncertain	uncertain	uncertain	uncertain	no_detected_CRE	uncertain	no_detected_CRE	no_detected_CRE	uncertain	no_detected_CRE	no_detected_CRE	no_detected_CRE	uncertain	no_detected_CRE	no_detected_CRE	uncertain	uncertain	uncertain	turnover_candidate	uncertain	no_detected_CRE	uncertain	no_detected_CRE	uncertain	uncertain	uncertain	uncertain	no_detected_CRE	uncertain	uncertain	uncertain	uncertain	no_detected_CRE	no_detected_CRE
DMEL_CRE_00128	uncertain	uncertain	uncertain	uncertain	uncertain	uncertain	uncertain	uncertain	uncertain	uncertain	uncertain	uncertain	uncertain	uncertain	uncertain	uncertain	uncertain	uncertain	no_detected_CRE	present	uncertain	uncertain	uncertain	uncertain	uncertain	uncertain	uncertain	uncertain	uncertain	uncertain	uncertain	uncertain	present	uncertain	uncertain	uncertain	uncertain	uncertain	present
DMEL_CRE_00129	uncertain	uncertain	no_detected_CRE	no_detected_CRE	uncertain	uncertain	uncertain	uncertain	no_detected_CRE	uncertain	uncertain	uncertain	uncertain	uncertain	no_detected_CRE	no_detected_CRE	uncertain	uncertain	no_detected_CRE	no_detected_CRE	uncertain	uncertain	uncertain	uncertain	uncertain	uncertain	uncertain	no_detected_CRE	uncertain	uncertain	uncertain	uncertain	no_detected_CRE	uncertain	uncertain	uncertain	uncertain	no_detected_CRE	present
DMEL_CRE_00130	uncertain	no_detected_CRE	present	present	no_detected_CRE	uncertain	uncertain	uncertain	present	no_detected_CRE	present	no_detected_CRE	no_detected_CRE	uncertain	no_detected_CRE	no_detected_CRE	no_detected_CRE	uncertain	no_detected_CRE	no_detected_CRE	no_detected_CRE	uncertain	uncertain	uncertain	present	no_detected_CRE	uncertain	no_detected_CRE	turnover_candidate	turnover_candidate	uncertain	no_detected_CRE	no_detected_CRE	uncertain	uncertain	uncertain	uncertain	present	present
DMEL_CRE_00131	turnover_candidate	turnover_candidate	turnover_candidate	present	uncertain	uncertain	uncertain	uncertain	turnover_candidate	turnover_candidate	uncertain	turnover_candidate	turnover_candidate	uncertain	turnover_candidate	turnover_candidate	turnover_candidate	uncertain	turnover_candidate	turnover_candidate	uncertain	uncertain	uncertain	uncertain	uncertain	turnover_candidate	uncertain	no_detected_CRE	uncertain	uncertain	uncertain	uncertain	turnover_candidate	uncertain	uncertain	uncertain	uncertain	present	turnover_candidate
DMEL_CRE_00132	uncertain	uncertain	present	present	uncertain	uncertain	uncertain	uncertain	turnover_candidate	uncertain	uncertain	uncertain	uncertain	uncertain	no_detected_CRE	no_detected_CRE	uncertain	uncertain	no_detected_CRE	present	uncertain	uncertain	uncertain	uncertain	uncertain	uncertain	uncertain	no_detected_CRE	uncertain	uncertain	uncertain	uncertain	no_detected_CRE	uncertain	uncertain	uncertain	uncertain	present	no_detected_CRE
DMEL_CRE_00133	uncertain	no_detected_CRE	no_detected_CRE	no_detected_CRE	no_detected_CRE	uncertain	no_detected_CRE	uncertain	no_detected_CRE	uncertain	uncertain	no_detected_CRE	uncertain	no_detected_CRE	no_detected_CRE	no_detected_CRE	no_detected_CRE	uncertain	no_detected_CRE	no_detected_CRE	no_detected_CRE	no_detected_CRE	uncertain	no_detected_CRE	uncertain	no_detected_CRE	no_detected_CRE	no_detected_CRE	no_detected_CRE	no_detected_CRE	no_detected_CRE	no_detected_CRE	no_detected_CRE	no_detected_CRE	no_detected_CRE	uncertain	no_detected_CRE	no_detected_CRE	no_detected_CRE
DMEL_CRE_00134	uncertain	uncertain	uncertain	uncertain	uncertain	uncertain	uncertain	uncertain	uncertain	uncertain	uncertain	uncertain	uncertain	uncertain	uncertain	uncertain	uncertain	uncertain	uncertain	uncertain	uncertain	uncertain	uncertain	uncertain	uncertain	uncertain	uncertain	uncertain	uncertain	uncertain	uncertain	uncertain	uncertain	uncertain	uncertain	uncertain	uncertain	uncertain	uncertain
DMEL_CRE_00135	turnover_candidate	uncertain	no_detected_CRE	turnover_candidate	turnover_candidate	uncertain	uncertain	uncertain	no_detected_CRE	no_detected_CRE	uncertain	present	no_detected_CRE	uncertain	turnover_candidate	no_detected_CRE	present	uncertain	no_detected_CRE	no_detected_CRE	turnover_candidate	uncertain	uncertain	uncertain	uncertain	turnover_candidate	uncertain	turnover_candidate	uncertain	uncertain	uncertain	uncertain	turnover_candidate	uncertain	uncertain	uncertain	uncertain	no_detected_CRE	no_detected_CRE
DMEL_CRE_00136	uncertain	uncertain	no_detected_CRE	no_detected_CRE	uncertain	no_detected_CRE	uncertain	uncertain	no_detected_CRE	uncertain	uncertain	uncertain	uncertain	uncertain	uncertain	no_detected_CRE	uncertain	no_detected_CRE	no_detected_CRE	no_detected_CRE	uncertain	uncertain	uncertain	uncertain	uncertain	uncertain	uncertain	uncertain	uncertain	uncertain	uncertain	uncertain	no_detected_CRE	uncertain	uncertain	uncertain	uncertain	no_detected_CRE	no_detected_CRE
DMEL_CRE_00137	no_detected_CRE	no_detected_CRE	no_detected_CRE	no_detected_CRE	no_detected_CRE	no_detected_CRE	no_detected_CRE	no_detected_CRE	no_detected_CRE	no_detected_CRE	no_detected_CRE	no_detected_CRE	no_detected_CRE	uncertain	no_detected_CRE	no_detected_CRE	no_detected_CRE	no_detected_CRE	no_detected_CRE	no_detected_CRE	no_detected_CRE	uncertain	no_detected_CRE	uncertain	no_detected_CRE	no_detected_CRE	no_detected_CRE	no_detected_CRE	turnover_candidate	uncertain	no_detected_CRE	uncertain	no_detected_CRE	no_detected_CRE	turnover_candidate	uncertain	uncertain	no_detected_CRE	no_detected_CRE
DMEL_CRE_00138	no_detected_CRE	no_detected_CRE	no_detected_CRE	present	no_detected_CRE	present	no_detected_CRE	no_detected_CRE	no_detected_CRE	no_detected_CRE	no_detected_CRE	no_detected_CRE	no_detected_CRE	present	present	no_detected_CRE	no_detected_CRE	no_detected_CRE	present	present	no_detected_CRE	present	no_detected_CRE	present	no_detected_CRE	no_detected_CRE	present	present	no_detected_CRE	present	no_detected_CRE	present	no_detected_CRE	no_detected_CRE	no_detected_CRE	present	present	no_detected_CRE	present
DMEL_CRE_00139	no_detected_CRE	no_detected_CRE	present	present	no_detected_CRE	no_detected_CRE	no_detected_CRE	no_detected_CRE	present	no_detected_CRE	no_detected_CRE	no_detected_CRE	no_detected_CRE	no_detected_CRE	no_detected_CRE	no_detected_CRE	present	no_detected_CRE	no_detected_CRE	present	no_detected_CRE	no_detected_CRE	no_detected_CRE	no_detected_CRE	present	no_detected_CRE	present	no_detected_CRE	no_detected_CRE	no_detected_CRE	no_detected_CRE	no_detected_CRE	no_detected_CRE	no_detected_CRE	no_detected_CRE	no_detected_CRE	no_detected_CRE	present	no_detected_CRE
DMEL_CRE_00140	no_detected_CRE	no_detected_CRE	turnover_candidate	no_detected_CRE	no_detected_CRE	no_detected_CRE	no_detected_CRE	no_detected_CRE	turnover_candidate	no_detected_CRE	uncertain	no_detected_CRE	no_detected_CRE	uncertain	turnover_candidate	no_detected_CRE	no_detected_CRE	no_detected_CRE	no_detected_CRE	no_detected_CRE	uncertain	no_detected_CRE	uncertain	turnover_candidate	no_detected_CRE	no_detected_CRE	no_detected_CRE	no_detected_CRE	no_detected_CRE	no_detected_CRE	no_detected_CRE	no_detected_CRE	no_detected_CRE	no_detected_CRE	no_detected_CRE	turnover_candidate	no_detected_CRE	no_detected_CRE	present
DMEL_CRE_00141	turnover_candidate	turnover_candidate	no_detected_CRE	no_detected_CRE	no_detected_CRE	uncertain	uncertain	uncertain	no_detected_CRE	turnover_candidate	uncertain	turnover_candidate	turnover_candidate	turnover_candidate	turnover_candidate	turnover_candidate	turnover_candidate	uncertain	no_detected_CRE	no_detected_CRE	uncertain	uncertain	uncertain	uncertain	uncertain	turnover_candidate	uncertain	turnover_candidate	uncertain	uncertain	turnover_candidate	no_detected_CRE	no_detected_CRE	uncertain	uncertain	uncertain	uncertain	no_detected_CRE	present
DMEL_CRE_00142	uncertain	no_detected_CRE	no_detected_CRE	no_detected_CRE	no_detected_CRE	no_detected_CRE	no_detected_CRE	no_detected_CRE	no_detected_CRE	uncertain	no_detected_CRE	uncertain	no_detected_CRE	no_detected_CRE	no_detected_CRE	no_detected_CRE	uncertain	no_detected_CRE	present	no_detected_CRE	no_detected_CRE	no_detected_CRE	no_detected_CRE	no_detected_CRE	no_detected_CRE	uncertain	no_detected_CRE	no_detected_CRE	no_detected_CRE	no_detected_CRE	no_detected_CRE	no_detected_CRE	present	no_detected_CRE	no_detected_CRE	no_detected_CRE	no_detected_CRE	no_detected_CRE	present
DMEL_CRE_00143	turnover_candidate	no_detected_CRE	no_detected_CRE	turnover_candidate	turnover_candidate	no_detected_CRE	no_detected_CRE	no_detected_CRE	no_detected_CRE	turnover_candidate	turnover_candidate	turnover_candidate	turnover_candidate	turnover_candidate	no_detected_CRE	no_detected_CRE	turnover_candidate	turnover_candidate	no_detected_CRE	present	no_detected_CRE	no_detected_CRE	turnover_candidate	turnover_candidate	turnover_candidate	turnover_candidate	no_detected_CRE	no_detected_CRE	no_detected_CRE	turnover_candidate	no_detected_CRE	no_detected_CRE	no_detected_CRE	turnover_candidate	turnover_candidate	no_detected_CRE	turnover_candidate	no_detected_CRE	present
DMEL_CRE_00144	no_detected_CRE	no_detected_CRE	turnover_candidate	no_detected_CRE	no_detected_CRE	no_detected_CRE	no_detected_CRE	no_detected_CRE	no_detected_CRE	turnover_candidate	no_detected_CRE	no_detected_CRE	turnover_candidate	turnover_candidate	turnover_candidate	turnover_candidate	turnover_candidate	no_detected_CRE	present	present	no_detected_CRE	no_detected_CRE	no_detected_CRE	no_detected_CRE	turnover_candidate	no_detected_CRE	no_detected_CRE	turnover_candidate	turnover_candidate	turnover_candidate	turnover_candidate	no_detected_CRE	present	turnover_candidate	no_detected_CRE	no_detected_CRE	uncertain	no_detected_CRE	present
DMEL_CRE_00145	no_detected_CRE	no_detected_CRE	present	turnover_candidate	no_detected_CRE	no_detected_CRE	uncertain	no_detected_CRE	no_detected_CRE	present	no_detected_CRE	no_detected_CRE	present	turnover_candidate	present	present	turnover_candidate	no_detected_CRE	present	present	uncertain	no_detected_CRE	uncertain	uncertain	turnover_candidate	no_detected_CRE	no_detected_CRE	present	present	present	present	no_detected_CRE	present	present	no_detected_CRE	no_detected_CRE	no_detected_CRE	no_detected_CRE	present
DMEL_CRE_00146	turnover_candidate	turnover_candidate	present	present	uncertain	no_detected_CRE	no_detected_CRE	no_detected_CRE	present	no_detected_CRE	no_detected_CRE	turnover_candidate	no_detected_CRE	no_detected_CRE	turnover_candidate	present	turnover_candidate	no_detected_CRE	no_detected_CRE	present	uncertain	no_detected_CRE	no_detected_CRE	turnover_candidate	no_detected_CRE	turnover_candidate	no_detected_CRE	present	no_detected_CRE	no_detected_CRE	no_detected_CRE	no_detected_CRE	no_detected_CRE	turnover_candidate	no_detected_CRE	turnover_candidate	no_detected_CRE	present	present
DMEL_CRE_00147	no_detected_CRE	present	no_detected_CRE	no_detected_CRE	no_detected_CRE	present	no_detected_CRE	no_detected_CRE	no_detected_CRE	present	present	no_detected_CRE	present	no_detected_CRE	no_detected_CRE	turnover_candidate	present	present	turnover_candidate	turnover_candidate	no_detected_CRE	present	turnover_candidate	no_detected_CRE	no_detected_CRE	no_detected_CRE	turnover_candidate	no_detected_CRE	no_detected_CRE	turnover_candidate	present	no_detected_CRE	no_detected_CRE	no_detected_CRE	no_detected_CRE	no_detected_CRE	no_detected_CRE	no_detected_CRE	turnover_candidate
DMEL_CRE_00148	no_detected_CRE	present	no_detected_CRE	no_detected_CRE	no_detected_CRE	turnover_candidate	no_detected_CRE	no_detected_CRE	no_detected_CRE	turnover_candidate	present	no_detected_CRE	turnover_candidate	no_detected_CRE	no_detected_CRE	present	turnover_candidate	turnover_candidate	present	present	no_detected_CRE	turnover_candidate	present	uncertain	uncertain	no_detected_CRE	turnover_candidate	no_detected_CRE	no_detected_CRE	turnover_candidate	turnover_candidate	no_detected_CRE	no_detected_CRE	no_detected_CRE	no_detected_CRE	no_detected_CRE	no_detected_CRE	no_detected_CRE	present
DMEL_CRE_00149	no_detected_CRE	no_detected_CRE	no_detected_CRE	no_detected_CRE	no_detected_CRE	no_detected_CRE	no_detected_CRE	no_detected_CRE	no_detected_CRE	no_detected_CRE	no_detected_CRE	no_detected_CRE	no_detected_CRE	no_detected_CRE	no_detected_CRE	no_detected_CRE	no_detected_CRE	no_detected_CRE	no_detected_CRE	no_detected_CRE	no_detected_CRE	no_detected_CRE	no_detected_CRE	no_detected_CRE	no_detected_CRE	no_detected_CRE	no_detected_CRE	no_detected_CRE	no_detected_CRE	no_detected_CRE	no_detected_CRE	no_detected_CRE	no_detected_CRE	no_detected_CRE	no_detected_CRE	no_detected_CRE	no_detected_CRE	no_detected_CRE	no_detected_CRE
DMEL_CRE_00150	no_detected_CRE	no_detected_CRE	no_detected_CRE	no_detected_CRE	no_detected_CRE	no_detected_CRE	no_detected_CRE	no_detected_CRE	no_detected_CRE	no_detected_CRE	no_detected_CRE	no_detected_CRE	no_detected_CRE	no_detected_CRE	no_detected_CRE	no_detected_CRE	no_detected_CRE	no_detected_CRE	no_detected_CRE	present	no_detected_CRE	no_detected_CRE	uncertain	uncertain	uncertain	uncertain	turnover_candidate	no_detected_CRE	no_detected_CRE	no_detected_CRE	turnover_candidate	no_detected_CRE	no_detected_CRE	no_detected_CRE	present	no_detected_CRE	no_detected_CRE	no_detected_CRE	no_detected_CRE
DMEL_CRE_00151	turnover_candidate	present	present	present	present	present	turnover_candidate	turnover_candidate	present	no_detected_CRE	uncertain	turnover_candidate	turnover_candidate	uncertain	turnover_candidate	turnover_candidate	turnover_candidate	uncertain	turnover_candidate	present	no_detected_CRE	no_detected_CRE	uncertain	uncertain	uncertain	turnover_candidate	present	present	present	no_detected_CRE	turnover_candidate	no_detected_CRE	present	no_detected_CRE	turnover_candidate	uncertain	turnover_candidate	present	present
DMEL_CRE_00152	turnover_candidate	present	turnover_candidate	turnover_candidate	uncertain	turnover_candidate	turnover_candidate	turnover_candidate	turnover_candidate	present	uncertain	present	turnover_candidate	turnover_candidate	turnover_candidate	turnover_candidate	turnover_candidate	uncertain	turnover_candidate	turnover_candidate	uncertain	uncertain	turnover_candidate	present	no_detected_CRE	present	turnover_candidate	turnover_candidate	turnover_candidate	no_detected_CRE	turnover_candidate	no_detected_CRE	turnover_candidate	no_detected_CRE	turnover_candidate	turnover_candidate	turnover_candidate	turnover_candidate	present
DMEL_CRE_00153	present	turnover_candidate	present	present	turnover_candidate	turnover_candidate	turnover_candidate	turnover_candidate	present	no_detected_CRE	turnover_candidate	turnover_candidate	turnover_candidate	turnover_candidate	turnover_candidate	present	turnover_candidate	turnover_candidate	turnover_candidate	present	no_detected_CRE	no_detected_CRE	turnover_candidate	turnover_candidate	no_detected_CRE	turnover_candidate	turnover_candidate	present	turnover_candidate	no_detected_CRE	turnover_candidate	no_detected_CRE	present	no_detected_CRE	turnover_candidate	turnover_candidate	turnover_candidate	present	present
DMEL_CRE_00154	uncertain	uncertain	present	present	no_detected_CRE	uncertain	no_detected_CRE	uncertain	present	uncertain	present	uncertain	no_detected_CRE	turnover_candidate	no_detected_CRE	turnover_candidate	no_detected_CRE	no_detected_CRE	no_detected_CRE	present	turnover_candidate	no_detected_CRE	uncertain	uncertain	turnover_candidate	uncertain	uncertain	no_detected_CRE	no_detected_CRE	no_detected_CRE	no_detected_CRE	no_detected_CRE	turnover_candidate	uncertain	no_detected_CRE	uncertain	uncertain	present	present
DMEL_CRE_00155	present	present	no_detected_CRE	no_detected_CRE	uncertain	no_detected_CRE	no_detected_CRE	no_detected_CRE	no_detected_CRE	present	no_detected_CRE	present	present	no_detected_CRE	present	no_detected_CRE	no_detected_CRE	no_detected_CRE	present	present	uncertain	present	no_detected_CRE	no_detected_CRE	no_detected_CRE	present	present	present	no_detected_CRE	present	uncertain	no_detected_CRE	present	present	present	turnover_candidate	present	no_detected_CRE	present
DMEL_CRE_00156	uncertain	uncertain	no_detected_CRE	no_detected_CRE	uncertain	no_detected_CRE	no_detected_CRE	no_detected_CRE	no_detected_CRE	uncertain	no_detected_CRE	no_detected_CRE	uncertain	no_detected_CRE	no_detected_CRE	no_detected_CRE	no_detected_CRE	no_detected_CRE	no_detected_CRE	no_detected_CRE	uncertain	no_detected_CRE	uncertain	uncertain	uncertain	uncertain	uncertain	no_detected_CRE	uncertain	no_detected_CRE	uncertain	no_detected_CRE	no_detected_CRE	uncertain	uncertain	no_detected_CRE	uncertain	no_detected_CRE	present
DMEL_CRE_00157	no_detected_CRE	no_detected_CRE	no_detected_CRE	present	no_detected_CRE	present	present	present	no_detected_CRE	no_detected_CRE	no_detected_CRE	no_detected_CRE	no_detected_CRE	present	no_detected_CRE	turnover_candidate	no_detected_CRE	present	no_detected_CRE	no_detected_CRE	no_detected_CRE	present	present	present	present	no_detected_CRE	no_detected_CRE	no_detected_CRE	present	present	no_detected_CRE	present	no_detected_CRE	no_detected_CRE	no_detected_CRE	present	no_detected_CRE	present	present
DMEL_CRE_00158	no_detected_CRE	no_detected_CRE	no_detected_CRE	no_detected_CRE	no_detected_CRE	no_detected_CRE	turnover_candidate	turnover_candidate	no_detected_CRE	turnover_candidate	no_detected_CRE	present	turnover_candidate	turnover_candidate	no_detected_CRE	no_detected_CRE	turnover_candidate	turnover_candidate	no_detected_CRE	no_detected_CRE	turnover_candidate	no_detected_CRE	no_detected_CRE	turnover_candidate	no_detected_CRE	no_detected_CRE	no_detected_CRE	no_detected_CRE	uncertain	no_detected_CRE	no_detected_CRE	no_detected_CRE	present	no_detected_CRE	uncertain	no_detected_CRE	no_detected_CRE	turnover_candidate	turnover_candidate
DMEL_CRE_00159	no_detected_CRE	no_detected_CRE	no_detected_CRE	no_detected_CRE	no_detected_CRE	no_detected_CRE	no_detected_CRE	no_detected_CRE	no_detected_CRE	present	no_detected_CRE	no_detected_CRE	no_detected_CRE	no_detected_CRE	no_detected_CRE	no_detected_CRE	no_detected_CRE	no_detected_CRE	no_detected_CRE	no_detected_CRE	no_detected_CRE	no_detected_CRE	uncertain	uncertain	uncertain	no_detected_CRE	uncertain	no_detected_CRE	no_detected_CRE	no_detected_CRE	uncertain	no_detected_CRE	no_detected_CRE	no_detected_CRE	no_detected_CRE	no_detected_CRE	no_detected_CRE	no_detected_CRE	no_detected_CRE
DMEL_CRE_00160	uncertain	uncertain	no_detected_CRE	uncertain	uncertain	uncertain	uncertain	uncertain	uncertain	uncertain	uncertain	uncertain	uncertain	uncertain	no_detected_CRE	no_detected_CRE	uncertain	uncertain	no_detected_CRE	no_detected_CRE	uncertain	uncertain	uncertain	uncertain	uncertain	uncertain	uncertain	uncertain	uncertain	uncertain	uncertain	uncertain	no_detected_CRE	uncertain	uncertain	uncertain	uncertain	no_detected_CRE	no_detected_CRE
DMEL_CRE_00161	no_detected_CRE	no_detected_CRE	no_detected_CRE	no_detected_CRE	no_detected_CRE	no_detected_CRE	no_detected_CRE	no_detected_CRE	no_detected_CRE	no_detected_CRE	no_detected_CRE	no_detected_CRE	turnover_candidate	no_detected_CRE	no_detected_CRE	no_detected_CRE	no_detected_CRE	no_detected_CRE	no_detected_CRE	no_detected_CRE	no_detected_CRE	no_detected_CRE	no_detected_CRE	no_detected_CRE	no_detected_CRE	no_detected_CRE	no_detected_CRE	no_detected_CRE	no_detected_CRE	no_detected_CRE	no_detected_CRE	no_detected_CRE	no_detected_CRE	no_detected_CRE	no_detected_CRE	no_detected_CRE	no_detected_CRE	no_detected_CRE	present
DMEL_CRE_00162	no_detected_CRE	no_detected_CRE	no_detected_CRE	no_detected_CRE	turnover_candidate	present	no_detected_CRE	turnover_candidate	no_detected_CRE	no_detected_CRE	no_detected_CRE	no_detected_CRE	no_detected_CRE	no_detected_CRE	no_detected_CRE	no_detected_CRE	no_detected_CRE	no_detected_CRE	no_detected_CRE	no_detected_CRE	turnover_candidate	no_detected_CRE	no_detected_CRE	present	no_detected_CRE	no_detected_CRE	no_detected_CRE	no_detected_CRE	no_detected_CRE	no_detected_CRE	no_detected_CRE	no_detected_CRE	no_detected_CRE	no_detected_CRE	no_detected_CRE	no_detected_CRE	no_detected_CRE	no_detected_CRE	no_detected_CRE
DMEL_CRE_00163	uncertain	no_detected_CRE	no_detected_CRE	no_detected_CRE	uncertain	uncertain	uncertain	uncertain	no_detected_CRE	uncertain	uncertain	no_detected_CRE	uncertain	uncertain	no_detected_CRE	no_detected_CRE	uncertain	uncertain	no_detected_CRE	no_detected_CRE	uncertain	uncertain	uncertain	uncertain	uncertain	uncertain	uncertain	no_detected_CRE	uncertain	uncertain	uncertain	uncertain	no_detected_CRE	uncertain	uncertain	uncertain	uncertain	no_detected_CRE	present
DMEL_CRE_00164	turnover_candidate	turnover_candidate	turnover_candidate	turnover_candidate	uncertain	turnover_candidate	no_detected_CRE	turnover_candidate	turnover_candidate	turnover_candidate	no_detected_CRE	turnover_candidate	turnover_candidate	turnover_candidate	turnover_candidate	turnover_candidate	turnover_candidate	no_detected_CRE	turnover_candidate	turnover_candidate	uncertain	turnover_candidate	no_detected_CRE	turnover_candidate	turnover_candidate	turnover_candidate	turnover_candidate	no_detected_CRE	no_detected_CRE	turnover_candidate	turnover_candidate	turnover_candidate	present	turnover_candidate	no_detected_CRE	no_detected_CRE	turnover_candidate	turnover_candidate	turnover_candidate
DMEL_CRE_00165	no_detected_CRE	no_detected_CRE	turnover_candidate	turnover_candidate	uncertain	turnover_candidate	no_detected_CRE	turnover_candidate	turnover_candidate	no_detected_CRE	uncertain	no_detected_CRE	no_detected_CRE	no_detected_CRE	no_detected_CRE	no_detected_CRE	no_detected_CRE	uncertain	no_detected_CRE	no_detected_CRE	uncertain	uncertain	no_detected_CRE	no_detected_CRE	uncertain	no_detected_CRE	uncertain	no_detected_CRE	uncertain	turnover_candidate	uncertain	uncertain	no_detected_CRE	uncertain	uncertain	no_detected_CRE	uncertain	no_detected_CRE	present
DMEL_CRE_00166	turnover_candidate	present	no_detected_CRE	no_detected_CRE	no_detected_CRE	no_detected_CRE	uncertain	no_detected_CRE	no_detected_CRE	no_detected_CRE	no_detected_CRE	turnover_candidate	no_detected_CRE	no_detected_CRE	no_detected_CRE	no_detected_CRE	no_detected_CRE	no_detected_CRE	no_detected_CRE	present	no_detected_CRE	no_detected_CRE	no_detected_CRE	no_detected_CRE	no_detected_CRE	no_detected_CRE	no_detected_CRE	no_detected_CRE	no_detected_CRE	no_detected_CRE	no_detected_CRE	no_detected_CRE	no_detected_CRE	no_detected_CRE	no_detected_CRE	no_detected_CRE	no_detected_CRE	no_detected_CRE	present
DMEL_CRE_00167	present	turnover_candidate	turnover_candidate	no_detected_CRE	uncertain	turnover_candidate	uncertain	turnover_candidate	turnover_candidate	present	turnover_candidate	no_detected_CRE	present	uncertain	uncertain	no_detected_CRE	turnover_candidate	no_detected_CRE	no_detected_CRE	no_detected_CRE	uncertain	no_detected_CRE	uncertain	uncertain	no_detected_CRE	present	turnover_candidate	no_detected_CRE	no_detected_CRE	uncertain	no_detected_CRE	uncertain	no_detected_CRE	uncertain	no_detected_CRE	no_detected_CRE	turnover_candidate	turnover_candidate	no_detected_CRE
DMEL_CRE_00168	turnover_candidate	no_detected_CRE	no_detected_CRE	no_detected_CRE	no_detected_CRE	no_detected_CRE	no_detected_CRE	no_detected_CRE	no_detected_CRE	no_detected_CRE	no_detected_CRE	no_detected_CRE	no_detected_CRE	no_detected_CRE	no_detected_CRE	no_detected_CRE	no_detected_CRE	no_detected_CRE	no_detected_CRE	turnover_candidate	no_detected_CRE	uncertain	no_detected_CRE	no_detected_CRE	no_detected_CRE	no_detected_CRE	uncertain	no_detected_CRE	uncertain	uncertain	no_detected_CRE	uncertain	no_detected_CRE	uncertain	uncertain	uncertain	uncertain	turnover_candidate	no_detected_CRE
DMEL_CRE_00169	no_detected_CRE	no_detected_CRE	turnover_candidate	no_detected_CRE	turnover_candidate	present	no_detected_CRE	uncertain	no_detected_CRE	turnover_candidate	present	no_detected_CRE	turnover_candidate	uncertain	no_detected_CRE	no_detected_CRE	no_detected_CRE	present	present	no_detected_CRE	turnover_candidate	no_detected_CRE	uncertain	uncertain	uncertain	turnover_candidate	turnover_candidate	present	turnover_candidate	turnover_candidate	no_detected_CRE	turnover_candidate	present	turnover_candidate	turnover_candidate	present	turnover_candidate	turnover_candidate	no_detected_CRE
DMEL_CRE_00170	no_detected_CRE	no_detected_CRE	turnover_candidate	turnover_candidate	uncertain	uncertain	uncertain	uncertain	turnover_candidate	no_detected_CRE	uncertain	turnover_candidate	no_detected_CRE	uncertain	turnover_candidate	no_detected_CRE	turnover_candidate	uncertain	no_detected_CRE	no_detected_CRE	uncertain	uncertain	uncertain	uncertain	uncertain	no_detected_CRE	uncertain	no_detected_CRE	uncertain	uncertain	uncertain	uncertain	no_detected_CRE	uncertain	uncertain	uncertain	uncertain	turnover_candidate	no_detected_CRE
DMEL_CRE_00171	no_detected_CRE	no_detected_CRE	no_detected_CRE	no_detected_CRE	turnover_candidate	no_detected_CRE	no_detected_CRE	no_detected_CRE	no_detected_CRE	no_detected_CRE	no_detected_CRE	no_detected_CRE	no_detected_CRE	no_detected_CRE	no_detected_CRE	no_detected_CRE	no_detected_CRE	no_detected_CRE	present	no_detected_CRE	no_detected_CRE	no_detected_CRE	no_detected_CRE	present	no_detected_CRE	no_detected_CRE	no_detected_CRE	no_detected_CRE	no_detected_CRE	no_detected_CRE	no_detected_CRE	no_detected_CRE	present	no_detected_CRE	no_detected_CRE	no_detected_CRE	no_detected_CRE	no_detected_CRE	present
DMEL_CRE_00172	turnover_candidate	turnover_candidate	no_detected_CRE	no_detected_CRE	uncertain	uncertain	uncertain	uncertain	no_detected_CRE	turnover_candidate	no_detected_CRE	turnover_candidate	no_detected_CRE	uncertain	turnover_candidate	no_detected_CRE	turnover_candidate	uncertain	no_detected_CRE	no_detected_CRE	uncertain	uncertain	uncertain	uncertain	uncertain	turnover_candidate	uncertain	no_detected_CRE	no_detected_CRE	uncertain	uncertain	uncertain	no_detected_CRE	uncertain	uncertain	uncertain	uncertain	no_detected_CRE	no_detected_CRE
DMEL_CRE_00173	uncertain	uncertain	uncertain	no_detected_CRE	uncertain	uncertain	uncertain	uncertain	uncertain	uncertain	uncertain	no_detected_CRE	uncertain	uncertain	uncertain	no_detected_CRE	uncertain	uncertain	no_detected_CRE	no_detected_CRE	uncertain	uncertain	uncertain	uncertain	uncertain	uncertain	uncertain	uncertain	uncertain	uncertain	uncertain	uncertain	no_detected_CRE	uncertain	uncertain	uncertain	uncertain	uncertain	present
DMEL_CRE_00174	uncertain	uncertain	turnover_candidate	turnover_candidate	no_detected_CRE	uncertain	uncertain	uncertain	turnover_candidate	turnover_candidate	uncertain	uncertain	turnover_candidate	uncertain	turnover_candidate	turnover_candidate	uncertain	uncertain	no_detected_CRE	turnover_candidate	uncertain	turnover_candidate	uncertain	uncertain	uncertain	uncertain	turnover_candidate	no_detected_CRE	no_detected_CRE	uncertain	uncertain	uncertain	turnover_candidate	uncertain	turnover_candidate	uncertain	uncertain	turnover_candidate	turnover_candidate
DMEL_CRE_00175	turnover_candidate	present	turnover_candidate	turnover_candidate	no_detected_CRE	no_detected_CRE	turnover_candidate	uncertain	turnover_candidate	uncertain	turnover_candidate	turnover_candidate	uncertain	uncertain	turnover_candidate	turnover_candidate	turnover_candidate	turnover_candidate	no_detected_CRE	turnover_candidate	turnover_candidate	turnover_candidate	no_detected_CRE	turnover_candidate	turnover_candidate	turnover_candidate	uncertain	no_detected_CRE	no_detected_CRE	turnover_candidate	uncertain	turnover_candidate	turnover_candidate	turnover_candidate	turnover_candidate	turnover_candidate	turnover_candidate	turnover_candidate	turnover_candidate
DMEL_CRE_00176	present	present	no_detected_CRE	present	uncertain	uncertain	uncertain	uncertain	no_detected_CRE	no_detected_CRE	uncertain	no_detected_CRE	no_detected_CRE	uncertain	no_detected_CRE	present	turnover_candidate	uncertain	turnover_candidate	present	turnover_candidate	uncertain	uncertain	uncertain	uncertain	present	uncertain	no_detected_CRE	uncertain	uncertain	uncertain	uncertain	no_detected_CRE	present	uncertain	uncertain	no_detected_CRE	no_detected_CRE	no_detected_CRE
DMEL_CRE_00177	uncertain	uncertain	uncertain	uncertain	uncertain	uncertain	uncertain	uncertain	no_detected_CRE	uncertain	uncertain	uncertain	no_detected_CRE	uncertain	uncertain	no_detected_CRE	uncertain	uncertain	no_detected_CRE	no_detected_CRE	uncertain	uncertain	uncertain	uncertain	uncertain	uncertain	uncertain	uncertain	uncertain	uncertain	uncertain	uncertain	no_detected_CRE	uncertain	uncertain	uncertain	uncertain	uncertain	no_detected_CRE
DMEL_CRE_00178	no_detected_CRE	no_detected_CRE	turnover_candidate	present	turnover_candidate	uncertain	no_detected_CRE	no_detected_CRE	turnover_candidate	turnover_candidate	no_detected_CRE	turnover_candidate	turnover_candidate	present	present	turnover_candidate	turnover_candidate	no_detected_CRE	turnover_candidate	turnover_candidate	turnover_candidate	no_detected_CRE	turnover_candidate	turnover_candidate	uncertain	turnover_candidate	no_detected_CRE	turnover_candidate	turnover_candidate	turnover_candidate	turnover_candidate	no_detected_CRE	turnover_candidate	turnover_candidate	no_detected_CRE	no_detected_CRE	turnover_candidate	turnover_candidate	turnover_candidate
DMEL_CRE_00179	no_detected_CRE	no_detected_CRE	no_detected_CRE	no_detected_CRE	no_detected_CRE	no_detected_CRE	no_detected_CRE	no_detected_CRE	no_detected_CRE	no_detected_CRE	no_detected_CRE	no_detected_CRE	no_detected_CRE	no_detected_CRE	no_detected_CRE	no_detected_CRE	no_detected_CRE	no_detected_CRE	no_detected_CRE	no_detected_CRE	no_detected_CRE	no_detected_CRE	no_detected_CRE	no_detected_CRE	no_detected_CRE	no_detected_CRE	no_detected_CRE	no_detected_CRE	no_detected_CRE	no_detected_CRE	no_detected_CRE	no_detected_CRE	no_detected_CRE	no_detected_CRE	no_detected_CRE	no_detected_CRE	no_detected_CRE	no_detected_CRE	no_detected_CRE
DMEL_CRE_00180	no_detected_CRE	no_detected_CRE	no_detected_CRE	no_detected_CRE	turnover_candidate	no_detected_CRE	no_detected_CRE	no_detected_CRE	no_detected_CRE	no_detected_CRE	uncertain	no_detected_CRE	no_detected_CRE	no_detected_CRE	no_detected_CRE	no_detected_CRE	no_detected_CRE	uncertain	no_detected_CRE	no_detected_CRE	uncertain	uncertain	no_detected_CRE	no_detected_CRE	no_detected_CRE	no_detected_CRE	uncertain	no_detected_CRE	uncertain	uncertain	no_detected_CRE	uncertain	no_detected_CRE	uncertain	uncertain	uncertain	uncertain	no_detected_CRE	no_detected_CRE
DMEL_CRE_00181	uncertain	uncertain	uncertain	uncertain	uncertain	uncertain	uncertain	uncertain	no_detected_CRE	uncertain	uncertain	uncertain	uncertain	uncertain	no_detected_CRE	uncertain	uncertain	uncertain	no_detected_CRE	no_detected_CRE	uncertain	uncertain	uncertain	uncertain	uncertain	uncertain	uncertain	uncertain	uncertain	uncertain	uncertain	uncertain	no_detected_CRE	uncertain	uncertain	uncertain	uncertain	uncertain	turnover_candidate
DMEL_CRE_00182	no_detected_CRE	no_detected_CRE	no_detected_CRE	turnover_candidate	no_detected_CRE	no_detected_CRE	uncertain	no_detected_CRE	turnover_candidate	no_detected_CRE	no_detected_CRE	no_detected_CRE	turnover_candidate	no_detected_CRE	no_detected_CRE	turnover_candidate	no_detected_CRE	no_detected_CRE	no_detected_CRE	turnover_candidate	no_detected_CRE	uncertain	turnover_candidate	uncertain	turnover_candidate	no_detected_CRE	no_detected_CRE	no_detected_CRE	uncertain	uncertain	uncertain	no_detected_CRE	no_detected_CRE	no_detected_CRE	no_detected_CRE	uncertain	no_detected_CRE	no_detected_CRE	no_detected_CRE
DMEL_CRE_00183	turnover_candidate	no_detected_CRE	no_detected_CRE	no_detected_CRE	no_detected_CRE	no_detected_CRE	uncertain	no_detected_CRE	turnover_candidate	turnover_candidate	no_detected_CRE	no_detected_CRE	turnover_candidate	uncertain	no_detected_CRE	turnover_candidate	no_detected_CRE	uncertain	no_detected_CRE	no_detected_CRE	no_detected_CRE	uncertain	uncertain	no_detected_CRE	uncertain	no_detected_CRE	uncertain	no_detected_CRE	uncertain	uncertain	uncertain	uncertain	no_detected_CRE	uncertain	uncertain	uncertain	uncertain	no_detected_CRE	present
DMEL_CRE_00184	no_detected_CRE	no_detected_CRE	present	no_detected_CRE	no_detected_CRE	uncertain	no_detected_CRE	uncertain	no_detected_CRE	no_detected_CRE	uncertain	present	present	no_detected_CRE	no_detected_CRE	no_detected_CRE	present	uncertain	no_detected_CRE	present	no_detected_CRE	no_detected_CRE	uncertain	uncertain	uncertain	no_detected_CRE	uncertain	present	no_detected_CRE	uncertain	no_detected_CRE	no_detected_CRE	no_detected_CRE	present	uncertain	uncertain	present	no_detected_CRE	no_detected_CRE
DMEL_CRE_00185	no_detected_CRE	no_detected_CRE	no_detected_CRE	no_detected_CRE	uncertain	uncertain	uncertain	uncertain	no_detected_CRE	no_detected_CRE	no_detected_CRE	no_detected_CRE	no_detected_CRE	uncertain	no_detected_CRE	no_detected_CRE	no_detected_CRE	uncertain	no_detected_CRE	no_detected_CRE	uncertain	no_detected_CRE	no_detected_CRE	no_detected_CRE	uncertain	no_detected_CRE	uncertain	no_detected_CRE	uncertain	uncertain	uncertain	uncertain	no_detected_CRE	uncertain	uncertain	turnover_candidate	uncertain	no_detected_CRE	no_detected_CRE
DMEL_CRE_00186	no_detected_CRE	present	turnover_candidate	turnover_candidate	uncertain	turnover_candidate	present	present	turnover_candidate	no_detected_CRE	present	no_detected_CRE	no_detected_CRE	no_detected_CRE	turnover_candidate	turnover_candidate	no_detected_CRE	present	no_detected_CRE	present	uncertain	uncertain	uncertain	uncertain	uncertain	present	uncertain	turnover_candidate	no_detected_CRE	uncertain	uncertain	uncertain	turnover_candidate	no_detected_CRE	uncertain	uncertain	no_detected_CRE	turnover_candidate	turnover_candidate
DMEL_CRE_00187	present	no_detected_CRE	present	present	uncertain	uncertain	uncertain	uncertain	present	no_detected_CRE	uncertain	no_detected_CRE	no_detected_CRE	uncertain	no_detected_CRE	no_detected_CRE	present	uncertain	no_detected_CRE	present	uncertain	uncertain	uncertain	uncertain	uncertain	present	uncertain	turnover_candidate	uncertain	uncertain	uncertain	uncertain	present	uncertain	uncertain	uncertain	uncertain	present	present
DMEL_CRE_00188	uncertain	uncertain	no_detected_CRE	uncertain	uncertain	uncertain	uncertain	uncertain	uncertain	uncertain	uncertain	uncertain	uncertain	uncertain	no_detected_CRE	no_detected_CRE	uncertain	uncertain	present	no_detected_CRE	uncertain	uncertain	uncertain	uncertain	uncertain	uncertain	uncertain	uncertain	uncertain	uncertain	uncertain	uncertain	uncertain	uncertain	uncertain	uncertain	uncertain	uncertain	present
DMEL_CRE_00189	present	turnover_candidate	no_detected_CRE	no_detected_CRE	no_detected_CRE	no_detected_CRE	turnover_candidate	no_detected_CRE	no_detected_CRE	present	no_detected_CRE	no_detected_CRE	present	no_detected_CRE	no_detected_CRE	turnover_candidate	present	no_detected_CRE	present	present	no_detected_CRE	present	turnover_candidate	no_detected_CRE	no_detected_CRE	present	no_detected_CRE	no_detected_CRE	present	no_detected_CRE	uncertain	no_detected_CRE	present	no_detected_CRE	no_detected_CRE	turnover_candidate	no_detected_CRE	no_detected_CRE	present
DMEL_CRE_00190	no_detected_CRE	no_detected_CRE	no_detected_CRE	no_detected_CRE	no_detected_CRE	no_detected_CRE	no_detected_CRE	no_detected_CRE	no_detected_CRE	no_detected_CRE	no_detected_CRE	no_detected_CRE	no_detected_CRE	no_detected_CRE	no_detected_CRE	no_detected_CRE	no_detected_CRE	no_detected_CRE	no_detected_CRE	present	no_detected_CRE	no_detected_CRE	no_detected_CRE	no_detected_CRE	no_detected_CRE	no_detected_CRE	no_detected_CRE	no_detected_CRE	no_detected_CRE	no_detected_CRE	no_detected_CRE	no_detected_CRE	no_detected_CRE	no_detected_CRE	no_detected_CRE	no_detected_CRE	no_detected_CRE	no_detected_CRE	no_detected_CRE
DMEL_CRE_00191	no_detected_CRE	no_detected_CRE	no_detected_CRE	no_detected_CRE	no_detected_CRE	no_detected_CRE	no_detected_CRE	no_detected_CRE	no_detected_CRE	no_detected_CRE	no_detected_CRE	no_detected_CRE	no_detected_CRE	uncertain	no_detected_CRE	no_detected_CRE	no_detected_CRE	no_detected_CRE	no_detected_CRE	no_detected_CRE	no_detected_CRE	no_detected_CRE	uncertain	uncertain	no_detected_CRE	no_detected_CRE	no_detected_CRE	no_detected_CRE	no_detected_CRE	no_detected_CRE	no_detected_CRE	no_detected_CRE	no_detected_CRE	no_detected_CRE	no_detected_CRE	no_detected_CRE	no_detected_CRE	no_detected_CRE	no_detected_CRE
DMEL_CRE_00192	uncertain	uncertain	uncertain	uncertain	uncertain	uncertain	uncertain	uncertain	uncertain	uncertain	uncertain	uncertain	uncertain	uncertain	uncertain	uncertain	uncertain	uncertain	uncertain	uncertain	uncertain	uncertain	uncertain	uncertain	uncertain	uncertain	uncertain	uncertain	uncertain	uncertain	uncertain	uncertain	uncertain	uncertain	uncertain	uncertain	uncertain	uncertain	uncertain
DMEL_CRE_00193	turnover_candidate	turnover_candidate	no_detected_CRE	turnover_candidate	no_detected_CRE	uncertain	no_detected_CRE	uncertain	present	turnover_candidate	uncertain	turnover_candidate	turnover_candidate	turnover_candidate	present	present	turnover_candidate	uncertain	no_detected_CRE	present	no_detected_CRE	uncertain	uncertain	turnover_candidate	turnover_candidate	turnover_candidate	uncertain	present	uncertain	uncertain	no_detected_CRE	no_detected_CRE	no_detected_CRE	uncertain	uncertain	uncertain	uncertain	turnover_candidate	no_detected_CRE
DMEL_CRE_00194	no_detected_CRE	no_detected_CRE	no_detected_CRE	no_detected_CRE	uncertain	uncertain	uncertain	uncertain	no_detected_CRE	no_detected_CRE	uncertain	no_detected_CRE	no_detected_CRE	uncertain	no_detected_CRE	no_detected_CRE	no_detected_CRE	uncertain	no_detected_CRE	no_detected_CRE	uncertain	uncertain	no_detected_CRE	no_detected_CRE	uncertain	no_detected_CRE	no_detected_CRE	no_detected_CRE	no_detected_CRE	uncertain	uncertain	uncertain	no_detected_CRE	no_detected_CRE	no_detected_CRE	uncertain	no_detected_CRE	no_detected_CRE	present
DMEL_CRE_00195	no_detected_CRE	no_detected_CRE	present	no_detected_CRE	uncertain	uncertain	uncertain	uncertain	no_detected_CRE	no_detected_CRE	uncertain	uncertain	uncertain	uncertain	no_detected_CRE	no_detected_CRE	no_detected_CRE	uncertain	no_detected_CRE	no_detected_CRE	uncertain	uncertain	uncertain	uncertain	uncertain	no_detected_CRE	uncertain	no_detected_CRE	uncertain	uncertain	uncertain	uncertain	no_detected_CRE	uncertain	uncertain	uncertain	uncertain	no_detected_CRE	no_detected_CRE
DMEL_CRE_00196	no_detected_CRE	no_detected_CRE	no_detected_CRE	turnover_candidate	uncertain	uncertain	turnover_candidate	uncertain	no_detected_CRE	no_detected_CRE	uncertain	no_detected_CRE	no_detected_CRE	uncertain	no_detected_CRE	present	turnover_candidate	uncertain	present	no_detected_CRE	uncertain	uncertain	uncertain	uncertain	no_detected_CRE	no_detected_CRE	uncertain	present	uncertain	no_detected_CRE	no_detected_CRE	no_detected_CRE	present	uncertain	uncertain	no_detected_CRE	no_detected_CRE	present	present
DMEL_CRE_00197	turnover_candidate	turnover_candidate	turnover_candidate	no_detected_CRE	turnover_candidate	no_detected_CRE	turnover_candidate	turnover_candidate	present	no_detected_CRE	turnover_candidate	turnover_candidate	turnover_candidate	turnover_candidate	turnover_candidate	present	no_detected_CRE	turnover_candidate	present	turnover_candidate	turnover_candidate	turnover_candidate	present	no_detected_CRE	present	present	turnover_candidate	turnover_candidate	uncertain	turnover_candidate	turnover_candidate	no_detected_CRE	present	turnover_candidate	turnover_candidate	turnover_candidate	turnover_candidate	turnover_candidate	turnover_candidate
DMEL_CRE_00198	turnover_candidate	turnover_candidate	no_detected_CRE	no_detected_CRE	turnover_candidate	turnover_candidate	no_detected_CRE	turnover_candidate	no_detected_CRE	turnover_candidate	turnover_candidate	turnover_candidate	turnover_candidate	turnover_candidate	no_detected_CRE	no_detected_CRE	no_detected_CRE	turnover_candidate	turnover_candidate	no_detected_CRE	turnover_candidate	turnover_candidate	no_detected_CRE	turnover_candidate	no_detected_CRE	turnover_candidate	turnover_candidate	no_detected_CRE	no_detected_CRE	turnover_candidate	turnover_candidate	turnover_candidate	no_detected_CRE	no_detected_CRE	turnover_candidate	no_detected_CRE	turnover_candidate	no_detected_CRE	no_detected_CRE
DMEL_CRE_00199	no_detected_CRE	present	no_detected_CRE	no_detected_CRE	no_detected_CRE	no_detected_CRE	no_detected_CRE	no_detected_CRE	no_detected_CRE	no_detected_CRE	no_detected_CRE	no_detected_CRE	no_detected_CRE	no_detected_CRE	no_detected_CRE	no_detected_CRE	no_detected_CRE	no_detected_CRE	present	no_detected_CRE	no_detected_CRE	present	no_detected_CRE	no_detected_CRE	no_detected_CRE	no_detected_CRE	no_detected_CRE	no_detected_CRE	no_detected_CRE	no_detected_CRE	no_detected_CRE	no_detected_CRE	present	no_detected_CRE	no_detected_CRE	uncertain	no_detected_CRE	no_detected_CRE	no_detected_CRE
DMEL_CRE_00200	no_detected_CRE	no_detected_CRE	no_detected_CRE	no_detected_CRE	no_detected_CRE	no_detected_CRE	turnover_candidate	no_detected_CRE	no_detected_CRE	no_detected_CRE	no_detected_CRE	no_detected_CRE	no_detected_CRE	present	no_detected_CRE	no_detected_CRE	turnover_candidate	no_detected_CRE	present	present	no_detected_CRE	no_detected_CRE	no_detected_CRE	no_detected_CRE	no_detected_CRE	no_detected_CRE	turnover_candidate	no_detected_CRE	no_detected_CRE	no_detected_CRE	turnover_candidate	turnover_candidate	no_detected_CRE	no_detected_CRE	no_detected_CRE	uncertain	no_detected_CRE	no_detected_CRE	present
DMEL_CRE_00201	no_detected_CRE	no_detected_CRE	present	no_detected_CRE	uncertain	uncertain	uncertain	uncertain	no_detected_CRE	turnover_candidate	uncertain	turnover_candidate	no_detected_CRE	uncertain	no_detected_CRE	no_detected_CRE	no_detected_CRE	uncertain	turnover_candidate	present	uncertain	uncertain	uncertain	uncertain	uncertain	no_detected_CRE	uncertain	no_detected_CRE	uncertain	uncertain	uncertain	uncertain	no_detected_CRE	uncertain	uncertain	uncertain	uncertain	turnover_candidate	present
DMEL_CRE_00202	no_detected_CRE	no_detected_CRE	present	no_detected_CRE	uncertain	no_detected_CRE	turnover_candidate	no_detected_CRE	present	no_detected_CRE	no_detected_CRE	no_detected_CRE	no_detected_CRE	no_detected_CRE	no_detected_CRE	turnover_candidate	no_detected_CRE	no_detected_CRE	present	present	uncertain	no_detected_CRE	no_detected_CRE	no_detected_CRE	turnover_candidate	no_detected_CRE	turnover_candidate	no_detected_CRE	no_detected_CRE	turnover_candidate	no_detected_CRE	no_detected_CRE	present	turnover_candidate	no_detected_CRE	no_detected_CRE	no_detected_CRE	no_detected_CRE	present
DMEL_CRE_00203	no_detected_CRE	no_detected_CRE	no_detected_CRE	no_detected_CRE	uncertain	turnover_candidate	no_detected_CRE	no_detected_CRE	no_detected_CRE	no_detected_CRE	turnover_candidate	no_detected_CRE	no_detected_CRE	no_detected_CRE	present	turnover_candidate	no_detected_CRE	turnover_candidate	present	present	uncertain	no_detected_CRE	turnover_candidate	no_detected_CRE	turnover_candidate	no_detected_CRE	turnover_candidate	turnover_candidate	turnover_candidate	uncertain	turnover_candidate	no_detected_CRE	turnover_candidate	turnover_candidate	turnover_candidate	no_detected_CRE	turnover_candidate	no_detected_CRE	present
DMEL_CRE_00204	no_detected_CRE	no_detected_CRE	no_detected_CRE	no_detected_CRE	no_detected_CRE	no_detected_CRE	no_detected_CRE	no_detected_CRE	no_detected_CRE	no_detected_CRE	no_detected_CRE	no_detected_CRE	no_detected_CRE	no_detected_CRE	no_detected_CRE	no_detected_CRE	no_detected_CRE	no_detected_CRE	no_detected_CRE	no_detected_CRE	no_detected_CRE	no_detected_CRE	present	present	no_detected_CRE	no_detected_CRE	turnover_candidate	no_detected_CRE	no_detected_CRE	no_detected_CRE	turnover_candidate	turnover_candidate	no_detected_CRE	turnover_candidate	turnover_candidate	no_detected_CRE	no_detected_CRE	no_detected_CRE	no_detected_CRE
DMEL_CRE_00205	present	present	present	present	uncertain	uncertain	uncertain	uncertain	present	present	uncertain	present	present	uncertain	present	present	present	uncertain	present	present	uncertain	uncertain	uncertain	uncertain	uncertain	present	uncertain	present	uncertain	uncertain	uncertain	uncertain	present	uncertain	uncertain	uncertain	uncertain	present	present
DMEL_CRE_00206	present	present	no_detected_CRE	no_detected_CRE	no_detected_CRE	no_detected_CRE	present	no_detected_CRE	no_detected_CRE	no_detected_CRE	turnover_candidate	no_detected_CRE	no_detected_CRE	no_detected_CRE	present	no_detected_CRE	turnover_candidate	no_detected_CRE	present	present	no_detected_CRE	no_detected_CRE	present	no_detected_CRE	no_detected_CRE	no_detected_CRE	no_detected_CRE	present	no_detected_CRE	no_detected_CRE	no_detected_CRE	no_detected_CRE	present	turnover_candidate	no_detected_CRE	present	no_detected_CRE	turnover_candidate	present
DMEL_CRE_00207	no_detected_CRE	no_detected_CRE	no_detected_CRE	no_detected_CRE	uncertain	uncertain	uncertain	uncertain	no_detected_CRE	uncertain	uncertain	turnover_candidate	uncertain	uncertain	no_detected_CRE	no_detected_CRE	turnover_candidate	uncertain	no_detected_CRE	no_detected_CRE	uncertain	uncertain	uncertain	uncertain	uncertain	present	uncertain	uncertain	uncertain	uncertain	uncertain	uncertain	no_detected_CRE	no_detected_CRE	uncertain	uncertain	no_detected_CRE	no_detected_CRE	no_detected_CRE
DMEL_CRE_00208	no_detected_CRE	no_detected_CRE	no_detected_CRE	no_detected_CRE	no_detected_CRE	uncertain	no_detected_CRE	uncertain	no_detected_CRE	no_detected_CRE	no_detected_CRE	turnover_candidate	turnover_candidate	no_detected_CRE	no_detected_CRE	no_detected_CRE	present	no_detected_CRE	no_detected_CRE	no_detected_CRE	turnover_candidate	no_detected_CRE	uncertain	uncertain	uncertain	turnover_candidate	uncertain	no_detected_CRE	no_detected_CRE	no_detected_CRE	turnover_candidate	no_detected_CRE	no_detected_CRE	no_detected_CRE	turnover_candidate	no_detected_CRE	no_detected_CRE	no_detected_CRE	no_detected_CRE
DMEL_CRE_00209	turnover_candidate	no_detected_CRE	turnover_candidate	turnover_candidate	turnover_candidate	uncertain	uncertain	uncertain	no_detected_CRE	no_detected_CRE	uncertain	turnover_candidate	turnover_candidate	uncertain	turnover_candidate	turnover_candidate	no_detected_CRE	uncertain	turnover_candidate	no_detected_CRE	uncertain	uncertain	no_detected_CRE	no_detected_CRE	no_detected_CRE	turnover_candidate	uncertain	turnover_candidate	uncertain	uncertain	uncertain	uncertain	turnover_candidate	uncertain	uncertain	uncertain	uncertain	turnover_candidate	no_detected_CRE
DMEL_CRE_00210	no_detected_CRE	uncertain	no_detected_CRE	no_detected_CRE	present	no_detected_CRE	uncertain	no_detected_CRE	no_detected_CRE	no_detected_CRE	no_detected_CRE	no_detected_CRE	no_detected_CRE	no_detected_CRE	no_detected_CRE	no_detected_CRE	no_detected_CRE	no_detected_CRE	no_detected_CRE	no_detected_CRE	present	uncertain	turnover_candidate	turnover_candidate	uncertain	no_detected_CRE	turnover_candidate	no_detected_CRE	no_detected_CRE	no_detected_CRE	no_detected_CRE	uncertain	no_detected_CRE	no_detected_CRE	no_detected_CRE	no_detected_CRE	turnover_candidate	no_detected_CRE	no_detected_CRE
DMEL_CRE_00211	no_detected_CRE	no_detected_CRE	no_detected_CRE	no_detected_CRE	uncertain	uncertain	uncertain	uncertain	no_detected_CRE	no_detected_CRE	uncertain	no_detected_CRE	no_detected_CRE	uncertain	no_detected_CRE	no_detected_CRE	uncertain	uncertain	no_detected_CRE	present	uncertain	uncertain	uncertain	uncertain	uncertain	no_detected_CRE	uncertain	no_detected_CRE	uncertain	uncertain	uncertain	uncertain	no_detected_CRE	uncertain	uncertain	uncertain	uncertain	no_detected_CRE	present
DMEL_CRE_00212	no_detected_CRE	no_detected_CRE	turnover_candidate	turnover_candidate	no_detected_CRE	uncertain	uncertain	uncertain	no_detected_CRE	no_detected_CRE	uncertain	no_detected_CRE	no_detected_CRE	uncertain	no_detected_CRE	no_detected_CRE	turnover_candidate	uncertain	present	no_detected_CRE	no_detected_CRE	uncertain	no_detected_CRE	uncertain	turnover_candidate	no_detected_CRE	uncertain	no_detected_CRE	uncertain	uncertain	uncertain	uncertain	no_detected_CRE	uncertain	uncertain	uncertain	uncertain	no_detected_CRE	present
DMEL_CRE_00213	uncertain	uncertain	no_detected_CRE	no_detected_CRE	uncertain	uncertain	uncertain	uncertain	no_detected_CRE	uncertain	uncertain	uncertain	uncertain	uncertain	no_detected_CRE	turnover_candidate	uncertain	uncertain	present	present	uncertain	uncertain	no_detected_CRE	uncertain	uncertain	uncertain	uncertain	no_detected_CRE	no_detected_CRE	uncertain	uncertain	uncertain	no_detected_CRE	turnover_candidate	uncertain	uncertain	no_detected_CRE	no_detected_CRE	present
DMEL_CRE_00214	no_detected_CRE	uncertain	no_detected_CRE	no_detected_CRE	no_detected_CRE	no_detected_CRE	no_detected_CRE	no_detected_CRE	no_detected_CRE	no_detected_CRE	no_detected_CRE	no_detected_CRE	no_detected_CRE	no_detected_CRE	no_detected_CRE	no_detected_CRE	no_detected_CRE	no_detected_CRE	no_detected_CRE	no_detected_CRE	no_detected_CRE	no_detected_CRE	no_detected_CRE	no_detected_CRE	no_detected_CRE	no_detected_CRE	no_detected_CRE	no_detected_CRE	no_detected_CRE	no_detected_CRE	no_detected_CRE	no_detected_CRE	no_detected_CRE	no_detected_CRE	no_detected_CRE	no_detected_CRE	no_detected_CRE	no_detected_CRE	no_detected_CRE
DMEL_CRE_00215	no_detected_CRE	no_detected_CRE	no_detected_CRE	no_detected_CRE	uncertain	present	uncertain	present	no_detected_CRE	no_detected_CRE	turnover_candidate	no_detected_CRE	no_detected_CRE	no_detected_CRE	no_detected_CRE	no_detected_CRE	no_detected_CRE	turnover_candidate	no_detected_CRE	no_detected_CRE	uncertain	no_detected_CRE	no_detected_CRE	present	no_detected_CRE	no_detected_CRE	no_detected_CRE	no_detected_CRE	no_detected_CRE	no_detected_CRE	no_detected_CRE	no_detected_CRE	no_detected_CRE	no_detected_CRE	no_detected_CRE	no_detected_CRE	no_detected_CRE	no_detected_CRE	no_detected_CRE
DMEL_CRE_00216	no_detected_CRE	no_detected_CRE	turnover_candidate	turnover_candidate	no_detected_CRE	uncertain	no_detected_CRE	uncertain	turnover_candidate	no_detected_CRE	no_detected_CRE	no_detected_CRE	no_detected_CRE	no_detected_CRE	no_detected_CRE	turnover_candidate	no_detected_CRE	no_detected_CRE	no_detected_CRE	turnover_candidate	no_detected_CRE	no_detected_CRE	no_detected_CRE	no_detected_CRE	no_detected_CRE	no_detected_CRE	uncertain	no_detected_CRE	uncertain	no_detected_CRE	uncertain	turnover_candidate	no_detected_CRE	uncertain	uncertain	turnover_candidate	uncertain	turnover_candidate	present
DMEL_CRE_00217	no_detected_CRE	no_detected_CRE	no_detected_CRE	no_detected_CRE	uncertain	no_detected_CRE	no_detected_CRE	no_detected_CRE	no_detected_CRE	no_detected_CRE	no_detected_CRE	no_detected_CRE	no_detected_CRE	uncertain	no_detected_CRE	no_detected_CRE	turnover_candidate	no_detected_CRE	present	no_detected_CRE	uncertain	no_detected_CRE	no_detected_CRE	no_detected_CRE	no_detected_CRE	no_detected_CRE	no_detected_CRE	no_detected_CRE	uncertain	uncertain	turnover_candidate	no_detected_CRE	present	no_detected_CRE	no_detected_CRE	no_detected_CRE	uncertain	present	present
DMEL_CRE_00218	no_detected_CRE	uncertain	no_detected_CRE	no_detected_CRE	no_detected_CRE	no_detected_CRE	no_detected_CRE	no_detected_CRE	present	no_detected_CRE	no_detected_CRE	no_detected_CRE	no_detected_CRE	no_detected_CRE	present	no_detected_CRE	no_detected_CRE	no_detected_CRE	no_detected_CRE	no_detected_CRE	no_detected_CRE	no_detected_CRE	no_detected_CRE	no_detected_CRE	no_detected_CRE	no_detected_CRE	no_detected_CRE	present	no_detected_CRE	no_detected_CRE	no_detected_CRE	no_detected_CRE	no_detected_CRE	no_detected_CRE	no_detected_CRE	no_detected_CRE	no_detected_CRE	no_detected_CRE	present
DMEL_CRE_00219	no_detected_CRE	uncertain	no_detected_CRE	no_detected_CRE	no_detected_CRE	no_detected_CRE	no_detected_CRE	no_detected_CRE	no_detected_CRE	no_detected_CRE	no_detected_CRE	no_detected_CRE	no_detected_CRE	no_detected_CRE	no_detected_CRE	no_detected_CRE	no_detected_CRE	no_detected_CRE	no_detected_CRE	no_detected_CRE	no_detected_CRE	no_detected_CRE	no_detected_CRE	no_detected_CRE	no_detected_CRE	no_detected_CRE	no_detected_CRE	present	no_detected_CRE	no_detected_CRE	no_detected_CRE	no_detected_CRE	no_detected_CRE	no_detected_CRE	no_detected_CRE	no_detected_CRE	no_detected_CRE	present	no_detected_CRE
DMEL_CRE_00220	turnover_candidate	turnover_candidate	no_detected_CRE	turnover_candidate	no_detected_CRE	uncertain	no_detected_CRE	no_detected_CRE	no_detected_CRE	turnover_candidate	no_detected_CRE	turnover_candidate	turnover_candidate	no_detected_CRE	turnover_candidate	present	turnover_candidate	no_detected_CRE	turnover_candidate	no_detected_CRE	no_detected_CRE	no_detected_CRE	no_detected_CRE	no_detected_CRE	no_detected_CRE	no_detected_CRE	uncertain	turnover_candidate	no_detected_CRE	no_detected_CRE	no_detected_CRE	no_detected_CRE	turnover_candidate	no_detected_CRE	no_detected_CRE	no_detected_CRE	no_detected_CRE	turnover_candidate	no_detected_CRE
DMEL_CRE_00221	uncertain	uncertain	turnover_candidate	turnover_candidate	uncertain	uncertain	uncertain	uncertain	no_detected_CRE	uncertain	uncertain	uncertain	uncertain	uncertain	uncertain	no_detected_CRE	uncertain	uncertain	no_detected_CRE	no_detected_CRE	uncertain	uncertain	uncertain	uncertain	uncertain	uncertain	uncertain	no_detected_CRE	uncertain	uncertain	uncertain	uncertain	turnover_candidate	uncertain	uncertain	uncertain	uncertain	no_detected_CRE	no_detected_CRE
DMEL_CRE_00222	no_detected_CRE	turnover_candidate	no_detected_CRE	no_detected_CRE	uncertain	uncertain	uncertain	uncertain	no_detected_CRE	no_detected_CRE	uncertain	turnover_candidate	turnover_candidate	uncertain	no_detected_CRE	no_detected_CRE	no_detected_CRE	uncertain	turnover_candidate	turnover_candidate	uncertain	no_detected_CRE	uncertain	uncertain	uncertain	no_detected_CRE	uncertain	no_detected_CRE	uncertain	turnover_candidate	uncertain	turnover_candidate	no_detected_CRE	uncertain	uncertain	uncertain	uncertain	no_detected_CRE	no_detected_CRE
DMEL_CRE_00223	turnover_candidate	no_detected_CRE	turnover_candidate	no_detected_CRE	no_detected_CRE	no_detected_CRE	present	no_detected_CRE	no_detected_CRE	turnover_candidate	no_detected_CRE	present	no_detected_CRE	present	no_detected_CRE	turnover_candidate	no_detected_CRE	no_detected_CRE	no_detected_CRE	present	present	present	turnover_candidate	turnover_candidate	uncertain	no_detected_CRE	no_detected_CRE	no_detected_CRE	present	present	no_detected_CRE	turnover_candidate	no_detected_CRE	no_detected_CRE	no_detected_CRE	no_detected_CRE	no_detected_CRE	no_detected_CRE	present
DMEL_CRE_00224	no_detected_CRE	no_detected_CRE	no_detected_CRE	no_detected_CRE	no_detected_CRE	no_detected_CRE	no_detected_CRE	no_detected_CRE	no_detected_CRE	no_detected_CRE	no_detected_CRE	no_detected_CRE	no_detected_CRE	no_detected_CRE	no_detected_CRE	no_detected_CRE	no_detected_CRE	no_detected_CRE	no_detected_CRE	no_detected_CRE	no_detected_CRE	no_detected_CRE	no_detected_CRE	no_detected_CRE	no_detected_CRE	no_detected_CRE	no_detected_CRE	no_detected_CRE	no_detected_CRE	no_detected_CRE	no_detected_CRE	no_detected_CRE	no_detected_CRE	no_detected_CRE	no_detected_CRE	no_detected_CRE	no_detected_CRE	no_detected_CRE	no_detected_CRE
DMEL_CRE_00225	no_detected_CRE	no_detected_CRE	present	no_detected_CRE	no_detected_CRE	no_detected_CRE	no_detected_CRE	no_detected_CRE	no_detected_CRE	no_detected_CRE	no_detected_CRE	no_detected_CRE	no_detected_CRE	no_detected_CRE	no_detected_CRE	turnover_candidate	no_detected_CRE	no_detected_CRE	no_detected_CRE	no_detected_CRE	no_detected_CRE	no_detected_CRE	no_detected_CRE	no_detected_CRE	no_detected_CRE	no_detected_CRE	uncertain	no_detected_CRE	no_detected_CRE	no_detected_CRE	no_detected_CRE	no_detected_CRE	no_detected_CRE	no_detected_CRE	no_detected_CRE	no_detected_CRE	no_detected_CRE	no_detected_CRE	present
DMEL_CRE_00226	no_detected_CRE	uncertain	no_detected_CRE	turnover_candidate	no_detected_CRE	no_detected_CRE	no_detected_CRE	no_detected_CRE	no_detected_CRE	no_detected_CRE	turnover_candidate	present	no_detected_CRE	turnover_candidate	no_detected_CRE	turnover_candidate	present	turnover_candidate	turnover_candidate	present	no_detected_CRE	no_detected_CRE	turnover_candidate	turnover_candidate	no_detected_CRE	present	turnover_candidate	no_detected_CRE	turnover_candidate	turnover_candidate	no_detected_CRE	turnover_candidate	no_detected_CRE	turnover_candidate	turnover_candidate	turnover_candidate	turnover_candidate	no_detected_CRE	no_detected_CRE
DMEL_CRE_00227	turnover_candidate	no_detected_CRE	no_detected_CRE	turnover_candidate	turnover_candidate	no_detected_CRE	turnover_candidate	no_detected_CRE	no_detected_CRE	turnover_candidate	no_detected_CRE	turnover_candidate	no_detected_CRE	turnover_candidate	no_detected_CRE	no_detected_CRE	turnover_candidate	turnover_candidate	present	turnover_candidate	no_detected_CRE	uncertain	no_detected_CRE	no_detected_CRE	turnover_candidate	turnover_candidate	no_detected_CRE	no_detected_CRE	no_detected_CRE	turnover_candidate	no_detected_CRE	turnover_candidate	no_detected_CRE	turnover_candidate	turnover_candidate	turnover_candidate	turnover_candidate	turnover_candidate	present
DMEL_CRE_00228	present	no_detected_CRE	no_detected_CRE	present	turnover_candidate	no_detected_CRE	turnover_candidate	no_detected_CRE	no_detected_CRE	turnover_candidate	no_detected_CRE	turnover_candidate	no_detected_CRE	turnover_candidate	no_detected_CRE	no_detected_CRE	turnover_candidate	turnover_candidate	present	present	no_detected_CRE	present	no_detected_CRE	no_detected_CRE	turnover_candidate	turnover_candidate	no_detected_CRE	no_detected_CRE	no_detected_CRE	turnover_candidate	no_detected_CRE	present	no_detected_CRE	turnover_candidate	turnover_candidate	turnover_candidate	turnover_candidate	present	present
DMEL_CRE_00229	no_detected_CRE	no_detected_CRE	no_detected_CRE	no_detected_CRE	uncertain	uncertain	uncertain	uncertain	no_detected_CRE	no_detected_CRE	uncertain	no_detected_CRE	no_detected_CRE	uncertain	no_detected_CRE	no_detected_CRE	no_detected_CRE	uncertain	turnover_candidate	no_detected_CRE	uncertain	uncertain	uncertain	uncertain	uncertain	no_detected_CRE	uncertain	no_detected_CRE	uncertain	uncertain	uncertain	uncertain	no_detected_CRE	uncertain	uncertain	uncertain	uncertain	no_detected_CRE	no_detected_CRE
DMEL_CRE_00230	no_detected_CRE	no_detected_CRE	no_detected_CRE	no_detected_CRE	present	turnover_candidate	turnover_candidate	no_detected_CRE	no_detected_CRE	present	present	turnover_candidate	present	no_detected_CRE	turnover_candidate	present	no_detected_CRE	no_detected_CRE	no_detected_CRE	turnover_candidate	turnover_candidate	no_detected_CRE	no_detected_CRE	no_detected_CRE	no_detected_CRE	no_detected_CRE	no_detected_CRE	no_detected_CRE	no_detected_CRE	turnover_candidate	turnover_candidate	no_detected_CRE	no_detected_CRE	present	turnover_candidate	no_detected_CRE	present	no_detected_CRE	no_detected_CRE
DMEL_CRE_00231	no_detected_CRE	no_detected_CRE	no_detected_CRE	no_detected_CRE	uncertain	uncertain	uncertain	uncertain	no_detected_CRE	turnover_candidate	uncertain	no_detected_CRE	present	no_detected_CRE	no_detected_CRE	no_detected_CRE	no_detected_CRE	uncertain	no_detected_CRE	no_detected_CRE	uncertain	uncertain	uncertain	uncertain	uncertain	present	uncertain	no_detected_CRE	uncertain	uncertain	uncertain	uncertain	no_detected_CRE	uncertain	uncertain	uncertain	uncertain	no_detected_CRE	no_detected_CRE
DMEL_CRE_00232	no_detected_CRE	no_detected_CRE	no_detected_CRE	no_detected_CRE	uncertain	no_detected_CRE	uncertain	no_detected_CRE	no_detected_CRE	no_detected_CRE	no_detected_CRE	turnover_candidate	turnover_candidate	no_detected_CRE	no_detected_CRE	no_detected_CRE	turnover_candidate	uncertain	turnover_candidate	turnover_candidate	uncertain	uncertain	no_detected_CRE	no_detected_CRE	uncertain	no_detected_CRE	no_detected_CRE	no_detected_CRE	no_detected_CRE	uncertain	no_detected_CRE	uncertain	turnover_candidate	no_detected_CRE	no_detected_CRE	uncertain	no_detected_CRE	no_detected_CRE	turnover_candidate
DMEL_CRE_00233	present	present	no_detected_CRE	present	no_detected_CRE	no_detected_CRE	present	no_detected_CRE	no_detected_CRE	present	present	present	present	present	no_detected_CRE	no_detected_CRE	present	present	no_detected_CRE	present	no_detected_CRE	present	present	no_detected_CRE	no_detected_CRE	no_detected_CRE	uncertain	present	uncertain	present	no_detected_CRE	present	no_detected_CRE	present	present	no_detected_CRE	present	no_detected_CRE	present
DMEL_CRE_00234	turnover_candidate	turnover_candidate	no_detected_CRE	turnover_candidate	uncertain	turnover_candidate	turnover_candidate	turnover_candidate	no_detected_CRE	turnover_candidate	turnover_candidate	turnover_candidate	turnover_candidate	turnover_candidate	turnover_candidate	no_detected_CRE	turnover_candidate	turnover_candidate	no_detected_CRE	turnover_candidate	uncertain	uncertain	present	turnover_candidate	no_detected_CRE	turnover_candidate	turnover_candidate	turnover_candidate	turnover_candidate	turnover_candidate	turnover_candidate	present	present	turnover_candidate	turnover_candidate	turnover_candidate	turnover_candidate	no_detected_CRE	present
DMEL_CRE_00235	no_detected_CRE	no_detected_CRE	no_detected_CRE	no_detected_CRE	uncertain	uncertain	uncertain	uncertain	no_detected_CRE	no_detected_CRE	uncertain	no_detected_CRE	no_detected_CRE	uncertain	no_detected_CRE	no_detected_CRE	no_detected_CRE	uncertain	no_detected_CRE	no_detected_CRE	uncertain	uncertain	uncertain	uncertain	uncertain	no_detected_CRE	uncertain	no_detected_CRE	uncertain	uncertain	uncertain	uncertain	present	uncertain	uncertain	uncertain	uncertain	present	present
DMEL_CRE_00236	present	no_detected_CRE	no_detected_CRE	present	uncertain	uncertain	uncertain	uncertain	no_detected_CRE	no_detected_CRE	uncertain	present	no_detected_CRE	uncertain	present	present	present	uncertain	present	present	uncertain	uncertain	uncertain	uncertain	uncertain	present	uncertain	no_detected_CRE	uncertain	uncertain	uncertain	uncertain	no_detected_CRE	uncertain	uncertain	uncertain	uncertain	no_detected_CRE	present
DMEL_CRE_00237	no_detected_CRE	present	no_detected_CRE	no_detected_CRE	present	uncertain	no_detected_CRE	uncertain	present	no_detected_CRE	uncertain	present	no_detected_CRE	uncertain	present	present	present	uncertain	no_detected_CRE	no_detected_CRE	present	uncertain	uncertain	uncertain	uncertain	no_detected_CRE	uncertain	present	uncertain	uncertain	uncertain	uncertain	no_detected_CRE	uncertain	uncertain	uncertain	uncertain	no_detected_CRE	present
DMEL_CRE_00238	no_detected_CRE	no_detected_CRE	no_detected_CRE	no_detected_CRE	no_detected_CRE	uncertain	uncertain	uncertain	no_detected_CRE	no_detected_CRE	uncertain	no_detected_CRE	no_detected_CRE	uncertain	no_detected_CRE	no_detected_CRE	no_detected_CRE	uncertain	no_detected_CRE	turnover_candidate	no_detected_CRE	uncertain	uncertain	uncertain	no_detected_CRE	no_detected_CRE	uncertain	no_detected_CRE	uncertain	uncertain	uncertain	uncertain	no_detected_CRE	uncertain	uncertain	no_detected_CRE	uncertain	turnover_candidate	present
DMEL_CRE_00239	no_detected_CRE	no_detected_CRE	no_detected_CRE	no_detected_CRE	no_detected_CRE	no_detected_CRE	no_detected_CRE	no_detected_CRE	no_detected_CRE	no_detected_CRE	no_detected_CRE	no_detected_CRE	present	no_detected_CRE	no_detected_CRE	no_detected_CRE	no_detected_CRE	no_detected_CRE	no_detected_CRE	present	no_detected_CRE	no_detected_CRE	no_detected_CRE	no_detected_CRE	no_detected_CRE	no_detected_CRE	no_detected_CRE	no_detected_CRE	no_detected_CRE	no_detected_CRE	no_detected_CRE	no_detected_CRE	no_detected_CRE	no_detected_CRE	no_detected_CRE	no_detected_CRE	no_detected_CRE	no_detected_CRE	no_detected_CRE
DMEL_CRE_00240	no_detected_CRE	no_detected_CRE	no_detected_CRE	no_detected_CRE	no_detected_CRE	no_detected_CRE	uncertain	no_detected_CRE	no_detected_CRE	no_detected_CRE	no_detected_CRE	no_detected_CRE	no_detected_CRE	no_detected_CRE	no_detected_CRE	no_detected_CRE	no_detected_CRE	no_detected_CRE	present	present	no_detected_CRE	no_detected_CRE	no_detected_CRE	no_detected_CRE	no_detected_CRE	no_detected_CRE	no_detected_CRE	no_detected_CRE	no_detected_CRE	no_detected_CRE	no_detected_CRE	no_detected_CRE	no_detected_CRE	no_detected_CRE	uncertain	no_detected_CRE	no_detected_CRE	no_detected_CRE	present
DMEL_CRE_00241	turnover_candidate	no_detected_CRE	present	no_detected_CRE	no_detected_CRE	turnover_candidate	no_detected_CRE	turnover_candidate	no_detected_CRE	turnover_candidate	no_detected_CRE	no_detected_CRE	no_detected_CRE	turnover_candidate	no_detected_CRE	no_detected_CRE	no_detected_CRE	no_detected_CRE	no_detected_CRE	present	no_detected_CRE	no_detected_CRE	no_detected_CRE	no_detected_CRE	no_detected_CRE	present	turnover_candidate	no_detected_CRE	no_detected_CRE	no_detected_CRE	no_detected_CRE	no_detected_CRE	present	no_detected_CRE	turnover_candidate	no_detected_CRE	no_detected_CRE	no_detected_CRE	present
DMEL_CRE_00242	no_detected_CRE	no_detected_CRE	turnover_candidate	no_detected_CRE	no_detected_CRE	uncertain	uncertain	uncertain	no_detected_CRE	turnover_candidate	uncertain	no_detected_CRE	no_detected_CRE	uncertain	no_detected_CRE	no_detected_CRE	no_detected_CRE	uncertain	no_detected_CRE	no_detected_CRE	no_detected_CRE	uncertain	uncertain	uncertain	present	no_detected_CRE	uncertain	no_detected_CRE	uncertain	uncertain	uncertain	uncertain	no_detected_CRE	uncertain	uncertain	uncertain	uncertain	no_detected_CRE	present
DMEL_CRE_00243	no_detected_CRE	no_detected_CRE	no_detected_CRE	turnover_candidate	no_detected_CRE	uncertain	uncertain	uncertain	no_detected_CRE	no_detected_CRE	uncertain	turnover_candidate	no_detected_CRE	uncertain	no_detected_CRE	no_detected_CRE	turnover_candidate	uncertain	no_detected_CRE	no_detected_CRE	no_detected_CRE	uncertain	uncertain	no_detected_CRE	uncertain	turnover_candidate	uncertain	no_detected_CRE	uncertain	no_detected_CRE	uncertain	uncertain	turnover_candidate	uncertain	uncertain	uncertain	uncertain	turnover_candidate	no_detected_CRE
DMEL_CRE_00244	no_detected_CRE	no_detected_CRE	no_detected_CRE	no_detected_CRE	uncertain	uncertain	turnover_candidate	uncertain	no_detected_CRE	no_detected_CRE	no_detected_CRE	no_detected_CRE	no_detected_CRE	uncertain	no_detected_CRE	no_detected_CRE	no_detected_CRE	no_detected_CRE	no_detected_CRE	no_detected_CRE	uncertain	no_detected_CRE	no_detected_CRE	no_detected_CRE	no_detected_CRE	no_detected_CRE	no_detected_CRE	no_detected_CRE	uncertain	no_detected_CRE	uncertain	no_detected_CRE	no_detected_CRE	uncertain	uncertain	uncertain	uncertain	no_detected_CRE	no_detected_CRE
DMEL_CRE_00245	no_detected_CRE	no_detected_CRE	no_detected_CRE	no_detected_CRE	no_detected_CRE	no_detected_CRE	turnover_candidate	turnover_candidate	no_detected_CRE	no_detected_CRE	no_detected_CRE	no_detected_CRE	no_detected_CRE	no_detected_CRE	no_detected_CRE	no_detected_CRE	no_detected_CRE	no_detected_CRE	no_detected_CRE	no_detected_CRE	no_detected_CRE	no_detected_CRE	no_detected_CRE	no_detected_CRE	no_detected_CRE	no_detected_CRE	no_detected_CRE	no_detected_CRE	no_detected_CRE	no_detected_CRE	no_detected_CRE	no_detected_CRE	no_detected_CRE	no_detected_CRE	no_detected_CRE	no_detected_CRE	no_detected_CRE	no_detected_CRE	no_detected_CRE
DMEL_CRE_00246	uncertain	no_detected_CRE	uncertain	uncertain	uncertain	uncertain	no_detected_CRE	uncertain	no_detected_CRE	no_detected_CRE	uncertain	no_detected_CRE	uncertain	uncertain	uncertain	uncertain	uncertain	uncertain	no_detected_CRE	no_detected_CRE	uncertain	uncertain	uncertain	uncertain	uncertain	uncertain	uncertain	uncertain	uncertain	no_detected_CRE	uncertain	uncertain	no_detected_CRE	uncertain	uncertain	uncertain	uncertain	uncertain	present
DMEL_CRE_00247	no_detected_CRE	no_detected_CRE	no_detected_CRE	no_detected_CRE	uncertain	uncertain	uncertain	uncertain	no_detected_CRE	no_detected_CRE	uncertain	no_detected_CRE	no_detected_CRE	uncertain	no_detected_CRE	no_detected_CRE	no_detected_CRE	uncertain	present	no_detected_CRE	uncertain	uncertain	uncertain	uncertain	uncertain	no_detected_CRE	uncertain	no_detected_CRE	uncertain	uncertain	uncertain	uncertain	present	uncertain	uncertain	uncertain	uncertain	no_detected_CRE	no_detected_CRE
DMEL_CRE_00248	no_detected_CRE	turnover_candidate	no_detected_CRE	no_detected_CRE	no_detected_CRE	no_detected_CRE	no_detected_CRE	no_detected_CRE	no_detected_CRE	no_detected_CRE	no_detected_CRE	no_detected_CRE	no_detected_CRE	turnover_candidate	turnover_candidate	no_detected_CRE	no_detected_CRE	no_detected_CRE	no_detected_CRE	present	no_detected_CRE	uncertain	no_detected_CRE	no_detected_CRE	turnover_candidate	turnover_candidate	no_detected_CRE	no_detected_CRE	no_detected_CRE	no_detected_CRE	no_detected_CRE	no_detected_CRE	turnover_candidate	no_detected_CRE	no_detected_CRE	no_detected_CRE	no_detected_CRE	no_detected_CRE	present
DMEL_CRE_00249	uncertain	no_detected_CRE	no_detected_CRE	no_detected_CRE	uncertain	uncertain	uncertain	uncertain	no_detected_CRE	no_detected_CRE	uncertain	no_detected_CRE	no_detected_CRE	uncertain	no_detected_CRE	no_detected_CRE	no_detected_CRE	uncertain	no_detected_CRE	no_detected_CRE	uncertain	uncertain	uncertain	uncertain	uncertain	no_detected_CRE	uncertain	no_detected_CRE	uncertain	uncertain	uncertain	uncertain	no_detected_CRE	uncertain	uncertain	uncertain	uncertain	no_detected_CRE	no_detected_CRE
DMEL_CRE_00250	no_detected_CRE	turnover_candidate	no_detected_CRE	no_detected_CRE	no_detected_CRE	no_detected_CRE	no_detected_CRE	uncertain	no_detected_CRE	no_detected_CRE	no_detected_CRE	no_detected_CRE	no_detected_CRE	no_detected_CRE	no_detected_CRE	no_detected_CRE	no_detected_CRE	no_detected_CRE	turnover_candidate	present	no_detected_CRE	no_detected_CRE	no_detected_CRE	no_detected_CRE	no_detected_CRE	no_detected_CRE	no_detected_CRE	no_detected_CRE	turnover_candidate	no_detected_CRE	no_detected_CRE	no_detected_CRE	present	no_detected_CRE	no_detected_CRE	no_detected_CRE	no_detected_CRE	no_detected_CRE	no_detected_CRE
DMEL_CRE_00251	no_detected_CRE	no_detected_CRE	no_detected_CRE	turnover_candidate	uncertain	uncertain	turnover_candidate	uncertain	no_detected_CRE	no_detected_CRE	uncertain	no_detected_CRE	no_detected_CRE	uncertain	no_detected_CRE	no_detected_CRE	no_detected_CRE	uncertain	no_detected_CRE	no_detected_CRE	uncertain	uncertain	uncertain	uncertain	uncertain	no_detected_CRE	uncertain	no_detected_CRE	uncertain	uncertain	uncertain	uncertain	no_detected_CRE	uncertain	uncertain	uncertain	uncertain	turnover_candidate	no_detected_CRE
DMEL_CRE_00252	no_detected_CRE	uncertain	turnover_candidate	no_detected_CRE	turnover_candidate	turnover_candidate	turnover_candidate	no_detected_CRE	no_detected_CRE	no_detected_CRE	turnover_candidate	no_detected_CRE	no_detected_CRE	turnover_candidate	no_detected_CRE	no_detected_CRE	no_detected_CRE	no_detected_CRE	turnover_candidate	no_detected_CRE	turnover_candidate	no_detected_CRE	turnover_candidate	turnover_candidate	no_detected_CRE	no_detected_CRE	uncertain	no_detected_CRE	no_detected_CRE	turnover_candidate	no_detected_CRE	turnover_candidate	no_detected_CRE	no_detected_CRE	turnover_candidate	no_detected_CRE	turnover_candidate	no_detected_CRE	present
DMEL_CRE_00253	no_detected_CRE	uncertain	no_detected_CRE	no_detected_CRE	uncertain	uncertain	uncertain	uncertain	no_detected_CRE	uncertain	uncertain	uncertain	uncertain	uncertain	uncertain	no_detected_CRE	uncertain	uncertain	no_detected_CRE	no_detected_CRE	uncertain	uncertain	uncertain	uncertain	uncertain	uncertain	uncertain	uncertain	uncertain	uncertain	uncertain	uncertain	no_detected_CRE	uncertain	uncertain	uncertain	uncertain	no_detected_CRE	no_detected_CRE
DMEL_CRE_00254	no_detected_CRE	uncertain	no_detected_CRE	no_detected_CRE	uncertain	uncertain	uncertain	uncertain	no_detected_CRE	no_detected_CRE	uncertain	no_detected_CRE	no_detected_CRE	uncertain	uncertain	no_detected_CRE	no_detected_CRE	uncertain	no_detected_CRE	no_detected_CRE	uncertain	uncertain	uncertain	uncertain	uncertain	no_detected_CRE	uncertain	uncertain	uncertain	uncertain	uncertain	uncertain	no_detected_CRE	uncertain	uncertain	uncertain	uncertain	uncertain	no_detected_CRE
DMEL_CRE_00255	present	present	no_detected_CRE	no_detected_CRE	present	turnover_candidate	no_detected_CRE	no_detected_CRE	no_detected_CRE	present	no_detected_CRE	present	present	uncertain	no_detected_CRE	no_detected_CRE	present	no_detected_CRE	no_detected_CRE	present	no_detected_CRE	present	no_detected_CRE	no_detected_CRE	turnover_candidate	present	present	no_detected_CRE	turnover_candidate	no_detected_CRE	turnover_candidate	present	no_detected_CRE	no_detected_CRE	turnover_candidate	present	turnover_candidate	present	present
DMEL_CRE_00256	turnover_candidate	turnover_candidate	no_detected_CRE	no_detected_CRE	uncertain	uncertain	uncertain	uncertain	no_detected_CRE	turnover_candidate	uncertain	turnover_candidate	turnover_candidate	uncertain	no_detected_CRE	no_detected_CRE	turnover_candidate	uncertain	no_detected_CRE	turnover_candidate	uncertain	uncertain	uncertain	uncertain	uncertain	turnover_candidate	uncertain	no_detected_CRE	uncertain	uncertain	uncertain	uncertain	no_detected_CRE	uncertain	uncertain	uncertain	uncertain	turnover_candidate	turnover_candidate
DMEL_CRE_00257	no_detected_CRE	no_detected_CRE	no_detected_CRE	no_detected_CRE	no_detected_CRE	no_detected_CRE	no_detected_CRE	no_detected_CRE	no_detected_CRE	no_detected_CRE	no_detected_CRE	no_detected_CRE	no_detected_CRE	no_detected_CRE	present	no_detected_CRE	no_detected_CRE	no_detected_CRE	no_detected_CRE	no_detected_CRE	no_detected_CRE	no_detected_CRE	no_detected_CRE	no_detected_CRE	no_detected_CRE	no_detected_CRE	uncertain	no_detected_CRE	no_detected_CRE	no_detected_CRE	no_detected_CRE	no_detected_CRE	present	no_detected_CRE	no_detected_CRE	no_detected_CRE	no_detected_CRE	no_detected_CRE	present
DMEL_CRE_00258	no_detected_CRE	no_detected_CRE	turnover_candidate	no_detected_CRE	turnover_candidate	no_detected_CRE	no_detected_CRE	no_detected_CRE	no_detected_CRE	no_detected_CRE	uncertain	no_detected_CRE	no_detected_CRE	no_detected_CRE	no_detected_CRE	no_detected_CRE	no_detected_CRE	no_detected_CRE	no_detected_CRE	no_detected_CRE	no_detected_CRE	uncertain	no_detected_CRE	no_detected_CRE	no_detected_CRE	no_detected_CRE	no_detected_CRE	no_detected_CRE	no_detected_CRE	uncertain	no_detected_CRE	uncertain	no_detected_CRE	uncertain	no_detected_CRE	uncertain	no_detected_CRE	turnover_candidate	no_detected_CRE
DMEL_CRE_00259	uncertain	no_detected_CRE	no_detected_CRE	no_detected_CRE	uncertain	no_detected_CRE	no_detected_CRE	no_detected_CRE	no_detected_CRE	no_detected_CRE	no_detected_CRE	no_detected_CRE	no_detected_CRE	uncertain	no_detected_CRE	no_detected_CRE	no_detected_CRE	no_detected_CRE	no_detected_CRE	no_detected_CRE	uncertain	no_detected_CRE	uncertain	uncertain	uncertain	no_detected_CRE	no_detected_CRE	no_detected_CRE	no_detected_CRE	no_detected_CRE	no_detected_CRE	no_detected_CRE	no_detected_CRE	no_detected_CRE	no_detected_CRE	no_detected_CRE	no_detected_CRE	no_detected_CRE	no_detected_CRE
DMEL_CRE_00260	uncertain	uncertain	uncertain	uncertain	uncertain	uncertain	uncertain	uncertain	uncertain	uncertain	uncertain	uncertain	uncertain	uncertain	uncertain	uncertain	uncertain	uncertain	no_detected_CRE	present	uncertain	uncertain	uncertain	uncertain	uncertain	uncertain	uncertain	uncertain	uncertain	uncertain	uncertain	uncertain	no_detected_CRE	uncertain	uncertain	uncertain	uncertain	uncertain	no_detected_CRE
DMEL_CRE_00261	uncertain	uncertain	uncertain	uncertain	uncertain	uncertain	uncertain	uncertain	uncertain	uncertain	uncertain	uncertain	uncertain	uncertain	uncertain	uncertain	uncertain	uncertain	no_detected_CRE	no_detected_CRE	uncertain	uncertain	uncertain	uncertain	uncertain	uncertain	uncertain	uncertain	uncertain	uncertain	uncertain	uncertain	no_detected_CRE	uncertain	uncertain	uncertain	uncertain	uncertain	no_detected_CRE
DMEL_CRE_00262	uncertain	uncertain	no_detected_CRE	no_detected_CRE	no_detected_CRE	uncertain	uncertain	uncertain	no_detected_CRE	no_detected_CRE	no_detected_CRE	no_detected_CRE	no_detected_CRE	no_detected_CRE	no_detected_CRE	no_detected_CRE	uncertain	uncertain	no_detected_CRE	no_detected_CRE	no_detected_CRE	uncertain	no_detected_CRE	no_detected_CRE	no_detected_CRE	uncertain	turnover_candidate	no_detected_CRE	no_detected_CRE	uncertain	no_detected_CRE	uncertain	no_detected_CRE	uncertain	no_detected_CRE	uncertain	uncertain	no_detected_CRE	present
DMEL_CRE_00263	no_detected_CRE	no_detected_CRE	no_detected_CRE	no_detected_CRE	no_detected_CRE	no_detected_CRE	no_detected_CRE	no_detected_CRE	turnover_candidate	no_detected_CRE	no_detected_CRE	no_detected_CRE	no_detected_CRE	no_detected_CRE	no_detected_CRE	no_detected_CRE	no_detected_CRE	no_detected_CRE	no_detected_CRE	no_detected_CRE	no_detected_CRE	no_detected_CRE	no_detected_CRE	no_detected_CRE	no_detected_CRE	no_detected_CRE	no_detected_CRE	no_detected_CRE	no_detected_CRE	no_detected_CRE	no_detected_CRE	no_detected_CRE	turnover_candidate	no_detected_CRE	no_detected_CRE	no_detected_CRE	no_detected_CRE	turnover_candidate	turnover_candidate
DMEL_CRE_00264	no_detected_CRE	no_detected_CRE	no_detected_CRE	no_detected_CRE	uncertain	uncertain	uncertain	uncertain	turnover_candidate	no_detected_CRE	uncertain	no_detected_CRE	no_detected_CRE	uncertain	no_detected_CRE	no_detected_CRE	no_detected_CRE	uncertain	no_detected_CRE	no_detected_CRE	uncertain	uncertain	uncertain	uncertain	uncertain	present	no_detected_CRE	no_detected_CRE	uncertain	uncertain	uncertain	uncertain	present	uncertain	uncertain	uncertain	uncertain	turnover_candidate	present
DMEL_CRE_00265	no_detected_CRE	turnover_candidate	no_detected_CRE	no_detected_CRE	no_detected_CRE	turnover_candidate	no_detected_CRE	no_detected_CRE	no_detected_CRE	turnover_candidate	turnover_candidate	turnover_candidate	turnover_candidate	no_detected_CRE	turnover_candidate	no_detected_CRE	turnover_candidate	turnover_candidate	no_detected_CRE	present	no_detected_CRE	no_detected_CRE	present	present	turnover_candidate	no_detected_CRE	turnover_candidate	no_detected_CRE	no_detected_CRE	no_detected_CRE	turnover_candidate	no_detected_CRE	turnover_candidate	uncertain	no_detected_CRE	no_detected_CRE	no_detected_CRE	no_detected_CRE	turnover_candidate
DMEL_CRE_00266	no_detected_CRE	present	no_detected_CRE	no_detected_CRE	no_detected_CRE	present	no_detected_CRE	no_detected_CRE	no_detected_CRE	present	present	no_detected_CRE	present	no_detected_CRE	present	no_detected_CRE	present	present	no_detected_CRE	present	no_detected_CRE	no_detected_CRE	no_detected_CRE	no_detected_CRE	no_detected_CRE	no_detected_CRE	no_detected_CRE	no_detected_CRE	no_detected_CRE	no_detected_CRE	no_detected_CRE	no_detected_CRE	present	no_detected_CRE	no_detected_CRE	no_detected_CRE	no_detected_CRE	no_detected_CRE	present
DMEL_CRE_00267	uncertain	turnover_candidate	no_detected_CRE	no_detected_CRE	uncertain	uncertain	uncertain	uncertain	no_detected_CRE	turnover_candidate	uncertain	turnover_candidate	turnover_candidate	uncertain	uncertain	no_detected_CRE	turnover_candidate	uncertain	turnover_candidate	turnover_candidate	uncertain	uncertain	uncertain	uncertain	uncertain	uncertain	uncertain	uncertain	uncertain	uncertain	uncertain	uncertain	turnover_candidate	uncertain	uncertain	uncertain	uncertain	no_detected_CRE	no_detected_CRE
DMEL_CRE_00268	no_detected_CRE	no_detected_CRE	no_detected_CRE	no_detected_CRE	no_detected_CRE	no_detected_CRE	no_detected_CRE	no_detected_CRE	no_detected_CRE	no_detected_CRE	no_detected_CRE	no_detected_CRE	no_detected_CRE	uncertain	no_detected_CRE	no_detected_CRE	no_detected_CRE	no_detected_CRE	no_detected_CRE	no_detected_CRE	no_detected_CRE	no_detected_CRE	uncertain	uncertain	uncertain	no_detected_CRE	uncertain	no_detected_CRE	no_detected_CRE	no_detected_CRE	no_detected_CRE	no_detected_CRE	no_detected_CRE	no_detected_CRE	no_detected_CRE	no_detected_CRE	no_detected_CRE	no_detected_CRE	no_detected_CRE
DMEL_CRE_00269	no_detected_CRE	present	no_detected_CRE	no_detected_CRE	present	no_detected_CRE	no_detected_CRE	no_detected_CRE	no_detected_CRE	present	turnover_candidate	no_detected_CRE	present	no_detected_CRE	turnover_candidate	no_detected_CRE	turnover_candidate	turnover_candidate	present	present	no_detected_CRE	no_detected_CRE	no_detected_CRE	turnover_candidate	turnover_candidate	no_detected_CRE	no_detected_CRE	no_detected_CRE	turnover_candidate	no_detected_CRE	turnover_candidate	no_detected_CRE	present	no_detected_CRE	no_detected_CRE	turnover_candidate	no_detected_CRE	present	present
DMEL_CRE_00270	no_detected_CRE	no_detected_CRE	no_detected_CRE	no_detected_CRE	no_detected_CRE	no_detected_CRE	no_detected_CRE	no_detected_CRE	no_detected_CRE	no_detected_CRE	no_detected_CRE	no_detected_CRE	no_detected_CRE	no_detected_CRE	no_detected_CRE	no_detected_CRE	no_detected_CRE	no_detected_CRE	no_detected_CRE	no_detected_CRE	no_detected_CRE	no_detected_CRE	no_detected_CRE	no_detected_CRE	no_detected_CRE	no_detected_CRE	no_detected_CRE	no_detected_CRE	no_detected_CRE	no_detected_CRE	no_detected_CRE	no_detected_CRE	no_detected_CRE	no_detected_CRE	no_detected_CRE	no_detected_CRE	no_detected_CRE	no_detected_CRE	no_detected_CRE
DMEL_CRE_00271	no_detected_CRE	uncertain	turnover_candidate	no_detected_CRE	uncertain	no_detected_CRE	no_detected_CRE	no_detected_CRE	no_detected_CRE	no_detected_CRE	no_detected_CRE	no_detected_CRE	no_detected_CRE	no_detected_CRE	no_detected_CRE	turnover_candidate	no_detected_CRE	no_detected_CRE	no_detected_CRE	no_detected_CRE	no_detected_CRE	no_detected_CRE	no_detected_CRE	no_detected_CRE	no_detected_CRE	no_detected_CRE	no_detected_CRE	no_detected_CRE	no_detected_CRE	no_detected_CRE	no_detected_CRE	no_detected_CRE	no_detected_CRE	no_detected_CRE	no_detected_CRE	no_detected_CRE	no_detected_CRE	no_detected_CRE	present
DMEL_CRE_00272	no_detected_CRE	no_detected_CRE	no_detected_CRE	turnover_candidate	uncertain	present	no_detected_CRE	present	no_detected_CRE	no_detected_CRE	present	no_detected_CRE	no_detected_CRE	turnover_candidate	uncertain	turnover_candidate	no_detected_CRE	present	no_detected_CRE	no_detected_CRE	uncertain	uncertain	uncertain	turnover_candidate	turnover_candidate	no_detected_CRE	no_detected_CRE	no_detected_CRE	no_detected_CRE	uncertain	no_detected_CRE	turnover_candidate	no_detected_CRE	turnover_candidate	no_detected_CRE	turnover_candidate	turnover_candidate	no_detected_CRE	no_detected_CRE
DMEL_CRE_00273	present	no_detected_CRE	present	present	present	turnover_candidate	no_detected_CRE	turnover_candidate	present	present	no_detected_CRE	present	no_detected_CRE	no_detected_CRE	present	present	no_detected_CRE	no_detected_CRE	present	present	present	no_detected_CRE	no_detected_CRE	no_detected_CRE	no_detected_CRE	no_detected_CRE	turnover_candidate	present	no_detected_CRE	turnover_candidate	no_detected_CRE	no_detected_CRE	present	turnover_candidate	no_detected_CRE	no_detected_CRE	no_detected_CRE	present	present
DMEL_CRE_00274	turnover_candidate	no_detected_CRE	no_detected_CRE	no_detected_CRE	uncertain	uncertain	uncertain	uncertain	turnover_candidate	uncertain	uncertain	turnover_candidate	uncertain	uncertain	no_detected_CRE	no_detected_CRE	turnover_candidate	uncertain	turnover_candidate	turnover_candidate	uncertain	uncertain	uncertain	uncertain	uncertain	turnover_candidate	uncertain	turnover_candidate	uncertain	uncertain	uncertain	uncertain	turnover_candidate	uncertain	uncertain	uncertain	uncertain	no_detected_CRE	turnover_candidate
DMEL_CRE_00275	turnover_candidate	turnover_candidate	turnover_candidate	turnover_candidate	turnover_candidate	turnover_candidate	turnover_candidate	turnover_candidate	turnover_candidate	turnover_candidate	turnover_candidate	turnover_candidate	present	turnover_candidate	present	turnover_candidate	turnover_candidate	turnover_candidate	turnover_candidate	present	no_detected_CRE	turnover_candidate	turnover_candidate	turnover_candidate	turnover_candidate	turnover_candidate	present	present	turnover_candidate	present	turnover_candidate	present	turnover_candidate	turnover_candidate	present	turnover_candidate	present	turnover_candidate	present
DMEL_CRE_00276	present	present	present	present	uncertain	uncertain	uncertain	uncertain	present	uncertain	uncertain	present	uncertain	uncertain	present	present	turnover_candidate	uncertain	present	present	uncertain	uncertain	uncertain	uncertain	uncertain	present	uncertain	turnover_candidate	uncertain	uncertain	uncertain	uncertain	present	uncertain	uncertain	uncertain	uncertain	present	present
DMEL_CRE_00277	present	turnover_candidate	present	present	uncertain	uncertain	turnover_candidate	uncertain	present	present	uncertain	present	present	uncertain	turnover_candidate	present	present	uncertain	present	present	uncertain	uncertain	uncertain	uncertain	uncertain	present	uncertain	turnover_candidate	uncertain	uncertain	uncertain	uncertain	present	uncertain	uncertain	uncertain	uncertain	present	present
DMEL_CRE_00278	present	present	present	present	present	present	present	present	present	present	present	present	present	turnover_candidate	present	present	present	present	present	present	present	present	turnover_candidate	present	turnover_candidate	present	present	present	turnover_candidate	present	present	present	present	turnover_candidate	present	present	turnover_candidate	present	present
DMEL_CRE_00279	no_detected_CRE	no_detected_CRE	no_detected_CRE	no_detected_CRE	present	turnover_candidate	turnover_candidate	no_detected_CRE	no_detected_CRE	no_detected_CRE	no_detected_CRE	no_detected_CRE	no_detected_CRE	no_detected_CRE	no_detected_CRE	turnover_candidate	no_detected_CRE	turnover_candidate	present	no_detected_CRE	no_detected_CRE	turnover_candidate	turnover_candidate	turnover_candidate	turnover_candidate	no_detected_CRE	uncertain	no_detected_CRE	no_detected_CRE	turnover_candidate	no_detected_CRE	no_detected_CRE	present	no_detected_CRE	no_detected_CRE	turnover_candidate	no_detected_CRE	no_detected_CRE	no_detected_CRE
DMEL_CRE_00280	no_detected_CRE	no_detected_CRE	no_detected_CRE	no_detected_CRE	no_detected_CRE	no_detected_CRE	no_detected_CRE	no_detected_CRE	no_detected_CRE	no_detected_CRE	no_detected_CRE	no_detected_CRE	uncertain	no_detected_CRE	no_detected_CRE	no_detected_CRE	no_detected_CRE	no_detected_CRE	no_detected_CRE	no_detected_CRE	no_detected_CRE	no_detected_CRE	no_detected_CRE	no_detected_CRE	no_detected_CRE	no_detected_CRE	no_detected_CRE	no_detected_CRE	no_detected_CRE	no_detected_CRE	no_detected_CRE	no_detected_CRE	no_detected_CRE	no_detected_CRE	no_detected_CRE	no_detected_CRE	no_detected_CRE	no_detected_CRE	no_detected_CRE
DMEL_CRE_00281	no_detected_CRE	no_detected_CRE	no_detected_CRE	no_detected_CRE	no_detected_CRE	no_detected_CRE	no_detected_CRE	no_detected_CRE	no_detected_CRE	no_detected_CRE	no_detected_CRE	no_detected_CRE	no_detected_CRE	no_detected_CRE	no_detected_CRE	no_detected_CRE	no_detected_CRE	no_detected_CRE	no_detected_CRE	no_detected_CRE	uncertain	no_detected_CRE	no_detected_CRE	no_detected_CRE	no_detected_CRE	no_detected_CRE	no_detected_CRE	no_detected_CRE	no_detected_CRE	no_detected_CRE	no_detected_CRE	no_detected_CRE	no_detected_CRE	no_detected_CRE	no_detected_CRE	no_detected_CRE	no_detected_CRE	no_detected_CRE	no_detected_CRE
DMEL_CRE_00282	no_detected_CRE	no_detected_CRE	no_detected_CRE	no_detected_CRE	no_detected_CRE	no_detected_CRE	no_detected_CRE	no_detected_CRE	no_detected_CRE	no_detected_CRE	no_detected_CRE	uncertain	no_detected_CRE	no_detected_CRE	no_detected_CRE	no_detected_CRE	uncertain	no_detected_CRE	no_detected_CRE	no_detected_CRE	no_detected_CRE	no_detected_CRE	no_detected_CRE	no_detected_CRE	no_detected_CRE	uncertain	uncertain	no_detected_CRE	no_detected_CRE	no_detected_CRE	no_detected_CRE	no_detected_CRE	no_detected_CRE	uncertain	no_detected_CRE	no_detected_CRE	no_detected_CRE	no_detected_CRE	no_detected_CRE
DMEL_CRE_00283	no_detected_CRE	no_detected_CRE	no_detected_CRE	no_detected_CRE	no_detected_CRE	no_detected_CRE	no_detected_CRE	no_detected_CRE	no_detected_CRE	no_detected_CRE	no_detected_CRE	uncertain	no_detected_CRE	no_detected_CRE	uncertain	no_detected_CRE	uncertain	no_detected_CRE	no_detected_CRE	no_detected_CRE	no_detected_CRE	no_detected_CRE	no_detected_CRE	no_detected_CRE	no_detected_CRE	no_detected_CRE	uncertain	no_detected_CRE	no_detected_CRE	no_detected_CRE	no_detected_CRE	uncertain	no_detected_CRE	uncertain	no_detected_CRE	no_detected_CRE	no_detected_CRE	no_detected_CRE	no_detected_CRE
DMEL_CRE_00284	no_detected_CRE	no_detected_CRE	no_detected_CRE	no_detected_CRE	no_detected_CRE	no_detected_CRE	no_detected_CRE	no_detected_CRE	no_detected_CRE	no_detected_CRE	no_detected_CRE	no_detected_CRE	no_detected_CRE	no_detected_CRE	uncertain	no_detected_CRE	uncertain	no_detected_CRE	no_detected_CRE	no_detected_CRE	no_detected_CRE	no_detected_CRE	no_detected_CRE	no_detected_CRE	no_detected_CRE	no_detected_CRE	uncertain	no_detected_CRE	no_detected_CRE	no_detected_CRE	no_detected_CRE	no_detected_CRE	no_detected_CRE	no_detected_CRE	no_detected_CRE	no_detected_CRE	uncertain	no_detected_CRE	no_detected_CRE
DMEL_CRE_00285	no_detected_CRE	no_detected_CRE	no_detected_CRE	no_detected_CRE	no_detected_CRE	no_detected_CRE	no_detected_CRE	no_detected_CRE	no_detected_CRE	no_detected_CRE	no_detected_CRE	no_detected_CRE	no_detected_CRE	no_detected_CRE	uncertain	no_detected_CRE	uncertain	no_detected_CRE	no_detected_CRE	no_detected_CRE	no_detected_CRE	no_detected_CRE	no_detected_CRE	no_detected_CRE	no_detected_CRE	no_detected_CRE	uncertain	uncertain	no_detected_CRE	no_detected_CRE	no_detected_CRE	no_detected_CRE	no_detected_CRE	no_detected_CRE	no_detected_CRE	no_detected_CRE	uncertain	no_detected_CRE	no_detected_CRE
DMEL_CRE_00286	no_detected_CRE	no_detected_CRE	no_detected_CRE	no_detected_CRE	no_detected_CRE	no_detected_CRE	no_detected_CRE	no_detected_CRE	no_detected_CRE	no_detected_CRE	no_detected_CRE	no_detected_CRE	no_detected_CRE	no_detected_CRE	no_detected_CRE	no_detected_CRE	uncertain	no_detected_CRE	no_detected_CRE	no_detected_CRE	no_detected_CRE	no_detected_CRE	no_detected_CRE	no_detected_CRE	no_detected_CRE	no_detected_CRE	uncertain	no_detected_CRE	no_detected_CRE	no_detected_CRE	no_detected_CRE	no_detected_CRE	no_detected_CRE	no_detected_CRE	no_detected_CRE	no_detected_CRE	no_detected_CRE	no_detected_CRE	no_detected_CRE
DMEL_CRE_00287	uncertain	uncertain	uncertain	uncertain	uncertain	uncertain	uncertain	uncertain	uncertain	uncertain	uncertain	uncertain	uncertain	uncertain	uncertain	uncertain	uncertain	uncertain	uncertain	uncertain	uncertain	uncertain	uncertain	uncertain	uncertain	uncertain	uncertain	uncertain	uncertain	uncertain	uncertain	uncertain	uncertain	uncertain	uncertain	uncertain	uncertain	uncertain	uncertain
DMEL_CRE_00288	no_detected_CRE	no_detected_CRE	no_detected_CRE	no_detected_CRE	uncertain	no_detected_CRE	no_detected_CRE	uncertain	no_detected_CRE	uncertain	uncertain	no_detected_CRE	uncertain	uncertain	present	no_detected_CRE	no_detected_CRE	uncertain	present	no_detected_CRE	uncertain	uncertain	uncertain	uncertain	uncertain	no_detected_CRE	uncertain	present	uncertain	uncertain	uncertain	uncertain	no_detected_CRE	uncertain	uncertain	uncertain	uncertain	no_detected_CRE	no_detected_CRE
DMEL_CRE_00289	uncertain	uncertain	no_detected_CRE	no_detected_CRE	uncertain	uncertain	uncertain	uncertain	no_detected_CRE	uncertain	uncertain	turnover_candidate	uncertain	uncertain	turnover_candidate	no_detected_CRE	uncertain	turnover_candidate	turnover_candidate	turnover_candidate	uncertain	no_detected_CRE	no_detected_CRE	turnover_candidate	uncertain	uncertain	uncertain	turnover_candidate	uncertain	uncertain	uncertain	turnover_candidate	turnover_candidate	uncertain	uncertain	turnover_candidate	uncertain	no_detected_CRE	no_detected_CRE
DMEL_CRE_00290	present	no_detected_CRE	no_detected_CRE	no_detected_CRE	no_detected_CRE	no_detected_CRE	no_detected_CRE	no_detected_CRE	no_detected_CRE	no_detected_CRE	no_detected_CRE	no_detected_CRE	no_detected_CRE	no_detected_CRE	no_detected_CRE	no_detected_CRE	no_detected_CRE	no_detected_CRE	no_detected_CRE	no_detected_CRE	no_detected_CRE	no_detected_CRE	no_detected_CRE	present	no_detected_CRE	no_detected_CRE	no_detected_CRE	no_detected_CRE	no_detected_CRE	no_detected_CRE	no_detected_CRE	no_detected_CRE	no_detected_CRE	no_detected_CRE	no_detected_CRE	no_detected_CRE	no_detected_CRE	no_detected_CRE	no_detected_CRE
DMEL_CRE_00291	no_detected_CRE	turnover_candidate	present	present	turnover_candidate	present	uncertain	present	no_detected_CRE	present	present	present	turnover_candidate	present	present	present	no_detected_CRE	present	present	present	turnover_candidate	present	no_detected_CRE	present	present	no_detected_CRE	present	present	present	present	present	present	present	turnover_candidate	present	present	present	present	present
DMEL_CRE_00292	no_detected_CRE	no_detected_CRE	turnover_candidate	turnover_candidate	turnover_candidate	present	turnover_candidate	turnover_candidate	turnover_candidate	present	no_detected_CRE	no_detected_CRE	uncertain	turnover_candidate	no_detected_CRE	no_detected_CRE	no_detected_CRE	turnover_candidate	present	present	turnover_candidate	no_detected_CRE	uncertain	no_detected_CRE	uncertain	no_detected_CRE	turnover_candidate	turnover_candidate	turnover_candidate	present	no_detected_CRE	no_detected_CRE	present	turnover_candidate	present	present	uncertain	turnover_candidate	present
DMEL_CRE_00293	no_detected_CRE	no_detected_CRE	no_detected_CRE	no_detected_CRE	no_detected_CRE	no_detected_CRE	no_detected_CRE	no_detected_CRE	no_detected_CRE	no_detected_CRE	no_detected_CRE	no_detected_CRE	no_detected_CRE	no_detected_CRE	no_detected_CRE	no_detected_CRE	no_detected_CRE	no_detected_CRE	no_detected_CRE	present	no_detected_CRE	no_detected_CRE	no_detected_CRE	no_detected_CRE	no_detected_CRE	present	no_detected_CRE	no_detected_CRE	no_detected_CRE	no_detected_CRE	no_detected_CRE	no_detected_CRE	no_detected_CRE	no_detected_CRE	no_detected_CRE	no_detected_CRE	no_detected_CRE	no_detected_CRE	present
DMEL_CRE_00294	turnover_candidate	turnover_candidate	turnover_candidate	turnover_candidate	turnover_candidate	uncertain	uncertain	uncertain	turnover_candidate	turnover_candidate	uncertain	turnover_candidate	turnover_candidate	uncertain	turnover_candidate	turnover_candidate	turnover_candidate	uncertain	turnover_candidate	turnover_candidate	turnover_candidate	uncertain	uncertain	uncertain	uncertain	turnover_candidate	uncertain	no_detected_CRE	uncertain	uncertain	uncertain	uncertain	turnover_candidate	uncertain	uncertain	uncertain	uncertain	turnover_candidate	turnover_candidate
DMEL_CRE_00295	present	no_detected_CRE	present	no_detected_CRE	present	present	present	present	present	no_detected_CRE	no_detected_CRE	no_detected_CRE	present	present	present	present	no_detected_CRE	present	present	present	present	no_detected_CRE	present	present	present	no_detected_CRE	no_detected_CRE	no_detected_CRE	present	no_detected_CRE	no_detected_CRE	no_detected_CRE	present	no_detected_CRE	no_detected_CRE	present	no_detected_CRE	present	present
DMEL_CRE_00296	turnover_candidate	turnover_candidate	no_detected_CRE	no_detected_CRE	turnover_candidate	no_detected_CRE	no_detected_CRE	no_detected_CRE	no_detected_CRE	no_detected_CRE	no_detected_CRE	turnover_candidate	no_detected_CRE	no_detected_CRE	no_detected_CRE	turnover_candidate	no_detected_CRE	no_detected_CRE	turnover_candidate	no_detected_CRE	turnover_candidate	no_detected_CRE	turnover_candidate	no_detected_CRE	turnover_candidate	turnover_candidate	no_detected_CRE	no_detected_CRE	no_detected_CRE	no_detected_CRE	no_detected_CRE	no_detected_CRE	no_detected_CRE	no_detected_CRE	no_detected_CRE	no_detected_CRE	no_detected_CRE	no_detected_CRE	no_detected_CRE
DMEL_CRE_00297	present	no_detected_CRE	no_detected_CRE	present	turnover_candidate	present	present	present	present	no_detected_CRE	present	turnover_candidate	no_detected_CRE	present	no_detected_CRE	present	no_detected_CRE	present	present	no_detected_CRE	present	no_detected_CRE	present	present	no_detected_CRE	turnover_candidate	no_detected_CRE	no_detected_CRE	no_detected_CRE	present	no_detected_CRE	present	present	turnover_candidate	no_detected_CRE	no_detected_CRE	no_detected_CRE	no_detected_CRE	present
DMEL_CRE_00298	no_detected_CRE	no_detected_CRE	present	no_detected_CRE	uncertain	uncertain	no_detected_CRE	uncertain	no_detected_CRE	no_detected_CRE	uncertain	no_detected_CRE	no_detected_CRE	uncertain	no_detected_CRE	no_detected_CRE	turnover_candidate	uncertain	no_detected_CRE	present	uncertain	no_detected_CRE	no_detected_CRE	uncertain	uncertain	no_detected_CRE	no_detected_CRE	no_detected_CRE	uncertain	no_detected_CRE	no_detected_CRE	uncertain	present	no_detected_CRE	no_detected_CRE	uncertain	no_detected_CRE	no_detected_CRE	present
DMEL_CRE_00299	present	turnover_candidate	no_detected_CRE	no_detected_CRE	no_detected_CRE	no_detected_CRE	no_detected_CRE	no_detected_CRE	no_detected_CRE	no_detected_CRE	no_detected_CRE	no_detected_CRE	turnover_candidate	no_detected_CRE	no_detected_CRE	no_detected_CRE	no_detected_CRE	no_detected_CRE	turnover_candidate	no_detected_CRE	uncertain	uncertain	no_detected_CRE	no_detected_CRE	no_detected_CRE	turnover_candidate	uncertain	turnover_candidate	uncertain	uncertain	uncertain	uncertain	no_detected_CRE	uncertain	uncertain	uncertain	uncertain	no_detected_CRE	present
DMEL_CRE_00300	no_detected_CRE	no_detected_CRE	no_detected_CRE	no_detected_CRE	uncertain	no_detected_CRE	uncertain	no_detected_CRE	no_detected_CRE	no_detected_CRE	no_detected_CRE	no_detected_CRE	no_detected_CRE	present	no_detected_CRE	no_detected_CRE	no_detected_CRE	turnover_candidate	no_detected_CRE	no_detected_CRE	no_detected_CRE	uncertain	uncertain	uncertain	no_detected_CRE	no_detected_CRE	no_detected_CRE	no_detected_CRE	no_detected_CRE	uncertain	no_detected_CRE	uncertain	no_detected_CRE	no_detected_CRE	no_detected_CRE	uncertain	no_detected_CRE	turnover_candidate	no_detected_CRE
DMEL_CRE_00301	uncertain	uncertain	no_detected_CRE	no_detected_CRE	uncertain	uncertain	uncertain	uncertain	no_detected_CRE	uncertain	uncertain	uncertain	uncertain	uncertain	no_detected_CRE	no_detected_CRE	uncertain	uncertain	no_detected_CRE	present	uncertain	uncertain	uncertain	uncertain	uncertain	uncertain	uncertain	no_detected_CRE	uncertain	uncertain	uncertain	uncertain	no_detected_CRE	uncertain	uncertain	uncertain	uncertain	no_detected_CRE	present
DMEL_CRE_00302	present	present	present	present	uncertain	uncertain	present	present	present	present	no_detected_CRE	present	present	uncertain	present	present	present	uncertain	present	present	uncertain	uncertain	no_detected_CRE	no_detected_CRE	no_detected_CRE	present	present	present	uncertain	uncertain	uncertain	uncertain	present	no_detected_CRE	present	uncertain	no_detected_CRE	present	present
DMEL_CRE_00303	turnover_candidate	no_detected_CRE	no_detected_CRE	no_detected_CRE	uncertain	uncertain	uncertain	uncertain	turnover_candidate	turnover_candidate	uncertain	no_detected_CRE	turnover_candidate	uncertain	present	no_detected_CRE	no_detected_CRE	uncertain	turnover_candidate	no_detected_CRE	uncertain	turnover_candidate	uncertain	uncertain	uncertain	no_detected_CRE	uncertain	no_detected_CRE	uncertain	no_detected_CRE	uncertain	no_detected_CRE	turnover_candidate	uncertain	uncertain	no_detected_CRE	no_detected_CRE	turnover_candidate	turnover_candidate
DMEL_CRE_00304	turnover_candidate	no_detected_CRE	no_detected_CRE	turnover_candidate	no_detected_CRE	turnover_candidate	turnover_candidate	turnover_candidate	turnover_candidate	turnover_candidate	no_detected_CRE	no_detected_CRE	turnover_candidate	turnover_candidate	turnover_candidate	no_detected_CRE	no_detected_CRE	turnover_candidate	present	no_detected_CRE	no_detected_CRE	no_detected_CRE	turnover_candidate	turnover_candidate	turnover_candidate	no_detected_CRE	no_detected_CRE	turnover_candidate	no_detected_CRE	no_detected_CRE	turnover_candidate	no_detected_CRE	no_detected_CRE	no_detected_CRE	no_detected_CRE	no_detected_CRE	no_detected_CRE	turnover_candidate	present
DMEL_CRE_00305	present	no_detected_CRE	no_detected_CRE	no_detected_CRE	uncertain	uncertain	uncertain	uncertain	no_detected_CRE	turnover_candidate	no_detected_CRE	no_detected_CRE	uncertain	uncertain	no_detected_CRE	no_detected_CRE	no_detected_CRE	uncertain	no_detected_CRE	no_detected_CRE	uncertain	uncertain	uncertain	no_detected_CRE	no_detected_CRE	present	no_detected_CRE	no_detected_CRE	uncertain	uncertain	uncertain	uncertain	no_detected_CRE	uncertain	uncertain	uncertain	no_detected_CRE	no_detected_CRE	no_detected_CRE
DMEL_CRE_00306	no_detected_CRE	no_detected_CRE	no_detected_CRE	no_detected_CRE	present	no_detected_CRE	no_detected_CRE	no_detected_CRE	no_detected_CRE	no_detected_CRE	no_detected_CRE	no_detected_CRE	no_detected_CRE	no_detected_CRE	no_detected_CRE	no_detected_CRE	no_detected_CRE	no_detected_CRE	present	no_detected_CRE	turnover_candidate	present	no_detected_CRE	present	turnover_candidate	no_detected_CRE	present	no_detected_CRE	present	present	present	present	no_detected_CRE	no_detected_CRE	present	present	turnover_candidate	no_detected_CRE	no_detected_CRE
DMEL_CRE_00307	uncertain	uncertain	no_detected_CRE	no_detected_CRE	uncertain	uncertain	uncertain	uncertain	uncertain	uncertain	uncertain	no_detected_CRE	uncertain	uncertain	uncertain	no_detected_CRE	uncertain	uncertain	no_detected_CRE	no_detected_CRE	uncertain	no_detected_CRE	uncertain	uncertain	uncertain	uncertain	no_detected_CRE	no_detected_CRE	no_detected_CRE	uncertain	uncertain	uncertain	no_detected_CRE	uncertain	uncertain	no_detected_CRE	uncertain	uncertain	no_detected_CRE
DMEL_CRE_00308	present	present	no_detected_CRE	no_detected_CRE	no_detected_CRE	no_detected_CRE	no_detected_CRE	no_detected_CRE	no_detected_CRE	no_detected_CRE	no_detected_CRE	no_detected_CRE	no_detected_CRE	no_detected_CRE	no_detected_CRE	no_detected_CRE	no_detected_CRE	no_detected_CRE	present	no_detected_CRE	no_detected_CRE	no_detected_CRE	no_detected_CRE	no_detected_CRE	no_detected_CRE	no_detected_CRE	uncertain	no_detected_CRE	no_detected_CRE	no_detected_CRE	no_detected_CRE	no_detected_CRE	present	no_detected_CRE	no_detected_CRE	turnover_candidate	no_detected_CRE	no_detected_CRE	present
DMEL_CRE_00309	present	turnover_candidate	turnover_candidate	turnover_candidate	uncertain	no_detected_CRE	turnover_candidate	uncertain	no_detected_CRE	turnover_candidate	no_detected_CRE	turnover_candidate	turnover_candidate	uncertain	turnover_candidate	no_detected_CRE	present	no_detected_CRE	no_detected_CRE	no_detected_CRE	turnover_candidate	uncertain	uncertain	turnover_candidate	turnover_candidate	turnover_candidate	no_detected_CRE	turnover_candidate	uncertain	uncertain	uncertain	uncertain	no_detected_CRE	turnover_candidate	uncertain	uncertain	uncertain	no_detected_CRE	no_detected_CRE
DMEL_CRE_00310	turnover_candidate	present	present	present	uncertain	turnover_candidate	turnover_candidate	turnover_candidate	present	present	turnover_candidate	present	present	turnover_candidate	present	present	present	turnover_candidate	present	present	uncertain	uncertain	uncertain	uncertain	turnover_candidate	present	present	turnover_candidate	turnover_candidate	uncertain	turnover_candidate	present	turnover_candidate	turnover_candidate	turnover_candidate	present	turnover_candidate	present	turnover_candidate
DMEL_CRE_00311	present	present	turnover_candidate	turnover_candidate	present	present	present	present	present	present	present	present	present	present	present	present	present	present	present	present	present	turnover_candidate	turnover_candidate	present	turnover_candidate	present	present	present	present	present	present	present	present	present	present	present	present	turnover_candidate	present
DMEL_CRE_00312	no_detected_CRE	no_detected_CRE	no_detected_CRE	no_detected_CRE	uncertain	no_detected_CRE	no_detected_CRE	no_detected_CRE	no_detected_CRE	no_detected_CRE	no_detected_CRE	no_detected_CRE	no_detected_CRE	no_detected_CRE	no_detected_CRE	no_detected_CRE	no_detected_CRE	no_detected_CRE	turnover_candidate	no_detected_CRE	uncertain	no_detected_CRE	turnover_candidate	uncertain	uncertain	no_detected_CRE	no_detected_CRE	no_detected_CRE	no_detected_CRE	no_detected_CRE	no_detected_CRE	no_detected_CRE	no_detected_CRE	no_detected_CRE	no_detected_CRE	no_detected_CRE	no_detected_CRE	no_detected_CRE	no_detected_CRE
DMEL_CRE_00313	turnover_candidate	no_detected_CRE	turnover_candidate	turnover_candidate	uncertain	no_detected_CRE	no_detected_CRE	no_detected_CRE	turnover_candidate	turnover_candidate	turnover_candidate	no_detected_CRE	turnover_candidate	no_detected_CRE	turnover_candidate	turnover_candidate	no_detected_CRE	no_detected_CRE	no_detected_CRE	no_detected_CRE	uncertain	no_detected_CRE	turnover_candidate	turnover_candidate	turnover_candidate	no_detected_CRE	no_detected_CRE	turnover_candidate	no_detected_CRE	no_detected_CRE	no_detected_CRE	no_detected_CRE	no_detected_CRE	no_detected_CRE	no_detected_CRE	no_detected_CRE	no_detected_CRE	turnover_candidate	no_detected_CRE
DMEL_CRE_00314	turnover_candidate	turnover_candidate	no_detected_CRE	no_detected_CRE	no_detected_CRE	no_detected_CRE	uncertain	no_detected_CRE	no_detected_CRE	no_detected_CRE	uncertain	no_detected_CRE	no_detected_CRE	no_detected_CRE	no_detected_CRE	no_detected_CRE	no_detected_CRE	no_detected_CRE	no_detected_CRE	no_detected_CRE	no_detected_CRE	no_detected_CRE	uncertain	uncertain	uncertain	turnover_candidate	uncertain	no_detected_CRE	no_detected_CRE	uncertain	uncertain	no_detected_CRE	no_detected_CRE	uncertain	uncertain	uncertain	uncertain	no_detected_CRE	no_detected_CRE
DMEL_CRE_00315	present	no_detected_CRE	no_detected_CRE	no_detected_CRE	uncertain	uncertain	no_detected_CRE	uncertain	turnover_candidate	turnover_candidate	no_detected_CRE	turnover_candidate	turnover_candidate	turnover_candidate	turnover_candidate	no_detected_CRE	no_detected_CRE	uncertain	turnover_candidate	no_detected_CRE	turnover_candidate	uncertain	uncertain	turnover_candidate	no_detected_CRE	present	uncertain	no_detected_CRE	uncertain	uncertain	uncertain	turnover_candidate	no_detected_CRE	no_detected_CRE	uncertain	uncertain	uncertain	no_detected_CRE	no_detected_CRE
DMEL_CRE_00316	turnover_candidate	uncertain	no_detected_CRE	no_detected_CRE	uncertain	uncertain	uncertain	uncertain	no_detected_CRE	uncertain	uncertain	uncertain	uncertain	uncertain	uncertain	no_detected_CRE	uncertain	uncertain	no_detected_CRE	present	uncertain	uncertain	uncertain	uncertain	uncertain	no_detected_CRE	uncertain	present	uncertain	uncertain	uncertain	uncertain	no_detected_CRE	uncertain	uncertain	uncertain	uncertain	turnover_candidate	present
DMEL_CRE_00317	no_detected_CRE	uncertain	no_detected_CRE	turnover_candidate	no_detected_CRE	uncertain	uncertain	uncertain	turnover_candidate	no_detected_CRE	uncertain	no_detected_CRE	uncertain	uncertain	no_detected_CRE	no_detected_CRE	no_detected_CRE	uncertain	no_detected_CRE	no_detected_CRE	uncertain	uncertain	uncertain	uncertain	uncertain	no_detected_CRE	uncertain	no_detected_CRE	uncertain	uncertain	uncertain	uncertain	no_detected_CRE	uncertain	uncertain	uncertain	uncertain	no_detected_CRE	no_detected_CRE
DMEL_CRE_00318	turnover_candidate	no_detected_CRE	turnover_candidate	turnover_candidate	no_detected_CRE	turnover_candidate	turnover_candidate	no_detected_CRE	turnover_candidate	turnover_candidate	turnover_candidate	turnover_candidate	turnover_candidate	turnover_candidate	turnover_candidate	turnover_candidate	turnover_candidate	turnover_candidate	no_detected_CRE	turnover_candidate	no_detected_CRE	turnover_candidate	turnover_candidate	turnover_candidate	turnover_candidate	turnover_candidate	turnover_candidate	turnover_candidate	turnover_candidate	turnover_candidate	turnover_candidate	turnover_candidate	no_detected_CRE	turnover_candidate	turnover_candidate	turnover_candidate	turnover_candidate	turnover_candidate	present
DMEL_CRE_00319	present	present	present	present	no_detected_CRE	present	present	present	present	present	no_detected_CRE	present	present	no_detected_CRE	present	present	present	present	no_detected_CRE	present	uncertain	uncertain	no_detected_CRE	no_detected_CRE	no_detected_CRE	no_detected_CRE	no_detected_CRE	present	no_detected_CRE	uncertain	no_detected_CRE	no_detected_CRE	present	present	present	present	present	present	present
DMEL_CRE_00320	no_detected_CRE	no_detected_CRE	no_detected_CRE	no_detected_CRE	no_detected_CRE	no_detected_CRE	no_detected_CRE	no_detected_CRE	no_detected_CRE	no_detected_CRE	no_detected_CRE	no_detected_CRE	no_detected_CRE	no_detected_CRE	no_detected_CRE	no_detected_CRE	no_detected_CRE	no_detected_CRE	no_detected_CRE	no_detected_CRE	no_detected_CRE	no_detected_CRE	no_detected_CRE	no_detected_CRE	no_detected_CRE	no_detected_CRE	no_detected_CRE	no_detected_CRE	no_detected_CRE	no_detected_CRE	no_detected_CRE	no_detected_CRE	no_detected_CRE	no_detected_CRE	no_detected_CRE	no_detected_CRE	no_detected_CRE	no_detected_CRE	no_detected_CRE
DMEL_CRE_00321	present	no_detected_CRE	present	turnover_candidate	no_detected_CRE	uncertain	uncertain	uncertain	turnover_candidate	present	uncertain	no_detected_CRE	turnover_candidate	uncertain	turnover_candidate	turnover_candidate	turnover_candidate	uncertain	no_detected_CRE	present	turnover_candidate	uncertain	uncertain	uncertain	uncertain	turnover_candidate	uncertain	present	uncertain	uncertain	uncertain	uncertain	no_detected_CRE	uncertain	uncertain	uncertain	uncertain	turnover_candidate	no_detected_CRE
DMEL_CRE_00322	no_detected_CRE	no_detected_CRE	no_detected_CRE	no_detected_CRE	uncertain	uncertain	uncertain	uncertain	no_detected_CRE	no_detected_CRE	uncertain	no_detected_CRE	no_detected_CRE	uncertain	turnover_candidate	no_detected_CRE	no_detected_CRE	no_detected_CRE	no_detected_CRE	no_detected_CRE	uncertain	no_detected_CRE	uncertain	uncertain	uncertain	no_detected_CRE	uncertain	turnover_candidate	uncertain	no_detected_CRE	uncertain	no_detected_CRE	no_detected_CRE	uncertain	uncertain	no_detected_CRE	no_detected_CRE	no_detected_CRE	no_detected_CRE
DMEL_CRE_00323	uncertain	uncertain	turnover_candidate	turnover_candidate	uncertain	uncertain	no_detected_CRE	uncertain	turnover_candidate	uncertain	uncertain	uncertain	uncertain	uncertain	no_detected_CRE	no_detected_CRE	uncertain	uncertain	no_detected_CRE	turnover_candidate	uncertain	uncertain	uncertain	uncertain	uncertain	uncertain	uncertain	no_detected_CRE	uncertain	uncertain	uncertain	uncertain	no_detected_CRE	uncertain	uncertain	no_detected_CRE	uncertain	uncertain	present
DMEL_CRE_00324	present	no_detected_CRE	present	turnover_candidate	uncertain	no_detected_CRE	no_detected_CRE	no_detected_CRE	no_detected_CRE	no_detected_CRE	no_detected_CRE	no_detected_CRE	present	no_detected_CRE	no_detected_CRE	present	present	no_detected_CRE	present	no_detected_CRE	uncertain	no_detected_CRE	no_detected_CRE	no_detected_CRE	no_detected_CRE	no_detected_CRE	no_detected_CRE	no_detected_CRE	no_detected_CRE	no_detected_CRE	no_detected_CRE	no_detected_CRE	present	no_detected_CRE	no_detected_CRE	no_detected_CRE	no_detected_CRE	no_detected_CRE	no_detected_CRE
DMEL_CRE_00325	no_detected_CRE	no_detected_CRE	no_detected_CRE	no_detected_CRE	no_detected_CRE	no_detected_CRE	no_detected_CRE	no_detected_CRE	no_detected_CRE	no_detected_CRE	no_detected_CRE	no_detected_CRE	no_detected_CRE	no_detected_CRE	no_detected_CRE	no_detected_CRE	no_detected_CRE	no_detected_CRE	no_detected_CRE	present	no_detected_CRE	no_detected_CRE	no_detected_CRE	no_detected_CRE	no_detected_CRE	no_detected_CRE	no_detected_CRE	no_detected_CRE	no_detected_CRE	no_detected_CRE	uncertain	no_detected_CRE	no_detected_CRE	no_detected_CRE	no_detected_CRE	no_detected_CRE	no_detected_CRE	no_detected_CRE	present
DMEL_CRE_00326	no_detected_CRE	no_detected_CRE	no_detected_CRE	no_detected_CRE	uncertain	no_detected_CRE	no_detected_CRE	no_detected_CRE	no_detected_CRE	no_detected_CRE	no_detected_CRE	no_detected_CRE	no_detected_CRE	no_detected_CRE	no_detected_CRE	no_detected_CRE	no_detected_CRE	no_detected_CRE	no_detected_CRE	no_detected_CRE	uncertain	no_detected_CRE	no_detected_CRE	no_detected_CRE	uncertain	no_detected_CRE	no_detected_CRE	no_detected_CRE	no_detected_CRE	no_detected_CRE	no_detected_CRE	no_detected_CRE	no_detected_CRE	no_detected_CRE	no_detected_CRE	no_detected_CRE	no_detected_CRE	no_detected_CRE	no_detected_CRE
DMEL_CRE_00327	no_detected_CRE	no_detected_CRE	no_detected_CRE	no_detected_CRE	no_detected_CRE	no_detected_CRE	no_detected_CRE	no_detected_CRE	no_detected_CRE	no_detected_CRE	no_detected_CRE	no_detected_CRE	no_detected_CRE	no_detected_CRE	no_detected_CRE	no_detected_CRE	no_detected_CRE	no_detected_CRE	no_detected_CRE	no_detected_CRE	no_detected_CRE	no_detected_CRE	no_detected_CRE	no_detected_CRE	no_detected_CRE	no_detected_CRE	no_detected_CRE	no_detected_CRE	no_detected_CRE	no_detected_CRE	no_detected_CRE	no_detected_CRE	no_detected_CRE	no_detected_CRE	no_detected_CRE	no_detected_CRE	no_detected_CRE	no_detected_CRE	no_detected_CRE
DMEL_CRE_00328	turnover_candidate	no_detected_CRE	present	present	uncertain	uncertain	uncertain	uncertain	present	no_detected_CRE	uncertain	turnover_candidate	no_detected_CRE	no_detected_CRE	present	present	no_detected_CRE	uncertain	no_detected_CRE	no_detected_CRE	uncertain	uncertain	uncertain	uncertain	uncertain	turnover_candidate	uncertain	present	uncertain	uncertain	uncertain	uncertain	no_detected_CRE	no_detected_CRE	turnover_candidate	uncertain	no_detected_CRE	present	no_detected_CRE
DMEL_CRE_00329	no_detected_CRE	present	no_detected_CRE	no_detected_CRE	turnover_candidate	turnover_candidate	no_detected_CRE	turnover_candidate	no_detected_CRE	present	no_detected_CRE	present	present	no_detected_CRE	no_detected_CRE	turnover_candidate	no_detected_CRE	no_detected_CRE	no_detected_CRE	no_detected_CRE	turnover_candidate	no_detected_CRE	no_detected_CRE	no_detected_CRE	no_detected_CRE	present	present	no_detected_CRE	no_detected_CRE	present	no_detected_CRE	present	present	turnover_candidate	no_detected_CRE	present	present	no_detected_CRE	no_detected_CRE
DMEL_CRE_00330	turnover_candidate	turnover_candidate	present	present	turnover_candidate	turnover_candidate	uncertain	turnover_candidate	present	present	turnover_candidate	turnover_candidate	present	turnover_candidate	no_detected_CRE	present	turnover_candidate	turnover_candidate	present	present	turnover_candidate	turnover_candidate	uncertain	turnover_candidate	turnover_candidate	present	turnover_candidate	no_detected_CRE	turnover_candidate	turnover_candidate	turnover_candidate	uncertain	turnover_candidate	uncertain	turnover_candidate	turnover_candidate	uncertain	turnover_candidate	present
DMEL_CRE_00331	turnover_candidate	turnover_candidate	turnover_candidate	turnover_candidate	present	present	present	present	turnover_candidate	present	turnover_candidate	turnover_candidate	present	present	no_detected_CRE	turnover_candidate	turnover_candidate	turnover_candidate	present	present	present	present	turnover_candidate	turnover_candidate	present	present	turnover_candidate	no_detected_CRE	present	present	turnover_candidate	present	turnover_candidate	turnover_candidate	turnover_candidate	present	turnover_candidate	present	present
DMEL_CRE_00332	turnover_candidate	no_detected_CRE	no_detected_CRE	turnover_candidate	uncertain	turnover_candidate	turnover_candidate	turnover_candidate	no_detected_CRE	no_detected_CRE	no_detected_CRE	no_detected_CRE	turnover_candidate	present	turnover_candidate	no_detected_CRE	no_detected_CRE	uncertain	no_detected_CRE	present	uncertain	no_detected_CRE	no_detected_CRE	no_detected_CRE	no_detected_CRE	turnover_candidate	uncertain	present	uncertain	turnover_candidate	uncertain	present	present	uncertain	uncertain	turnover_candidate	uncertain	turnover_candidate	present
DMEL_CRE_00333	turnover_candidate	no_detected_CRE	no_detected_CRE	turnover_candidate	turnover_candidate	uncertain	uncertain	uncertain	no_detected_CRE	no_detected_CRE	uncertain	no_detected_CRE	present	uncertain	uncertain	no_detected_CRE	turnover_candidate	uncertain	no_detected_CRE	present	turnover_candidate	uncertain	uncertain	uncertain	uncertain	turnover_candidate	uncertain	uncertain	uncertain	uncertain	uncertain	uncertain	turnover_candidate	uncertain	uncertain	uncertain	uncertain	no_detected_CRE	present
DMEL_CRE_00334	no_detected_CRE	no_detected_CRE	no_detected_CRE	no_detected_CRE	uncertain	uncertain	uncertain	uncertain	no_detected_CRE	uncertain	uncertain	uncertain	uncertain	uncertain	no_detected_CRE	no_detected_CRE	uncertain	uncertain	no_detected_CRE	no_detected_CRE	uncertain	no_detected_CRE	uncertain	uncertain	uncertain	uncertain	uncertain	no_detected_CRE	uncertain	no_detected_CRE	uncertain	uncertain	no_detected_CRE	no_detected_CRE	uncertain	uncertain	no_detected_CRE	no_detected_CRE	no_detected_CRE
DMEL_CRE_00335	no_detected_CRE	no_detected_CRE	no_detected_CRE	no_detected_CRE	no_detected_CRE	turnover_candidate	no_detected_CRE	turnover_candidate	no_detected_CRE	no_detected_CRE	uncertain	no_detected_CRE	turnover_candidate	no_detected_CRE	no_detected_CRE	no_detected_CRE	no_detected_CRE	turnover_candidate	no_detected_CRE	no_detected_CRE	turnover_candidate	no_detected_CRE	no_detected_CRE	no_detected_CRE	no_detected_CRE	turnover_candidate	uncertain	no_detected_CRE	no_detected_CRE	no_detected_CRE	no_detected_CRE	no_detected_CRE	no_detected_CRE	turnover_candidate	no_detected_CRE	turnover_candidate	turnover_candidate	no_detected_CRE	no_detected_CRE
DMEL_CRE_00336	no_detected_CRE	no_detected_CRE	no_detected_CRE	no_detected_CRE	uncertain	no_detected_CRE	no_detected_CRE	no_detected_CRE	no_detected_CRE	no_detected_CRE	no_detected_CRE	no_detected_CRE	no_detected_CRE	no_detected_CRE	no_detected_CRE	no_detected_CRE	no_detected_CRE	no_detected_CRE	no_detected_CRE	no_detected_CRE	uncertain	no_detected_CRE	no_detected_CRE	no_detected_CRE	uncertain	no_detected_CRE	no_detected_CRE	no_detected_CRE	no_detected_CRE	no_detected_CRE	no_detected_CRE	no_detected_CRE	no_detected_CRE	no_detected_CRE	no_detected_CRE	no_detected_CRE	no_detected_CRE	no_detected_CRE	present
DMEL_CRE_00337	turnover_candidate	no_detected_CRE	no_detected_CRE	no_detected_CRE	present	no_detected_CRE	uncertain	no_detected_CRE	no_detected_CRE	turnover_candidate	turnover_candidate	turnover_candidate	turnover_candidate	no_detected_CRE	turnover_candidate	no_detected_CRE	no_detected_CRE	no_detected_CRE	no_detected_CRE	no_detected_CRE	turnover_candidate	turnover_candidate	no_detected_CRE	uncertain	no_detected_CRE	turnover_candidate	turnover_candidate	no_detected_CRE	turnover_candidate	turnover_candidate	turnover_candidate	turnover_candidate	present	uncertain	turnover_candidate	turnover_candidate	uncertain	no_detected_CRE	no_detected_CRE
